{"content":[{"id":"4de76a15","settings":{"flex_direction":"column","content_width":"full","width":{"unit":"%","size":100},"boxed_width":{"unit":"px","size":824,"sizes":[]},"flex_justify_content":"center","flex_align_items":"center","_flex_align_self":"center","_flex_size":"none","_element_width":"initial","flex_gap":{"unit":"px","size":0,"sizes":[]},"background_background":"classic","__globals__":{"background_color":"globals\/colors?id=b97fcda"}},"elements":[{"id":"2819adcf","settings":{"marker":"curly","before_text":"Find Your ","highlighted_text":"Favorite ","rotating_text":"Better\nBigger\nFaster","after_text":"Meal Plan!","highlight_animation_duration":3000,"tag":"h2","marker_color":"#99CA3C","stroke_width":{"unit":"px","size":10,"sizes":[]},"rounded_edges":"yes","title_color":"#303C4B","title_typography_typography":"custom","title_typography_font_family":"Poppins","title_typography_font_size":{"unit":"px","size":20,"sizes":[]},"title_typography_font_weight":"700","title_typography_text_transform":"capitalize","title_typography_text_decoration":"none","title_typography_line_height":{"unit":"em","size":1.6,"sizes":[]},"title_typography_letter_spacing":{"unit":"px","size":0,"sizes":[]},"_flex_align_self":"center","_flex_order_mobile":"start","_flex_size":"none","__globals__":{"marker_color":"globals\/colors?id=42c0f4b","title_color":"globals\/colors?id=secondary","title_typography_typography":"globals\/typography?id=secondary","words_color":"globals\/colors?id=42c0f4b","words_typography_typography":""},"title_typography_font_style":"normal","words_color":"#99CA3C","words_typography_typography":"custom","words_typography_font_weight":"700","words_typography_text_transform":"capitalize","words_typography_font_style":"normal","words_typography_text_decoration":"none","words_typography_line_height":{"unit":"em","size":1,"sizes":[]},"words_typography_letter_spacing":{"unit":"px","size":0,"sizes":[]},"words_typography_font_size":{"unit":"px","size":20,"sizes":[]}},"elements":[],"isInner":false,"widgetType":"animated-headline","elType":"widget"},{"id":"66047590","settings":{"layout":"above","bg_image":{"url":"","id":"","size":"","alt":"image of emeals meal prep app","source":"library"},"bg_image_size":"medium","graphic_element":"image","graphic_image":{"url":"https:\/\/emeals.com\/meal-planning\/wp-content\/uploads\/2023\/05\/emeals_app.webp","id":1872,"size":"","alt":"Graphic of eMeals Best Meal Planning App","source":"library"},"graphic_image_size":"full","title":"Get The Best Meal Planning App!","description":"Our meal prep app allows you to shop smarter with eMeals + Grocery partners. Pick your meals with a seamless shopping list, then our partners will shop your grocery order. You can choose pickup or delivery...and this is all in one app.","button":"Download Meal Planner App","min-height":{"unit":"px","size":100,"sizes":[]},"min-height_mobile":{"unit":"px","size":100,"sizes":[]},"vertical_position":"top","image_min_width":{"unit":"px","size":0,"sizes":[]},"image_min_height":{"unit":"px","size":0,"sizes":[]},"image_min_height_mobile":{"unit":"px","size":0,"sizes":[]},"graphic_image_spacing":{"unit":"px","size":35,"sizes":[]},"graphic_image_width":{"unit":"%","size":100,"sizes":[]},"title_spacing":{"unit":"px","size":26,"sizes":[]},"content_bg_color":"#FFFFFF","title_color":"#303C4B","description_color":"#303C4B","button_border_width":{"unit":"px","size":2,"sizes":[]},"_element_width":"initial","_element_width_mobile":"inherit","_element_custom_width":{"unit":"%","size":52},"_element_custom_width_mobile":{"unit":"px","size":716,"sizes":[]},"_flex_align_self":"center","_flex_align_self_mobile":"stretch","_flex_order":"end","_flex_order_mobile":"start","_flex_size":"none","_background_background":"classic","_background_color":"#FFFFFF","__globals__":{"_background_color":"globals\/colors?id=b97fcda","content_bg_color":"globals\/colors?id=948b3b5","title_color":"globals\/colors?id=secondary","description_color":"globals\/colors?id=secondary","button_color":"","button_text_color":"globals\/colors?id=secondary","button_background_color":"globals\/colors?id=b97fcda","button_border_color":"globals\/colors?id=secondary","button_hover_text_color":"globals\/colors?id=b97fcda","button_hover_background_color":"globals\/colors?id=secondary","button_hover_border_color":"globals\/colors?id=secondary","button_typography_typography":"globals\/typography?id=accent","title_typography_typography":"globals\/typography?id=secondary"},"link":{"url":"https:\/\/emeals.com\/account\/join_account.php?","is_external":"","nofollow":"","custom_attributes":"title | the best meal planning app eMeals"},"graphic_image_border_radius":{"unit":"px","size":2,"sizes":[]},"description_spacing":{"unit":"px","size":23,"sizes":[]}},"elements":[],"isInner":false,"widgetType":"call-to-action","elType":"widget"}],"isInner":false,"elType":"container"}],"settings":{"padding":{"unit":"px","top":"0","right":"0","bottom":"0","left":"0","isLinked":true},"background_background":"classic","__globals__":{"background_color":"globals\/colors?id=b97fcda"}},"metadata":[]}