{"content":[{"id":"186e1718","settings":{"flex_direction":"column","flex_gap":{"unit":"px","size":0},"content_width":"full","width":{"unit":"%","size":100},"_flex_size":"none","_element_width":"initial","flex_justify_content":"center","flex_align_items":"center","padding":{"unit":"px","top":"5","right":"5","bottom":"5","left":"5","isLinked":true},"_flex_align_self":"center"},"elements":[{"id":"d3d4caf","settings":{"space":{"unit":"px","size":20,"sizes":[]}},"elements":[],"isInner":false,"widgetType":"spacer","elType":"widget"},{"id":"2bff2aca","settings":{"space":{"unit":"px","size":10,"sizes":[]}},"elements":[],"isInner":false,"widgetType":"spacer","elType":"widget"}],"isInner":false,"elType":"container"},{"id":"4c39fcd4","settings":{"flex_direction":"column","flex_justify_content":"center","flex_align_items":"center","_flex_align_self":"center"},"elements":[{"id":"7e0dc095","settings":{"image":{"url":"https:\/\/emeals.com\/meal-planning\/wp-content\/uploads\/2023\/03\/5-tips-for-getting-the-most-our-of-your-meal-plan.webp","id":722,"size":"","alt":"blog post talking about 5 tips for getting the most out of your meal plans","source":"library"},"align":"center"},"elements":[],"isInner":false,"widgetType":"image","elType":"widget"}],"isInner":false,"elType":"container"},{"id":"6a15a4bf","settings":{"flex_direction":"column","flex_justify_content":"center","flex_align_items":"center","_flex_align_self":"center"},"elements":[{"id":"20927bcc","settings":{"flex_direction":"column","flex_justify_content":"center","flex_align_items":"center","_flex_align_self":"center"},"elements":[{"id":"3d9b4ebb","settings":{"title":"5 tips For Getting the Most out of your meal plans","header_size":"h1","align":"center","_padding":{"unit":"px","top":"20","right":"12","bottom":"20","left":"12","isLinked":false},"__globals__":{"typography_typography":"globals\/typography?id=secondary"}},"elements":[],"isInner":false,"widgetType":"heading","elType":"widget"},{"id":"54737de0","settings":{"editor":"<p>Save time, money, and stress by planning your meals ahead of time. Here are five tips to help you start and make <a href=\"https:\/\/emeals.com\/meal-plans\/\">meal planning<\/a> easier!\u00a0\u00a0<\/p><p>Most moms want an easier life, so recipe-based meal planning often comes to mind. A meal plan is a terrific way to save money and stay on track with dieting. Sometimes it takes time to know where to begin or the best strategy. Here are 5 tips for getting the most out of your meal plans:\u00a0<\/p><h2>1. Be realistic about all things meal planning.\u00a0\u00a0<\/h2><p>When looking at all things meal planning, consider the following:<\/p><ul><li><p>the time you have to prepare meals<\/p><\/li><li><p>your budget<\/p><\/li><li><p>the types of food you and your loved ones enjoy eating<\/p><\/li><li><p>dietary restrictions<\/p><\/li><li><p>Serving Size<\/p><\/li><li><p>Available resources to lower stress (like a meal planning service, a meal planner template, or meal planning app).<\/p><\/li><\/ul>"},"elements":[],"isInner":false,"widgetType":"text-editor","elType":"widget"},{"id":"75b86227","settings":{"editor":"<p>Think about how much time you need at the grocery store. Or the amount of cooking time you have after you get home from work or get your kids from school. If you are pressed for time in the evening, consider 30-minute meal plans for quick and easy dinners. Review your budget to select the best food plan. If you want to save money, consider a budget-friendly meal plan that offers fast and affordable dinners.<\/p><p>Be realistic about what you can accomplish. <a href=\"https:\/\/realfoodwholelife.com\/meal-prep-planning\/ditch-the-complicated-meal-plan\/\">Real Food Whole Life<\/a> says, \u201c...instead of planning for individual recipes, think about mapping a few meal types...\u201d.\u00a0<\/p><p>In other words, if you prefer to eat keto, look through <a href=\"https:\/\/emeals.com\/meal-plans\/keto\/\">keto meal plan<\/a>s. Choose a diet meal plan that works for you so you can plan weekly instead of daily. This will help keep your diet plan manageable and realistic.<\/p><p>Serving size is another crucial factor. Do you want leftovers, or do you want to dedicate time to cooking dinner every night?\u00a0<\/p><p>Simplify weekly meals by using a meal planning service. That means the stress around finding recipes and creating shopping lists is taken off your shoulders. Some companies offer free meal prep apps and free meal plan templates.\u00a0<\/p><p>Remember to include healthy options in your meal plans. These include nutrient-dense fruits and vegetables, lean proteins, and healthy fats. This will help you maintain good health and stay well.\u00a0<\/p>"},"elements":[],"isInner":false,"widgetType":"text-editor","elType":"widget"},{"id":"75212e44","settings":{"editor":"<h2>2. Choose recipes that fit your family's taste preferences.\u00a0\u00a0<\/h2><p>In Meal Prep Guide, <a href=\"https:\/\/www.hsph.harvard.edu\/nutritionsource\/meal-prep\/\">Harvard<\/a> explains that one beneficial meal prep step is to \u201cDiscuss with your family what types of foods and favorite meals they like to eat.\u201d If your family loves Italian food, look for recipes that use classic Italian flavors like garlic, tomatoes, herbs, and cheese.<\/p><p>For example, you could make a classic Italian pasta dish, like spaghetti and meatballs, or a hearty minestrone soup.\u00a0On the other hand, you can take a creative approach by trying a new Italian-inspired recipe, like mushroom risotto or sausage stuffed peppers.\u00a0 Remember to let your family's tastes guide you when selecting recipes, especially when looking into a toddler meal plan.<\/p>"},"elements":[],"isInner":false,"widgetType":"text-editor","elType":"widget"},{"id":"16709324","settings":{"editor":"<h2>3. Plan for meal prep time and cooking time.\u00a0\u00a0<\/h2><p>If you use a meal planning service, some prep work and grocery shopping are already done for you. That alone can afford you an hour or two per day.\u00a0 When you use a meal planning company to help you, remember to plan ahead and dedicate time to selecting recipes, making a shopping list, buying groceries, and cooking. This will help you feel less stressed when preparing your weekly meals.\u00a0<\/p><p>Here are simple meal planning tips to get you started:<\/p><ul><li><p>Select recipes for Monday through Sunday<\/p><\/li><li><p>Make shopping list<\/p><\/li><li><p>Go grocery shopping<\/p><\/li><li><p>Meal prep (think chopping, dicing, marinading, and preheating your oven)<\/p><\/li><li><p>Cook your meal<\/p><\/li><\/ul><p>Also, take into account extra time for any unexpected delays that might occur, like work duties or extracurricular activities.<\/p><p>A quick and healthy meal plan may be an excellent option if you're looking for fresh, updated recipes with 8 ingredients or less that are ready in 30 minutes or less.<\/p><p>Another option is to make meals in advance and store them in the fridge or freezer. Look into slow-cooker meal plans when cooking with no hands is a priority. Easy meal planning options that fit you and your family's lifestyle will help you avoid feeling rushed and stressed during dinner.\u00a0<\/p>"},"elements":[],"isInner":false,"widgetType":"text-editor","elType":"widget"},{"id":"72681394","settings":{"editor":"<h2>4. Be flexible with meal planning<\/h2><p>When it comes to <em>simple<\/em> meal planning, it's important to be flexible. If you feel adventurous, mix things up by experimenting with new ingredients, flavors, diet plans, and recipes. You may quickly discover fresh foods you enjoy as you mix different cuisines, tastes, and textures into your meals.\u00a0<\/p><p>If you have little flexibility, plan a big batch recipe to last a few meals. Once you get the hang of all things meal planning, you will have more time to be flexible.\u00a0<\/p><p>And remember to leave room for unexpected cravings or last-minute changes. Flexibility with meal kits allows you to be more creative and keep your nutrition goals in check.\u00a0<\/p>"},"elements":[],"isInner":false,"widgetType":"text-editor","elType":"widget"},{"id":"111d7461","settings":{"editor":"<h2>5. Make sure to enjoy the process!\u00a0\u00a0<\/h2><p>Take the time to appreciate and enjoy the meal prep process. Don't just focus on the end goal or outcome; embrace the journey and the steps to get there.\u00a0<\/p><p>Since cooking is a fun way to spend time with your family, use this opportunity to connect with your loved ones over food.<\/p><p>Most importantly, enjoy the process! Who doesn't love to bond over food?\u00a0<\/p><p>Meal prepping can be complicated. Use these 5 meal planning tips to get the most out of weekly meal plans to maintain a realistic diet meal prep schedule. Ready to get started?\u00a0\u00a0<\/p>"},"elements":[],"isInner":false,"widgetType":"text-editor","elType":"widget"}],"isInner":false,"elType":"container"}],"isInner":false,"elType":"container"},{"id":"22991b0d","settings":{"flex_direction":"column"},"elements":[{"id":"b4ce92","settings":[],"elements":[],"isInner":false,"widgetType":"spacer","elType":"widget"}],"isInner":false,"elType":"container"},{"id":"6bcb8ef3","settings":[],"elements":[{"id":"62e5d5b1","settings":{"_column_size":100,"_inline_size":null},"elements":[{"id":"1f90114f","settings":{"template_id":"301"},"elements":[],"isInner":false,"widgetType":"template","elType":"widget"}],"isInner":false,"elType":"column"}],"isInner":false,"elType":"section"},{"id":"5d87b13","settings":{"flex_direction":"column"},"elements":[{"id":"354c3d6a","settings":[],"elements":[],"isInner":false,"widgetType":"spacer","elType":"widget"}],"isInner":false,"elType":"container"},{"id":"71f2f81e","settings":{"flex_direction":"column","content_width":"full","width":{"unit":"%","size":100},"boxed_width":{"unit":"px","size":824,"sizes":[]},"flex_justify_content":"center","flex_align_items":"center","_flex_align_self":"center","_flex_size":"none","_element_width":"initial","flex_gap":{"unit":"px","size":0,"sizes":[]},"background_background":"classic","__globals__":{"background_color":"globals\/colors?id=b97fcda"}},"elements":[{"id":"3c065bc9","settings":{"marker":"curly","before_text":"Find Your ","highlighted_text":"Favorite ","rotating_text":"Better\nBigger\nFaster","after_text":"Meal Plan!","highlight_animation_duration":3000,"tag":"h2","marker_color":"#99CA3C","stroke_width":{"unit":"px","size":10,"sizes":[]},"rounded_edges":"yes","title_color":"#303C4B","title_typography_typography":"custom","title_typography_font_family":"Poppins","title_typography_font_size":{"unit":"px","size":20,"sizes":[]},"title_typography_font_weight":"700","title_typography_text_transform":"capitalize","title_typography_text_decoration":"none","title_typography_line_height":{"unit":"em","size":1.6,"sizes":[]},"title_typography_letter_spacing":{"unit":"px","size":0,"sizes":[]},"_flex_align_self":"center","_flex_order_mobile":"start","_flex_size":"none","__globals__":{"marker_color":"globals\/colors?id=42c0f4b","title_color":"globals\/colors?id=secondary","title_typography_typography":"globals\/typography?id=secondary","words_color":"globals\/colors?id=42c0f4b","words_typography_typography":""},"title_typography_font_style":"normal","words_color":"#99CA3C","words_typography_typography":"custom","words_typography_font_weight":"700","words_typography_text_transform":"capitalize","words_typography_font_style":"normal","words_typography_text_decoration":"none","words_typography_line_height":{"unit":"em","size":1,"sizes":[]},"words_typography_letter_spacing":{"unit":"px","size":0,"sizes":[]},"words_typography_font_size":{"unit":"px","size":20,"sizes":[]}},"elements":[],"isInner":false,"widgetType":"animated-headline","elType":"widget"},{"id":"526ae86c","settings":{"layout":"above","bg_image":{"url":"","id":"","size":"","alt":"image of emeals meal prep app","source":"library"},"bg_image_size":"medium","graphic_element":"image","graphic_image":{"url":"https:\/\/emeals.com\/meal-planning\/wp-content\/uploads\/2023\/02\/1-how-it-works_onboarding-gif.png","id":1047,"size":"","alt":"","source":"library"},"graphic_image_size":"large","title":"Get The Meal Planning App!","description":"Our meal prep app allows you to shop smarter with eMeals + Grocery partners. Pick your meals with a seamless shopping list, then our partners will shop your grocery order. You can choose pickup or delivery...and this is all in one app.","button":"Click Here","min-height":{"unit":"px","size":100,"sizes":[]},"min-height_mobile":{"unit":"px","size":100,"sizes":[]},"vertical_position":"top","image_min_width":{"unit":"px","size":0,"sizes":[]},"image_min_height":{"unit":"px","size":0,"sizes":[]},"image_min_height_mobile":{"unit":"px","size":0,"sizes":[]},"graphic_image_spacing":{"unit":"px","size":35,"sizes":[]},"graphic_image_width":{"unit":"%","size":100,"sizes":[]},"title_spacing":{"unit":"px","size":26,"sizes":[]},"content_bg_color":"#FFFFFF","title_color":"#303C4B","description_color":"#303C4B","button_border_width":{"unit":"px","size":2,"sizes":[]},"_element_width":"initial","_element_width_mobile":"inherit","_element_custom_width":{"unit":"%","size":52},"_element_custom_width_mobile":{"unit":"px","size":716,"sizes":[]},"_flex_align_self":"center","_flex_align_self_mobile":"stretch","_flex_order":"end","_flex_order_mobile":"start","_flex_size":"none","_background_background":"classic","_background_color":"#FFFFFF","__globals__":{"_background_color":"globals\/colors?id=b97fcda","content_bg_color":"globals\/colors?id=948b3b5","title_color":"globals\/colors?id=secondary","description_color":"globals\/colors?id=secondary","button_color":"","button_text_color":"globals\/colors?id=secondary","button_background_color":"globals\/colors?id=b97fcda","button_border_color":"globals\/colors?id=secondary","button_hover_text_color":"globals\/colors?id=b97fcda","button_hover_background_color":"globals\/colors?id=secondary","button_hover_border_color":"globals\/colors?id=secondary","button_typography_typography":"globals\/typography?id=accent","title_typography_typography":"globals\/typography?id=secondary"},"link":{"url":"https:\/\/emeals.com\/account\/join_account.php?","is_external":"","nofollow":"","custom_attributes":""},"graphic_image_border_radius":{"unit":"px","size":2,"sizes":[]},"description_spacing":{"unit":"px","size":23,"sizes":[]}},"elements":[],"isInner":false,"widgetType":"call-to-action","elType":"widget"}],"isInner":false,"elType":"container"},{"id":"4d54d17f","settings":{"flex_direction":"column","flex_justify_content":"center","flex_align_items":"center","content_width":"full","width_laptop":{"unit":"px","size":597},"_flex_size":"none","_element_width_laptop":"initial"},"elements":[{"id":"3d4128a8","settings":{"flex_direction":"column","flex_justify_content":"flex-start","flex_align_items":"center","flex_gap":{"unit":"px","size":0,"sizes":[]},"_flex_align_self":"center","content_width":"full"},"elements":[{"id":"7dd72c35","settings":{"space":{"unit":"px","size":60,"sizes":[]}},"elements":[],"isInner":false,"widgetType":"spacer","elType":"widget"},{"id":"407b1e82","settings":{"title":"More Meal Planning Articles You May Like","align":"center","__globals__":{"typography_typography":"globals\/typography?id=secondary"}},"elements":[],"isInner":false,"widgetType":"heading","elType":"widget"},{"id":"195248e2","settings":{"space":{"unit":"px","size":14,"sizes":[]}},"elements":[],"isInner":false,"widgetType":"spacer","elType":"widget"},{"id":"55ad3d74","settings":{"template_id":"1226","columns":1,"posts_per_page":1,"alternate_templates":[{"template_id":null,"_id":"c3a825f"}],"pagination_page_limit":"5","pagination_prev_label":"Previous","pagination_next_label":"Next","text":"Load More","load_more_no_posts_custom_message":"No more posts to show","equal_height":"yes","column_gap":{"unit":"px","size":40,"sizes":[]},"row_gap":{"unit":"px","size":0,"sizes":[]},"_flex_align_self":"center","masonry":"yes","post_query_post_type":"page","post_query_include":[],"__dynamic__":{"post_query_query_id":"[elementor-tag id=\"eab66eb\" name=\"post-terms\" settings=\"%7B%22taxonomy%22%3A%22category%22%2C%22separator%22%3A%22%2C%20%22%7D\"]"}},"elements":[],"isInner":false,"widgetType":"loop-grid","elType":"widget"}],"isInner":false,"elType":"container"}],"isInner":false,"elType":"container"},{"id":"67df5be4","settings":{"flex_direction":"column"},"elements":[{"id":"b1ba975","settings":[],"elements":[],"isInner":false,"widgetType":"spacer","elType":"widget"}],"isInner":false,"elType":"container"},{"id":"6ae2e682","settings":{"layout":"full_width","flex_gap":{"size":0,"unit":"px"},"min_height":{"unit":"vh","size":0,"sizes":[]},"min_height_tablet":{"unit":"vh","size":"","sizes":[]},"min_height_mobile":{"unit":"vh","size":"","sizes":[]},"background_background":"classic","padding":{"unit":"%","top":"0","right":"0","bottom":"0","left":"0","isLinked":true},"padding_tablet":{"unit":"%","top":"10","right":"5","bottom":"10","left":"5","isLinked":false},"padding_mobile":{"unit":"%","top":"20","right":"5","bottom":"20","left":"5","isLinked":false},"_title":"Pricing","flex_direction":"column","flex_align_items":"center","flex_justify_content":"flex-start","flex_gap_mobile":{"unit":"px","size":30,"sizes":[]},"boxed_width":{"unit":"px","size":1140,"sizes":[]},"__globals__":{"background_color":"globals\/colors?id=b97fcda"},"overflow":"hidden","width":{"unit":"%","size":100,"sizes":[]},"_flex_align_self":"center"},"elements":[{"id":"3d66ca28","settings":{"flex_direction":"column","flex_gap":{"unit":"px","size":0,"sizes":[]},"padding":{"unit":"px","top":"0","right":"0","bottom":"0","left":"0","isLinked":true},"flex_justify_content":"center","flex_align_items":"center","flex_wrap":"wrap","overflow":"auto","html_tag":"section","_flex_align_self":"center"},"elements":[{"id":"74f7eca9","settings":{"title":"Frequently Asked Questions ","align":"center","title_color":"#99CA3C","_margin":{"unit":"%","top":"0","right":"0","bottom":"5","left":"0","isLinked":false},"_margin_tablet":{"unit":"%","top":"","right":"","bottom":"","left":"","isLinked":true},"_margin_mobile":{"unit":"%","top":"0","right":"0","bottom":"0","left":"0","isLinked":false},"animation_duration":"slow","_padding_mobile":{"unit":"px","top":"0","right":"0","bottom":"0","left":"0","isLinked":true},"_flex_size":"none","__globals__":{"title_color":"globals\/colors?id=secondary","typography_typography":"globals\/typography?id=secondary"},"_flex_align_self":"center"},"elements":[],"isInner":false,"widgetType":"heading","elType":"widget"},{"id":"4c4a13fc","settings":{"tabs":[{"tab_title":"What Is The Difference Between Meal Plans And Meal Kits?","tab_content":"<p>Meal plans will save you money. Meal kits range from $8 to $10 per meal plus the cost of shipping. Meal plans, like the ones eMeals offers, are a cost-effective alternative. For just $4.99 per month, you can get access to a wide variety of recipes and grocery pickup and delivery options that eMeals provides.<\/p><p>Meal plans are an efficient way to also save time, as they offer more flexibility than meal kits, which only provide individual meals. By ordering meal plans for the week, you can save time compared to ordering individual meals with meal kits.<\/p><p>Meal plans are more flexible. Meal kits come with pre-packed ingredients, whereas eMeals meal plans gives you a shopping list for the plan chosen. For example, if you would like a meal plan for weight loss, eMeals offers\u00a0<a href=\"https:\/\/emeals.com\/meal-plans\/quick-and-healthy\/\">Quick + Healthy<\/a>,\u00a0<a href=\"https:\/\/emeals.com\/meal-plans\/clean-eating\/\">Clean Eating<\/a>, and\u00a0<a href=\"https:\/\/emeals.com\/meal-plans\/low-carb\/\" target=\"_blank\" rel=\"noopener\">Low Carb<\/a>\u00a0meal plans that will help you in your weight loss journey. Or, if you prefer meal plans for dieting, eMeals has\u00a0<a href=\"https:\/\/emeals.com\/meal-plans\/keto\/\">Keto<\/a>,\u00a0<a href=\"https:\/\/emeals.com\/meal-plans\/paleo\/\">Paleo<\/a>,\u00a0<a href=\"https:\/\/emeals.com\/meal-plans\/gluten-free\/\">Gluten-Free<\/a>, and\u00a0<a href=\"https:\/\/emeals.com\/meal-plans\/mediterranean\/\">Mediterranean<\/a>\u00a0meal plans to help you reach your diet goals.<\/p>","_id":"5dfe191"},{"tab_title":"How do I decide what meal plan is best for me?","tab_content":"<p>When you begin meal planning, you should first determine your dietary and lifestyle ambitions. If you desire a meal plan diet that limits carbs, a meal plan plant-based diet that dodges common dietary allergies, or meal plans for weight loss, eMeals offers <a href=\"https:\/\/emeals.com\/meal-plans\/\">15 meal plans<\/a> to select from to meet your requirements.<\/p><p>If you want to eat healthier or lose weight, we offer clean eating meal plans, low calorie meal plans, quick and healthy meal plans, and more. Meal plans that accommodate common food allergies include gluten-free meal plans, plant-based meal plans, keto meal plans, and paleo meal plans.<\/p><p>The diabetic meal plans and heart-healthy meal plans are perfect for those who want to focus on their health requirements. eMeals also offers budget-friendly meal plans for those looking to save money along with kid-friendly meal plans, 30 minute meal plans, and slow-cooker meal plans for those cooking for a family.<\/p>","_id":"b7a62d1"},{"tab_title":"Who benefits from meal plans?","tab_content":"<p>Meal plans benefit <em>everyone. <\/em>They also help with reducing food waste and making meal planning much easier. A variety of menu options allows you to expand your taste palate and introduce new foods to your diet.<\/p><p>You will be better prepared and less stressed with a meal plan for the week versus deciding what to cook at the last minute. If you decide to meal plan for one, meal plan for diabetes, meal plan for building muscle, or meal plan for diet, our meal plan ideas and meal plan services will help you reach your goals.<\/p><p>Our customized shopping lists set the correct amount of ingredients for your prepared meals, so food waste is also reduced. eMeals also provides meal planning templates, like <a href=\"https:\/\/emeals.canto.com\/s\/NLM7E?viewIndex=0&amp;column=document&amp;id=ic3il55t015ot8m7gc45u0lu3h&amp;utm_campaign=2023-01-14-newsletter-active&amp;utm_source=emeals-active&amp;utm_medium=email\">this one for dinner meal planning<\/a>, to add extra help.<\/p><p>A meal plan subscription is also simpler for busy families. Making weekly meals tailored to your and your family's needs increases your chances of success. For example, a meal plan for diabetics or a meal plan to lower cholesterol, like our clean eating meal plan, offer more fresh produce and wholesome ingredients than other meal planning recipes.<\/p><p>We provide meal planning printables (which include a <a href=\"https:\/\/emeals.canto.com\/s\/NLM7E?viewIndex=0&amp;column=document&amp;id=ic3il55t015ot8m7gc45u0lu3h&amp;utm_campaign=2023-01-14-newsletter-active&amp;utm_source=emeals-active&amp;utm_medium=email\">weekly meal planning calendar<\/a> for dinner), a grocery list, and do the grocery shopping for you, saving time and effort that would have gone into making recipe cards and buying groceries at the store.<\/p><p>Since meal planning apps are helpful, eMeals has an easy-to-use meal plan app that helps plan and organize weekly meals for you as well.<\/p>","_id":"7287370"},{"_id":"de84baf","tab_title":"When and how can I start meal prepping?","tab_content":"<p>Are you wondering about all things meal planning or saying to yourself \"I would love an app for meal planning that plans my meals for me\"? If so, then you are in luck with eMeals, the best meal planner online. Our meal plan site, meal plan app, and online meal planner offers 15 delicious meal plans tailored to each customers' lifestyle and dietary needs.\u00a0<\/p><p>The first step to meal\u00a0 planning is finding a <a href=\"https:\/\/emeals.com\/account\/join_account.php?\">meal prep app<\/a> or meal planner website that takes the stress out of planning meals. Head over to our <a href=\"https:\/\/emeals.com\/\">meal planning website<\/a> for details on our food plans. Once you choose your online meal plans, browse meal plans recipes for the week.<\/p><p>Next, open the app to create a seamless meal planning app grocery list that takes only minutes. Our meal planning services curate the grocery list and send it to one of our several grocery partners that shops for you! Decide how you will receive the grocery order either with curbside pickup or grocery delivery. Lastly, cook the yummy recipes and enjoy home-cooked meals with your family.\u00a0<\/p><p>Welcome to the meal planning program!<\/p>"}],"selected_icon":{"value":"fas fa-angle-down","library":"fa-solid"},"selected_active_icon":{"value":"fas fa-angle-right","library":"fa-solid"},"title_html_tag":"h3","border_width":{"unit":"px","size":2,"sizes":[]},"border_color":"#EDF0F3","space_between":{"unit":"px","size":1,"sizes":[]},"tab_active_color":"#303C4B","title_typography_typography":"custom","title_typography_font_family":"Poppins","title_typography_font_size":{"unit":"px","size":17,"sizes":[]},"title_typography_font_weight":"700","title_typography_text_transform":"capitalize","title_typography_font_style":"normal","title_typography_text_decoration":"none","title_typography_line_height":{"unit":"em","size":1.6,"sizes":[]},"title_typography_letter_spacing":{"unit":"px","size":0,"sizes":[]},"title_padding":{"unit":"px","top":"18","right":"0","bottom":"18","left":"14","isLinked":false},"content_color":"#303C4B","content_typography_typography":"custom","content_typography_font_family":"Poppins","content_typography_font_size":{"unit":"px","size":14,"sizes":[]},"content_typography_font_weight":"400","content_typography_text_transform":"none","content_typography_font_style":"normal","content_typography_text_decoration":"none","content_typography_line_height":{"unit":"em","size":1.6,"sizes":[]},"content_typography_letter_spacing":{"unit":"px","size":0.1,"sizes":[]},"_border_border":"solid","_border_width":{"unit":"px","top":"2","right":"0","bottom":"0","left":"0","isLinked":false},"_border_color":"#99CA3C","faq_schema":"yes","box_shadow_box_shadow":{"horizontal":0,"vertical":0,"blur":1,"spread":1,"color":"rgba(0,0,0,0.5)"},"icon_color":"#303C4B","icon_active_color":"#99CA3C","icon_space":{"unit":"px","size":8,"sizes":[]},"content_background_color":"#F3F3F3","content_padding":{"unit":"px","top":"25","right":"25","bottom":"0","left":"25","isLinked":false},"__globals__":{"border_color":"globals\/colors?id=80fb6de","title_color":"globals\/colors?id=primary","tab_active_color":"","title_background":"","icon_color":"globals\/colors?id=secondary","icon_active_color":"globals\/colors?id=secondary","content_color":"globals\/colors?id=secondary","content_typography_typography":"","title_typography_typography":"","_border_color":"globals\/colors?id=42c0f4b","content_background_color":""}},"elements":[],"isInner":false,"widgetType":"toggle","elType":"widget"},{"id":"6fbfec3b","settings":[],"elements":[],"isInner":false,"widgetType":"spacer","elType":"widget"},{"id":"3ab0f2e","settings":{"editor":"<script type=\"application\/ld+json\">\n{\n  \"@context\": \"https:\/\/schema.org\",\n  \"@type\": \"FAQPage\",\n  \"mainEntity\": [{\n    \"@type\": \"Question\",\n    \"name\": \"What Is The Difference Between Meal Plans And Meal Kits?\",\n    \"acceptedAnswer\": {\n      \"@type\": \"Answer\",\n      \"text\": \"Meal plans will save you money. Meal kits range from $8 to $10 per meal plus the cost of shipping. Meal plans, like the ones eMeals offers, are a cost-effective alternative. For just $4.99 per month, you can get access to a wide variety of recipes and grocery pickup and delivery options that eMeals provides.\n\nMeal plans are an efficient way to also save time, as they offer more flexibility than meal kits, which only provide individual meals. By ordering meal plans for the week, you can save time compared to ordering individual meals with meal kits.\n\nMeal plans are more flexible. Meal kits come with pre-packed ingredients, whereas eMeals meal plans gives you a shopping list for the plan chosen. For example, if you would like a meal plan for weight loss, eMeals offers Quick + Healthy, Clean Eating, and Low Carb meal plans that will help you in your weight loss journey. Or, if you prefer meal plans for dieting, eMeals has Keto, Paleo, Gluten-Free, and Mediterranean meal plans to help you reach your diet goals.\"\n    }\n  },{\n    \"@type\": \"Question\",\n    \"name\": \"How do I decide what meal plan is best for me?\",\n    \"acceptedAnswer\": {\n      \"@type\": \"Answer\",\n      \"text\": \"When you begin meal planning, you should first determine your dietary and lifestyle ambitions. If you desire a meal plan diet that limits carbs, a meal plan plant-based diet that dodges common dietary allergies, or meal plans for weight loss, eMeals offers 15 meal plans to select from to meet your requirements.\n\nIf you want to eat healthier or lose weight, we offer clean eating meal plans, low calorie meal plans, quick and healthy meal plans, and more. Meal plans that accommodate common food allergies include gluten-free meal plans, plant-based meal plans, keto meal plans, and paleo meal plans.\n\nThe diabetic meal plans and heart-healthy meal plans are perfect for those who want to focus on their health requirements. eMeals also offers budget-friendly meal plans for those looking to save money along with kid-friendly meal plans, 30 minute meal plans, and slow-cooker meal plans for those cooking for a family.\"\n    }\n  },{\n    \"@type\": \"Question\",\n    \"name\": \"Who benefits from meal plans?\",\n    \"acceptedAnswer\": {\n      \"@type\": \"Answer\",\n      \"text\": \"Meal plans benefit everyone. They also help with reducing food waste and making meal planning much easier. A variety of menu options allows you to expand your taste palate and introduce new foods to your diet.\n\nYou will be better prepared and less stressed with a meal plan for the week versus deciding what to cook at the last minute. If you decide to meal plan for one, meal plan for diabetes, meal plan for building muscle, or meal plan for diet, our meal plan ideas and meal plan services will help you reach your goals.\n\nOur customized shopping lists set the correct amount of ingredients for your prepared meals, so food waste is also reduced. eMeals also provides meal planning templates, like this one for dinner meal planning, to add extra help.\n\nA meal plan subscription is also simpler for busy families. Making weekly meals tailored to your and your family's needs increases your chances of success. For example, a meal plan for diabetics or a meal plan to lower cholesterol, like our clean eating meal plan, offer more fresh produce and wholesome ingredients than other meal planning recipes.\n\nWe provide meal planning printables (which include a weekly meal planning calendar for dinner), a grocery list, and do the grocery shopping for you, saving time and effort that would have gone into making recipe cards and buying groceries at the store.\n\nSince meal planning apps are helpful, eMeals has an easy-to-use meal plan app that helps plan and organize weekly meals for you as well.\"\n    }\n  },{\n    \"@type\": \"Question\",\n    \"name\": \"When and how can I start meal prepping?\",\n    \"acceptedAnswer\": {\n      \"@type\": \"Answer\",\n      \"text\": \"Are you wondering about all things meal planning or saying to yourself \\\"I would love an app for meal planning that plans my meals for me\\\"? If so, then you are in luck with eMeals, the best meal planner online. Our meal plan site, meal plan app, and online meal planner offers 15 delicious meal plans tailored to each customers' lifestyle and dietary needs. \n\nThe first step to meal  planning is finding a meal prep app or meal planner website that takes the stress out of planning meals. Head over to our meal planning website for details on our food plans. Once you choose your online meal plans, browse meal plans recipes for the week.\n\nNext, open the app to create a seamless meal planning app grocery list that takes only minutes. Our meal planning services curate the grocery list and send it to one of our several grocery partners that shops for you! Decide how you will receive the grocery order either with curbside pickup or grocery delivery. Lastly, cook the yummy recipes and enjoy home-cooked meals with your family. \n\nWelcome to the meal planning program!\"\n    }\n  }]\n}\n<\/script>"},"elements":[],"isInner":false,"widgetType":"text-editor","elType":"widget"}],"isInner":false,"elType":"container"}],"isInner":false,"elType":"container"},{"id":"5e91648f","settings":{"flex_direction":"column","flex_gap":{"unit":"px","size":0},"content_width":"full","width":{"unit":"%","size":100},"_flex_size":"none","_element_width":"initial","flex_justify_content":"center","flex_align_items":"center","padding":{"unit":"px","top":"0","right":"0","bottom":"0","left":"0","isLinked":true},"_flex_align_self":"center","html_tag":"article","background_background":"classic","background_image":{"url":"https:\/\/emeals.com\/meal-planning\/wp-content\/uploads\/2023\/02\/fruit-and-vegatable-background-image.png","id":1042,"size":"","alt":"","source":"library"},"background_size":"contain","__globals__":{"background_color":"globals\/colors?id=948b3b5"}},"elements":[{"id":"6c3c7298","settings":{"space":{"unit":"px","size":20,"sizes":[]}},"elements":[],"isInner":false,"widgetType":"spacer","elType":"widget"},{"id":"2b239f2c","settings":{"classic_columns":"2","classic_posts_per_page":4,"classic_masonry":"yes","classic_show_excerpt":"","classic_meta_data":[],"classic_meta_separator":"\/\/\/","classic_read_more_text":"Read More \u00bb","classic_open_new_tab":"yes","cards_meta_separator":"\u2022","cards_read_more_text":"Read More \u00bb","full_content_meta_separator":"\/\/\/","classic_column_gap":{"unit":"px","size":18,"sizes":[]},"classic_row_gap":{"unit":"px","size":12,"sizes":[]},"classic_alignment":"left","classic_box_padding":{"unit":"px","top":"0","right":"0","bottom":"0","left":"0","isLinked":true},"classic_content_padding":{"unit":"px","top":"0","right":"0","bottom":"0","left":"0","isLinked":true},"classic_box_shadow_box_shadow_type":"yes","classic_box_shadow_box_shadow":{"horizontal":1,"vertical":1,"blur":4,"spread":1,"color":"rgba(0, 0, 0, 0.34)"},"classic_image_spacing":{"unit":"px","size":6,"sizes":[]},"classic_title_color":"#303C4B","classic_title_typography_typography":"custom","classic_title_typography_font_size":{"unit":"px","size":16,"sizes":[]},"classic_title_typography_font_weight":"700","classic_title_typography_text_transform":"capitalize","classic_title_typography_font_style":"normal","classic_title_typography_text_decoration":"none","classic_title_typography_line_height":{"unit":"em","size":1.2,"sizes":[]},"classic_title_typography_letter_spacing":{"unit":"px","size":0,"sizes":[]},"classic_title_spacing":{"unit":"px","size":6,"sizes":[]},"classic_meta_spacing":{"unit":"px","size":0,"sizes":[]},"classic_read_more_color":"#99CA3C","classic_read_more_typography_typography":"custom","classic_read_more_typography_font_family":"Poppins","classic_read_more_typography_font_size":{"unit":"px","size":13,"sizes":[]},"classic_read_more_typography_font_weight":"600","classic_read_more_typography_text_transform":"lowercase","classic_read_more_typography_font_style":"normal","classic_read_more_typography_text_decoration":"none","classic_read_more_typography_line_height":{"unit":"em","size":1,"sizes":[]},"classic_read_more_typography_letter_spacing":{"unit":"px","size":0.2,"sizes":[]},"classic_read_more_spacing":{"unit":"px","size":6,"sizes":[]},"pagination_type":"prev_next","pagination_page_limit":"5","pagination_prev_label":"&laquo; Previous","pagination_next_label":"Next &raquo;","text":"Load More","load_more_no_posts_custom_message":"No more posts to show","pagination_typography_typography":"custom","pagination_typography_font_family":"Poppins","pagination_typography_font_size":{"unit":"px","size":14,"sizes":[]},"pagination_typography_font_weight":"400","pagination_typography_text_transform":"none","pagination_typography_font_style":"normal","pagination_typography_text_decoration":"none","pagination_typography_line_height":{"unit":"em","size":1.6,"sizes":[]},"pagination_typography_letter_spacing":{"unit":"px","size":0.2,"sizes":[]},"pagination_color":"#303C4B","pagination_hover_color":"#99CA3C","pagination_active_color":"#99CA3C","pagination_spacing_top":{"unit":"px","size":18,"sizes":[]},"_margin":{"unit":"px","top":"7","right":"7","bottom":"7","left":"7","isLinked":true},"_padding":{"unit":"px","top":"0","right":"0","bottom":"0","left":"0","isLinked":true},"__globals__":{"classic_title_color":"globals\/colors?id=secondary","classic_title_typography_typography":"","classic_read_more_color":"globals\/colors?id=42c0f4b","classic_read_more_typography_typography":"","pagination_color":"globals\/colors?id=secondary","pagination_hover_color":"globals\/colors?id=42c0f4b","pagination_active_color":"globals\/colors?id=42c0f4b","pagination_typography_typography":"","classic_box_bg_color":"globals\/colors?id=b97fcda"}},"elements":[],"isInner":false,"widgetType":"posts","elType":"widget"},{"id":"2c39656f","settings":{"space":{"unit":"px","size":10,"sizes":[]}},"elements":[],"isInner":false,"widgetType":"spacer","elType":"widget"}],"isInner":false,"elType":"container"}],"settings":{"padding":{"unit":"px","top":"0","right":"0","bottom":"0","left":"0","isLinked":true},"background_background":"classic","__globals__":{"background_color":"globals\/colors?id=b97fcda"}},"metadata":[]}