{"content":[{"id":"5e3bf394","settings":{"flex_direction":"column"},"elements":[{"id":"1ae8e078","settings":{"space":{"unit":"px","size":70,"sizes":[]},"_background_background":"classic","_background_image":{"url":"https:\/\/emeals.com\/meal-planning\/wp-content\/uploads\/2023\/03\/emeals-meal-planning-icon-8-e1678137927441.webp","id":735,"size":"","alt":"graphic of plate with carrot and peas for eMeals meal planning page","source":"library"},"_background_position":"center center","_background_repeat":"no-repeat","_background_size":"contain"},"elements":[],"isInner":false,"widgetType":"spacer","elType":"widget"},{"id":"804208a","settings":{"title":"15 Meal Plans + new Recipes Every Week!","size":"small","align":"center","__globals__":{"title_color":"globals\/colors?id=secondary","typography_typography":"globals\/typography?id=secondary"},"_padding":{"unit":"px","top":"0","right":"0","bottom":"16","left":"0","isLinked":false},"title_color":"#303C4B"},"elements":[],"isInner":false,"widgetType":"heading","elType":"widget"}],"isInner":false,"elType":"container"}],"settings":{"padding":{"unit":"px","top":"0","right":"0","bottom":"0","left":"0","isLinked":true},"background_background":"classic","__globals__":{"background_color":"globals\/colors?id=b97fcda"}},"metadata":[]}