{"content":[{"id":"14ce88b2","settings":{"flex_direction":"column","flex_justify_content":"center","flex_align_items":"center","_flex_align_self":"center"},"elements":[{"id":"44e164da","settings":{"image":{"url":"https:\/\/emeals.com\/meal-planning\/wp-content\/uploads\/2023\/03\/what-are-the-top-6-meal-plans-for-weight-loss-emeals.webp","id":720,"size":"","alt":"blog post discussing the top 6 meal plans for weight loss blog post","source":"library"},"align":"center"},"elements":[],"isInner":false,"widgetType":"image","elType":"widget"}],"isInner":false,"elType":"container"},{"id":"78022593","settings":{"flex_direction":"column","flex_justify_content":"center","flex_align_items":"center","_flex_align_self":"center"},"elements":[{"id":"c6e2fc8","settings":{"flex_direction":"column","flex_justify_content":"center","flex_align_items":"center","_flex_align_self":"center"},"elements":[{"id":"64b5dfe3","settings":{"title":"what are The Top 6 Meal Plans For Weight Loss?","header_size":"h1","align":"center","_padding":{"unit":"px","top":"20","right":"12","bottom":"20","left":"12","isLinked":false},"__globals__":{"typography_typography":"globals\/typography?id=secondary"}},"elements":[],"isInner":false,"widgetType":"heading","elType":"widget"},{"id":"12818faf","settings":{"editor":"<p>Are you looking for a healthy meal plan for weight loss to help start or maintain your lifestyle goals? Whether your goal is to improve overall health, lower body mass index, or maintain a healthy weight, eMeals meal planning service offers several meal plans for whatever weight loss programs you follow or weight loss diet goals you set.\u00a0<\/p><p>According to\u00a0<a href=\"https:\/\/www.medicalnewstoday.com\/articles\/weight-loss-meal-plan#different-approaches\" target=\"_blank\" rel=\"noopener noreferrer\">Medical News Today<\/a>, \"Dietary requirements vary. There is a range of approaches to weight loss that may benefit different people.\" So depending on your weight loss goals and dietary needs, you can decide on meal plans to lose weight fast, a meal plan for diet, or something more suitable.<\/p><p>Luckily eMeals offers several custom meal plans to fit your weight loss ambitions. You can read below to learn about the top 4 meal plans for weight loss.\u00a0<\/p>"},"elements":[],"isInner":false,"widgetType":"text-editor","elType":"widget"}],"isInner":false,"elType":"container"}],"isInner":false,"elType":"container"},{"id":"2f32e83b","settings":{"flex_direction":"row"},"elements":[{"id":"4d7c77e2","settings":{"flex_direction":"row"},"elements":[{"id":"6e71271f","settings":{"flex_direction":"column","content_width":"full","width":{"unit":"%","size":70},"flex_justify_content":"center"},"elements":[{"id":"5a43e9c3","settings":{"editor":"<h2>1. Mediterranean Meal Plan<\/h2><p>The Mediterranean meal plan focuses on recipes that utilize fresh herbs, bold spices, seasonal vegetables, whole grains, and plenty of fish. The Mediterranean diet is ranked as\u00a0<a href=\"https:\/\/health.usnews.com\/best-diet\/mediterranean-diet\" target=\"_blank\" rel=\"noopener noreferrer\">one of U.S. News &amp; World Report's Best Diets of 2023<\/a>.\u00a0\u00a0<\/p><p>Additionally, after expert panelists from U.S. News reviewed the top 2023 diets, the Mediterranean diet is ranked at the top as\u00a0<a href=\"https:\/\/health.usnews.com\/best-diet\/mediterranean-diet\" target=\"_blank\" rel=\"noopener noreferrer\">#1 in Best Diets Overall<\/a>. It's no wonder this diet is at the top of the list. Each eMeals\u00a0<a href=\"https:\/\/emeals.com\/meal-plans\/mediterranean\/\" target=\"_blank\" rel=\"noopener noreferrer\">Mediterranean Meal Plan<\/a>\u00a0recipe follows the Mediterranean diet, focusing on improving overall health and well-being.\u00a0\u00a0<\/p><p>Customers will naturally limit saturated fat, sugar, and sodium intake by taking a more traditional way of making meals by limiting certain ingredients like red meat and using more plant-based foods like fruits, vegetables, lead meats, and whole grains. Overall, this way of eating naturally sheds fat and weight while packing on nutrients for a healthy and balanced way of eating.\u00a0<\/p>"},"elements":[],"isInner":false,"widgetType":"text-editor","elType":"widget"}],"isInner":false,"elType":"container"},{"id":"6d3a945b","settings":{"flex_direction":"column","content_width":"full","width":{"unit":"%","size":30},"flex_justify_content":"center"},"elements":[{"id":"5dd90ace","settings":{"image":{"url":"https:\/\/emeals.com\/meal-planning\/wp-content\/uploads\/2023\/02\/emeals-mediterranean-meal-plan-image.webp","id":777,"size":"","alt":"image of mediterranean meal plan recipe from emeals","source":"library"},"align":"center","width":{"unit":"%","size":100,"sizes":[]},"_flex_order":"start"},"elements":[],"isInner":false,"widgetType":"image","elType":"widget"}],"isInner":false,"elType":"container"}],"isInner":false,"elType":"container"}],"isInner":false,"elType":"container"},{"id":"3b2ef87a","settings":{"flex_direction":"row"},"elements":[{"id":"7319e454","settings":{"flex_direction":"row"},"elements":[{"id":"5bef6bde","settings":{"flex_direction":"column","content_width":"full","width":{"unit":"%","size":70},"flex_justify_content":"center"},"elements":[{"id":"214a8b12","settings":{"editor":"<h2>2. Quick and Healthy Meal Plan<\/h2><p>eMeals\u00a0<a href=\"https:\/\/emeals.com\/meal-plans\/quick-and-healthy\/\" target=\"_blank\" rel=\"noopener noreferrer\">Quick and Healthy Meal Plan<\/a>\u00a0focuses on simple, healthy meals that include nutrition information and short ingredient lists that promote weight loss. This easy-to-follow meal plan fits busy lifestyles and is updated weekly with fresh recipes that use only 8 ingredients or less.\u00a0<\/p><p>All the recipes in this weight loss meal plan take only 30 minutes or less, making it possible to enjoy healthy meals on the fly.\u00a0<\/p>"},"elements":[],"isInner":false,"widgetType":"text-editor","elType":"widget"}],"isInner":false,"elType":"container"},{"id":"41a7a710","settings":{"flex_direction":"column","content_width":"full","width":{"unit":"%","size":30}},"elements":[{"id":"62a25ddb","settings":{"image":{"url":"https:\/\/emeals.com\/meal-planning\/wp-content\/uploads\/2023\/02\/emeals-quick-and-healthy-meal-plan-image.webp","id":770,"size":"","alt":"image of quick and healthy meal plan by emeals","source":"library"},"align":"center","width":{"unit":"%","size":100,"sizes":[]},"_flex_order":"start"},"elements":[],"isInner":false,"widgetType":"image","elType":"widget"}],"isInner":false,"elType":"container"}],"isInner":false,"elType":"container"}],"isInner":false,"elType":"container"},{"id":"1831ff96","settings":{"flex_direction":"row"},"elements":[{"id":"e61f586","settings":{"flex_direction":"row"},"elements":[{"id":"12641e30","settings":{"flex_direction":"column","content_width":"full","width":{"unit":"%","size":70},"flex_justify_content":"center"},"elements":[{"id":"45269a89","settings":{"editor":"<h2>3. Clean Eating Meal Plan<\/h2><p>If you want a more wholesome approach to weight loss meal plans, the eMeals Clean Eating Meal Plan may be perfect for you. As today.com explains in a recent\u00a0<a href=\"https:\/\/www.today.com\/health\/best-way-lose-weight-boils-down-these-5-principles-t204859\" target=\"_blank\" rel=\"noopener noreferrer\">weight loss article<\/a>, \"Whole foods are also more filling and satisfying than the processed foods they replace. Foods made with heavily processed grains, like pizza, whiz through the digestive system, leaving you hungry soon after eating.\"\u00a0\u00a0<\/p><p>Our clean eating meal plan utilizes fresh, seasonal ingredients and aims to avoid processed ingredients. As a result, you and your family will experience a wide range of flavors and foods at the peak of their season, thus fueling your body with top-quality foods packed with nutrients.\u00a0<\/p><p>With eMeals\u00a0<a href=\"https:\/\/emeals.com\/meal-plans\/clean-eating\/\" target=\"_blank\" rel=\"noopener noreferrer\">clean eating meal plan<\/a>, you will have access to nutrition information and receive recipes that use only whole food ingredients. In addition, all of this meal plan's products are BPA-Free.\u00a0<\/p>"},"elements":[],"isInner":false,"widgetType":"text-editor","elType":"widget"}],"isInner":false,"elType":"container"},{"id":"1916d96","settings":{"flex_direction":"column","content_width":"full","width":{"unit":"%","size":30},"flex_justify_content":"center"},"elements":[{"id":"27246d72","settings":{"image":{"url":"https:\/\/emeals.com\/meal-planning\/wp-content\/uploads\/2023\/02\/emeals-clean-eating-meal-plan-image.webp","id":776,"size":"","alt":"image of clean eating meal plan recipe from emeals","source":"library"},"align":"center","width":{"unit":"%","size":100,"sizes":[]},"_flex_order":"start"},"elements":[],"isInner":false,"widgetType":"image","elType":"widget"}],"isInner":false,"elType":"container"}],"isInner":false,"elType":"container"}],"isInner":false,"elType":"container"},{"id":"3c23b24c","settings":{"flex_direction":"row"},"elements":[{"id":"41ee3987","settings":{"flex_direction":"row"},"elements":[{"id":"72081267","settings":{"flex_direction":"column","content_width":"full","width":{"unit":"%","size":70},"flex_justify_content":"center"},"elements":[{"id":"47bec72c","settings":{"editor":"<h2>5. Heart Healthy Meal Plan<\/h2><p>Keeping an eye on sodium, saturated fats, and processed foods are essential to losing or maintaining a healthy weight. Not only does this meal plan help with weight management, but it also promotes a healthy cardiovascular system by lowering high blood pressure, aids in\u00a0<a href=\"https:\/\/www.aafp.org\/pubs\/afp\/issues\/2009\/0401\/p571-s1.html#:~:text=A%20heart%2Dhealthy%20diet%20should,lower%20your%20risk%20of%20cancer.\" target=\"_blank\" rel=\"noopener noreferrer\">lowering your risk for cancer<\/a>, and promotes a lifetime of healthy eating habits.\u00a0<\/p><p>Any individual over the age of 2 can enjoy this meal plan. eMeals\u00a0<a href=\"https:\/\/emeals.com\/meal-plans\/heart-healthy\/\" target=\"_blank\" rel=\"noopener noreferrer\">Heart Healthy Meal Plan\u00a0<\/a>is designed to focus on recipes using lean meats, whole grains, heart healthy oils, healthy fats, and meals with less than 500 calories per serving and 800mg sodium per serving.\u00a0<\/p>"},"elements":[],"isInner":false,"widgetType":"text-editor","elType":"widget"}],"isInner":false,"elType":"container"},{"id":"b7782f3","settings":{"flex_direction":"column","content_width":"full","width":{"unit":"%","size":30},"flex_justify_content":"center"},"elements":[{"id":"1a7f9b2e","settings":{"image":{"url":"https:\/\/emeals.com\/meal-planning\/wp-content\/uploads\/2023\/02\/emeals-heart-healthy-meal-plan-image.webp","id":773,"size":"","alt":"image of heart healthy meal plan recipe by emeals","source":"library"},"align":"center","width":{"unit":"%","size":100,"sizes":[]},"_flex_order":"start"},"elements":[],"isInner":false,"widgetType":"image","elType":"widget"}],"isInner":false,"elType":"container"}],"isInner":false,"elType":"container"}],"isInner":false,"elType":"container"},{"id":"12c7bae6","settings":{"flex_direction":"row"},"elements":[{"id":"2d2f4657","settings":{"flex_direction":"row"},"elements":[{"id":"76878357","settings":{"flex_direction":"column","content_width":"full","width":{"unit":"%","size":70},"flex_justify_content":"center"},"elements":[{"id":"4891df8e","settings":{"editor":"<h2>6. Low Calorie Meal Plan<\/h2><p>The Low Calorie Meal Meal Plan is perfect for you if your weight loss goal is to reduce the total calorie intake per meal. This meal plan ensures you will eat slim while enjoying your favorite foods and flavors. From popular recipes like pizza and pasta dishes, recipes in this plan limit the use of saturated fats and aim to reduce cholesterol.\u00a0<\/p><p>You will discover that counting calories is key in\u00a0<a href=\"https:\/\/emeals.com\/meal-plans\/low-calorie\/\" target=\"_blank\" rel=\"noopener noreferrer\">all recipes<\/a>\u00a0here since our goals is to have less than 500 calories per serving. In addition, each meal includes details on nutrition information, thus helping customers reach their meal plan weight loss goals.\u00a0<\/p><p>If your goal is to find a meal plan to lose weight fast or to use meal plans for weight loss at a more steady pace, eMeals has meal plans to match your rate. These top 6 meal plans that eMeals offers will help you lose weight or keep a healthy weight. To make meal planning simpler, the eMeals\u00a0<a href=\"https:\/\/emeals.com\/account\/\" target=\"_blank\" rel=\"noopener noreferrer\">meal planning app<\/a>\u00a0will also help organize your meal plans for weight loss with new weekly recipes, pre-made shopping lists, and more.\u00a0<\/p><p>Let's get your <a href=\"https:\/\/emeals.com\/account\/join_account.php?\" target=\"_blank\" rel=\"noopener noreferrer\">14 day free-trial<\/a> started!<\/p>"},"elements":[],"isInner":false,"widgetType":"text-editor","elType":"widget"}],"isInner":false,"elType":"container"},{"id":"5738420a","settings":{"flex_direction":"column","content_width":"full","width":{"unit":"%","size":30},"flex_justify_content":"center"},"elements":[{"id":"3b33aeb","settings":{"image":{"url":"https:\/\/emeals.com\/meal-planning\/wp-content\/uploads\/2023\/02\/emeals-low-calorie-meal-plan-image.webp","id":774,"size":"","alt":"image of low calorie meal plan recipe from eMeals","source":"library"},"align":"center","width":{"unit":"%","size":100,"sizes":[]},"_flex_order":"start"},"elements":[],"isInner":false,"widgetType":"image","elType":"widget"}],"isInner":false,"elType":"container"}],"isInner":false,"elType":"container"}],"isInner":false,"elType":"container"},{"id":"5b0b9a76","settings":{"flex_direction":"column"},"elements":[{"id":"2198833f","settings":[],"elements":[],"isInner":false,"widgetType":"spacer","elType":"widget"}],"isInner":false,"elType":"container"},{"id":"61741dda","settings":[],"elements":[{"id":"13f0082f","settings":{"_column_size":100,"_inline_size":null},"elements":[{"id":"399696bf","settings":{"template_id":"301"},"elements":[],"isInner":false,"widgetType":"template","elType":"widget"}],"isInner":false,"elType":"column"}],"isInner":false,"elType":"section"},{"id":"7a3f3971","settings":{"flex_direction":"column"},"elements":[{"id":"44cf8bb","settings":[],"elements":[],"isInner":false,"widgetType":"spacer","elType":"widget"}],"isInner":false,"elType":"container"},{"id":"f1d2a86","settings":{"flex_direction":"column","content_width":"full","width":{"unit":"%","size":100},"boxed_width":{"unit":"px","size":824,"sizes":[]},"flex_justify_content":"center","flex_align_items":"center","_flex_align_self":"center","_flex_size":"none","_element_width":"initial","flex_gap":{"unit":"px","size":0,"sizes":[]},"background_background":"classic","__globals__":{"background_color":"globals\/colors?id=b97fcda"}},"elements":[{"id":"3a7efbf2","settings":{"marker":"curly","before_text":"Find Your ","highlighted_text":"Favorite ","rotating_text":"Better\nBigger\nFaster","after_text":"Meal Plan!","highlight_animation_duration":3000,"tag":"h2","marker_color":"#99CA3C","stroke_width":{"unit":"px","size":10,"sizes":[]},"rounded_edges":"yes","title_color":"#303C4B","title_typography_typography":"custom","title_typography_font_family":"Poppins","title_typography_font_size":{"unit":"px","size":20,"sizes":[]},"title_typography_font_weight":"700","title_typography_text_transform":"capitalize","title_typography_text_decoration":"none","title_typography_line_height":{"unit":"em","size":1.6,"sizes":[]},"title_typography_letter_spacing":{"unit":"px","size":0,"sizes":[]},"_flex_align_self":"center","_flex_order_mobile":"start","_flex_size":"none","__globals__":{"marker_color":"globals\/colors?id=42c0f4b","title_color":"globals\/colors?id=secondary","title_typography_typography":"globals\/typography?id=secondary","words_color":"globals\/colors?id=42c0f4b","words_typography_typography":""},"title_typography_font_style":"normal","words_color":"#99CA3C","words_typography_typography":"custom","words_typography_font_weight":"700","words_typography_text_transform":"capitalize","words_typography_font_style":"normal","words_typography_text_decoration":"none","words_typography_line_height":{"unit":"em","size":1,"sizes":[]},"words_typography_letter_spacing":{"unit":"px","size":0,"sizes":[]},"words_typography_font_size":{"unit":"px","size":20,"sizes":[]}},"elements":[],"isInner":false,"widgetType":"animated-headline","elType":"widget"},{"id":"3c933b18","settings":{"layout":"above","bg_image":{"url":"","id":"","size":"","alt":"image of emeals meal prep app","source":"library"},"bg_image_size":"medium","graphic_element":"image","graphic_image":{"url":"https:\/\/emeals.com\/meal-planning\/wp-content\/uploads\/2023\/02\/1-how-it-works_onboarding-gif.png","id":1047,"size":"","alt":"","source":"library"},"graphic_image_size":"large","title":"Get The Meal Planning App!","description":"Our meal prep app allows you to shop smarter with eMeals + Grocery partners. Pick your meals with a seamless shopping list, then our partners will shop your grocery order. You can choose pickup or delivery...and this is all in one app.","button":"Click Here","min-height":{"unit":"px","size":100,"sizes":[]},"min-height_mobile":{"unit":"px","size":100,"sizes":[]},"vertical_position":"top","image_min_width":{"unit":"px","size":0,"sizes":[]},"image_min_height":{"unit":"px","size":0,"sizes":[]},"image_min_height_mobile":{"unit":"px","size":0,"sizes":[]},"graphic_image_spacing":{"unit":"px","size":35,"sizes":[]},"graphic_image_width":{"unit":"%","size":100,"sizes":[]},"title_spacing":{"unit":"px","size":26,"sizes":[]},"content_bg_color":"#FFFFFF","title_color":"#303C4B","description_color":"#303C4B","button_border_width":{"unit":"px","size":2,"sizes":[]},"_element_width":"initial","_element_width_mobile":"inherit","_element_custom_width":{"unit":"%","size":52},"_element_custom_width_mobile":{"unit":"px","size":716,"sizes":[]},"_flex_align_self":"center","_flex_align_self_mobile":"stretch","_flex_order":"end","_flex_order_mobile":"start","_flex_size":"none","_background_background":"classic","_background_color":"#FFFFFF","__globals__":{"_background_color":"globals\/colors?id=b97fcda","content_bg_color":"globals\/colors?id=948b3b5","title_color":"globals\/colors?id=secondary","description_color":"globals\/colors?id=secondary","button_color":"","button_text_color":"globals\/colors?id=secondary","button_background_color":"globals\/colors?id=b97fcda","button_border_color":"globals\/colors?id=secondary","button_hover_text_color":"globals\/colors?id=b97fcda","button_hover_background_color":"globals\/colors?id=secondary","button_hover_border_color":"globals\/colors?id=secondary","button_typography_typography":"globals\/typography?id=accent","title_typography_typography":"globals\/typography?id=secondary"},"link":{"url":"https:\/\/emeals.com\/account\/join_account.php?","is_external":"","nofollow":"","custom_attributes":""},"graphic_image_border_radius":{"unit":"px","size":2,"sizes":[]},"description_spacing":{"unit":"px","size":23,"sizes":[]}},"elements":[],"isInner":false,"widgetType":"call-to-action","elType":"widget"}],"isInner":false,"elType":"container"},{"id":"72027301","settings":{"flex_direction":"column","flex_justify_content":"center","flex_align_items":"center"},"elements":[{"id":"dbed7f7","settings":{"flex_direction":"column","flex_justify_content":"flex-start","flex_align_items":"center","flex_gap":{"unit":"px","size":0,"sizes":[]},"_flex_align_self":"center"},"elements":[{"id":"54517a5a","settings":{"space":{"unit":"px","size":60,"sizes":[]}},"elements":[],"isInner":false,"widgetType":"spacer","elType":"widget"},{"id":"548563ad","settings":{"title":"More Meal Planning Articles You May Like","align":"center","__globals__":{"typography_typography":"globals\/typography?id=secondary"}},"elements":[],"isInner":false,"widgetType":"heading","elType":"widget"},{"id":"6f7681b4","settings":{"space":{"unit":"px","size":14,"sizes":[]}},"elements":[],"isInner":false,"widgetType":"spacer","elType":"widget"},{"id":"1643f839","settings":{"template_id":"1226","columns":2,"posts_per_page":2,"alternate_templates":[{"template_id":null,"_id":"c3a825f"}],"pagination_page_limit":"5","pagination_prev_label":"Previous","pagination_next_label":"Next","text":"Load More","load_more_no_posts_custom_message":"No more posts to show","equal_height":"yes","column_gap":{"unit":"px","size":40,"sizes":[]},"row_gap":{"unit":"px","size":0,"sizes":[]},"_flex_align_self":"center"},"elements":[],"isInner":false,"widgetType":"loop-grid","elType":"widget"}],"isInner":false,"elType":"container"}],"isInner":false,"elType":"container"},{"id":"11aca52","settings":{"flex_direction":"column"},"elements":[{"id":"29d0d1c6","settings":[],"elements":[],"isInner":false,"widgetType":"spacer","elType":"widget"}],"isInner":false,"elType":"container"},{"id":"51b2c571","settings":{"layout":"full_width","flex_gap":{"size":0,"unit":"px"},"min_height":{"unit":"vh","size":0,"sizes":[]},"min_height_tablet":{"unit":"vh","size":"","sizes":[]},"min_height_mobile":{"unit":"vh","size":"","sizes":[]},"background_background":"classic","padding":{"unit":"%","top":"0","right":"0","bottom":"0","left":"0","isLinked":true},"padding_tablet":{"unit":"%","top":"10","right":"5","bottom":"10","left":"5","isLinked":false},"padding_mobile":{"unit":"%","top":"20","right":"5","bottom":"20","left":"5","isLinked":false},"_title":"Pricing","flex_direction":"column","flex_align_items":"center","flex_justify_content":"flex-start","flex_gap_mobile":{"unit":"px","size":30,"sizes":[]},"boxed_width":{"unit":"px","size":1140,"sizes":[]},"__globals__":{"background_color":"globals\/colors?id=b97fcda"},"overflow":"hidden","width":{"unit":"%","size":100,"sizes":[]},"_flex_align_self":"center"},"elements":[{"id":"6db10e57","settings":{"flex_direction":"column","flex_gap":{"unit":"px","size":0,"sizes":[]},"padding":{"unit":"px","top":"0","right":"0","bottom":"0","left":"0","isLinked":true},"flex_justify_content":"center","flex_align_items":"center","flex_wrap":"wrap","overflow":"auto","html_tag":"section","_flex_align_self":"center"},"elements":[{"id":"47209551","settings":{"title":"Frequently Asked Questions ","align":"center","title_color":"#99CA3C","_margin":{"unit":"%","top":"0","right":"0","bottom":"5","left":"0","isLinked":false},"_margin_tablet":{"unit":"%","top":"","right":"","bottom":"","left":"","isLinked":true},"_margin_mobile":{"unit":"%","top":"0","right":"0","bottom":"0","left":"0","isLinked":false},"animation_duration":"slow","_padding_mobile":{"unit":"px","top":"0","right":"0","bottom":"0","left":"0","isLinked":true},"_flex_size":"none","__globals__":{"title_color":"globals\/colors?id=secondary","typography_typography":"globals\/typography?id=secondary"},"_flex_align_self":"center"},"elements":[],"isInner":false,"widgetType":"heading","elType":"widget"},{"id":"7675e376","settings":{"tabs":[{"tab_title":"What Is The Difference Between Meal Plans And Meal Kits?","tab_content":"<p>Meal plans will save you money. Meal kits range from $8 to $10 per meal plus the cost of shipping. Meal plans, like the ones eMeals offers, are a cost-effective alternative. For just $4.99 per month, you can get access to a wide variety of recipes and grocery pickup and delivery options that eMeals provides.<\/p><p>Meal plans are an efficient way to also save time, as they offer more flexibility than meal kits, which only provide individual meals. By ordering meal plans for the week, you can save time compared to ordering individual meals with meal kits.<\/p><p>Meal plans are more flexible. Meal kits come with pre-packed ingredients, whereas eMeals meal plans gives you a shopping list for the plan chosen. For example, if you would like a meal plan for weight loss, eMeals offers\u00a0<a href=\"https:\/\/emeals.com\/meal-plans\/quick-and-healthy\/\">Quick + Healthy<\/a>,\u00a0<a href=\"https:\/\/emeals.com\/meal-plans\/clean-eating\/\">Clean Eating<\/a>, and\u00a0<a href=\"https:\/\/emeals.com\/meal-plans\/low-carb\/\" target=\"_blank\" rel=\"noopener\">Low Carb<\/a>\u00a0meal plans that will help you in your weight loss journey. Or, if you prefer meal plans for dieting, eMeals has\u00a0<a href=\"https:\/\/emeals.com\/meal-plans\/keto\/\">Keto<\/a>,\u00a0<a href=\"https:\/\/emeals.com\/meal-plans\/paleo\/\">Paleo<\/a>,\u00a0<a href=\"https:\/\/emeals.com\/meal-plans\/gluten-free\/\">Gluten-Free<\/a>, and\u00a0<a href=\"https:\/\/emeals.com\/meal-plans\/mediterranean\/\">Mediterranean<\/a>\u00a0meal plans to help you reach your diet goals.<\/p>","_id":"5dfe191"},{"tab_title":"How do I decide what meal plan is best for me?","tab_content":"<p>When you begin meal planning, you should first determine your dietary and lifestyle ambitions. If you desire a meal plan diet that limits carbs, a meal plan plant-based diet that dodges common dietary allergies, or meal plans for weight loss, eMeals offers <a href=\"https:\/\/emeals.com\/meal-plans\/\">15 meal plans<\/a> to select from to meet your requirements.<\/p><p>If you want to eat healthier or lose weight, we offer clean eating meal plans, low calorie meal plans, quick and healthy meal plans, and more. Meal plans that accommodate common food allergies include gluten-free meal plans, plant-based meal plans, keto meal plans, and paleo meal plans.<\/p><p>The diabetic meal plans and heart-healthy meal plans are perfect for those who want to focus on their health requirements. eMeals also offers budget-friendly meal plans for those looking to save money along with kid-friendly meal plans, 30 minute meal plans, and slow-cooker meal plans for those cooking for a family.<\/p>","_id":"b7a62d1"},{"tab_title":"Who benefits from meal plans?","tab_content":"<p>Meal plans benefit <em>everyone. <\/em>They also help with reducing food waste and making meal planning much easier. A variety of menu options allows you to expand your taste palate and introduce new foods to your diet.<\/p><p>You will be better prepared and less stressed with a meal plan for the week versus deciding what to cook at the last minute. If you decide to meal plan for one, meal plan for diabetes, meal plan for building muscle, or meal plan for diet, our meal plan ideas and meal plan services will help you reach your goals.<\/p><p>Our customized shopping lists set the correct amount of ingredients for your prepared meals, so food waste is also reduced. eMeals also provides meal planning templates, like <a href=\"https:\/\/emeals.canto.com\/s\/NLM7E?viewIndex=0&amp;column=document&amp;id=ic3il55t015ot8m7gc45u0lu3h&amp;utm_campaign=2023-01-14-newsletter-active&amp;utm_source=emeals-active&amp;utm_medium=email\">this one for dinner meal planning<\/a>, to add extra help.<\/p><p>A meal plan subscription is also simpler for busy families. Making weekly meals tailored to your and your family's needs increases your chances of success. For example, a meal plan for diabetics or a meal plan to lower cholesterol, like our clean eating meal plan, offer more fresh produce and wholesome ingredients than other meal planning recipes.<\/p><p>We provide meal planning printables (which include a <a href=\"https:\/\/emeals.canto.com\/s\/NLM7E?viewIndex=0&amp;column=document&amp;id=ic3il55t015ot8m7gc45u0lu3h&amp;utm_campaign=2023-01-14-newsletter-active&amp;utm_source=emeals-active&amp;utm_medium=email\">weekly meal planning calendar<\/a> for dinner), a grocery list, and do the grocery shopping for you, saving time and effort that would have gone into making recipe cards and buying groceries at the store.<\/p><p>Since meal planning apps are helpful, eMeals has an easy-to-use meal plan app that helps plan and organize weekly meals for you as well.<\/p>","_id":"7287370"},{"_id":"de84baf","tab_title":"When and how can I start meal prepping?","tab_content":"<p>Are you wondering about all things meal planning or saying to yourself \"I would love an app for meal planning that plans my meals for me\"? If so, then you are in luck with eMeals, the best meal planner online. Our meal plan site, meal plan app, and online meal planner offers 15 delicious meal plans tailored to each customers' lifestyle and dietary needs.\u00a0<\/p><p>The first step to meal\u00a0 planning is finding a <a href=\"https:\/\/emeals.com\/account\/join_account.php?\">meal prep app<\/a> or meal planner website that takes the stress out of planning meals. Head over to our <a href=\"https:\/\/emeals.com\/\">meal planning website<\/a> for details on our food plans. Once you choose your online meal plans, browse meal plans recipes for the week.<\/p><p>Next, open the app to create a seamless meal planning app grocery list that takes only minutes. Our meal planning services curate the grocery list and send it to one of our several grocery partners that shops for you! Decide how you will receive the grocery order either with curbside pickup or grocery delivery. Lastly, cook the yummy recipes and enjoy home-cooked meals with your family.\u00a0<\/p><p>Welcome to the meal planning program!<\/p>"}],"selected_icon":{"value":"fas fa-angle-down","library":"fa-solid"},"selected_active_icon":{"value":"fas fa-angle-right","library":"fa-solid"},"title_html_tag":"h3","border_width":{"unit":"px","size":2,"sizes":[]},"border_color":"#EDF0F3","space_between":{"unit":"px","size":1,"sizes":[]},"tab_active_color":"#303C4B","title_typography_typography":"custom","title_typography_font_family":"Poppins","title_typography_font_size":{"unit":"px","size":17,"sizes":[]},"title_typography_font_weight":"700","title_typography_text_transform":"capitalize","title_typography_font_style":"normal","title_typography_text_decoration":"none","title_typography_line_height":{"unit":"em","size":1.6,"sizes":[]},"title_typography_letter_spacing":{"unit":"px","size":0,"sizes":[]},"title_padding":{"unit":"px","top":"18","right":"0","bottom":"18","left":"14","isLinked":false},"content_color":"#303C4B","content_typography_typography":"custom","content_typography_font_family":"Poppins","content_typography_font_size":{"unit":"px","size":14,"sizes":[]},"content_typography_font_weight":"400","content_typography_text_transform":"none","content_typography_font_style":"normal","content_typography_text_decoration":"none","content_typography_line_height":{"unit":"em","size":1.6,"sizes":[]},"content_typography_letter_spacing":{"unit":"px","size":0.1,"sizes":[]},"_border_border":"solid","_border_width":{"unit":"px","top":"2","right":"0","bottom":"0","left":"0","isLinked":false},"_border_color":"#99CA3C","faq_schema":"yes","box_shadow_box_shadow":{"horizontal":0,"vertical":0,"blur":1,"spread":1,"color":"rgba(0,0,0,0.5)"},"icon_color":"#303C4B","icon_active_color":"#99CA3C","icon_space":{"unit":"px","size":8,"sizes":[]},"content_background_color":"#F3F3F3","content_padding":{"unit":"px","top":"25","right":"25","bottom":"0","left":"25","isLinked":false},"__globals__":{"border_color":"globals\/colors?id=80fb6de","title_color":"globals\/colors?id=primary","tab_active_color":"","title_background":"","icon_color":"globals\/colors?id=secondary","icon_active_color":"globals\/colors?id=secondary","content_color":"globals\/colors?id=secondary","content_typography_typography":"","title_typography_typography":"","_border_color":"globals\/colors?id=42c0f4b","content_background_color":""}},"elements":[],"isInner":false,"widgetType":"toggle","elType":"widget"},{"id":"6536a70e","settings":[],"elements":[],"isInner":false,"widgetType":"spacer","elType":"widget"},{"id":"1b3f664e","settings":{"editor":"<script type=\"application\/ld+json\">\n{\n  \"@context\": \"https:\/\/schema.org\",\n  \"@type\": \"FAQPage\",\n  \"mainEntity\": [{\n    \"@type\": \"Question\",\n    \"name\": \"What Is The Difference Between Meal Plans And Meal Kits?\",\n    \"acceptedAnswer\": {\n      \"@type\": \"Answer\",\n      \"text\": \"Meal plans will save you money. Meal kits range from $8 to $10 per meal plus the cost of shipping. Meal plans, like the ones eMeals offers, are a cost-effective alternative. For just $4.99 per month, you can get access to a wide variety of recipes and grocery pickup and delivery options that eMeals provides.\n\nMeal plans are an efficient way to also save time, as they offer more flexibility than meal kits, which only provide individual meals. By ordering meal plans for the week, you can save time compared to ordering individual meals with meal kits.\n\nMeal plans are more flexible. Meal kits come with pre-packed ingredients, whereas eMeals meal plans gives you a shopping list for the plan chosen. For example, if you would like a meal plan for weight loss, eMeals offers Quick + Healthy, Clean Eating, and Low Carb meal plans that will help you in your weight loss journey. Or, if you prefer meal plans for dieting, eMeals has Keto, Paleo, Gluten-Free, and Mediterranean meal plans to help you reach your diet goals.\"\n    }\n  },{\n    \"@type\": \"Question\",\n    \"name\": \"How do I decide what meal plan is best for me?\",\n    \"acceptedAnswer\": {\n      \"@type\": \"Answer\",\n      \"text\": \"When you begin meal planning, you should first determine your dietary and lifestyle ambitions. If you desire a meal plan diet that limits carbs, a meal plan plant-based diet that dodges common dietary allergies, or meal plans for weight loss, eMeals offers 15 meal plans to select from to meet your requirements.\n\nIf you want to eat healthier or lose weight, we offer clean eating meal plans, low calorie meal plans, quick and healthy meal plans, and more. Meal plans that accommodate common food allergies include gluten-free meal plans, plant-based meal plans, keto meal plans, and paleo meal plans.\n\nThe diabetic meal plans and heart-healthy meal plans are perfect for those who want to focus on their health requirements. eMeals also offers budget-friendly meal plans for those looking to save money along with kid-friendly meal plans, 30 minute meal plans, and slow-cooker meal plans for those cooking for a family.\"\n    }\n  },{\n    \"@type\": \"Question\",\n    \"name\": \"Who benefits from meal plans?\",\n    \"acceptedAnswer\": {\n      \"@type\": \"Answer\",\n      \"text\": \"Meal plans benefit everyone. They also help with reducing food waste and making meal planning much easier. A variety of menu options allows you to expand your taste palate and introduce new foods to your diet.\n\nYou will be better prepared and less stressed with a meal plan for the week versus deciding what to cook at the last minute. If you decide to meal plan for one, meal plan for diabetes, meal plan for building muscle, or meal plan for diet, our meal plan ideas and meal plan services will help you reach your goals.\n\nOur customized shopping lists set the correct amount of ingredients for your prepared meals, so food waste is also reduced. eMeals also provides meal planning templates, like this one for dinner meal planning, to add extra help.\n\nA meal plan subscription is also simpler for busy families. Making weekly meals tailored to your and your family's needs increases your chances of success. For example, a meal plan for diabetics or a meal plan to lower cholesterol, like our clean eating meal plan, offer more fresh produce and wholesome ingredients than other meal planning recipes.\n\nWe provide meal planning printables (which include a weekly meal planning calendar for dinner), a grocery list, and do the grocery shopping for you, saving time and effort that would have gone into making recipe cards and buying groceries at the store.\n\nSince meal planning apps are helpful, eMeals has an easy-to-use meal plan app that helps plan and organize weekly meals for you as well.\"\n    }\n  },{\n    \"@type\": \"Question\",\n    \"name\": \"When and how can I start meal prepping?\",\n    \"acceptedAnswer\": {\n      \"@type\": \"Answer\",\n      \"text\": \"Are you wondering about all things meal planning or saying to yourself \\\"I would love an app for meal planning that plans my meals for me\\\"? If so, then you are in luck with eMeals, the best meal planner online. Our meal plan site, meal plan app, and online meal planner offers 15 delicious meal plans tailored to each customers' lifestyle and dietary needs. \n\nThe first step to meal  planning is finding a meal prep app or meal planner website that takes the stress out of planning meals. Head over to our meal planning website for details on our food plans. Once you choose your online meal plans, browse meal plans recipes for the week.\n\nNext, open the app to create a seamless meal planning app grocery list that takes only minutes. Our meal planning services curate the grocery list and send it to one of our several grocery partners that shops for you! Decide how you will receive the grocery order either with curbside pickup or grocery delivery. Lastly, cook the yummy recipes and enjoy home-cooked meals with your family. \n\nWelcome to the meal planning program!\"\n    }\n  }]\n}\n<\/script>"},"elements":[],"isInner":false,"widgetType":"text-editor","elType":"widget"}],"isInner":false,"elType":"container"}],"isInner":false,"elType":"container"},{"id":"41e0c4ca","settings":{"background_background":"classic","__globals__":{"background_color":"globals\/colors?id=80fb6de"},"content_width":"full","flex_justify_content":"center","flex_align_items":"center"},"elements":[{"id":"3fd1b675","settings":[],"elements":[],"isInner":false,"widgetType":"spacer","elType":"widget"},{"id":"51bcc8ac","settings":{"image":{"id":9,"url":"https:\/\/emeals.com\/meal-planning\/wp-content\/uploads\/2023\/01\/emeals-logo.png","alt":"","source":"library","size":""},"image_size":"full","link_to":"custom","width":{"unit":"%","size":100,"sizes":[]},"__dynamic__":[],"link":{"url":"https:\/\/emeals.com","is_external":"","nofollow":"","custom_attributes":""},"width_mobile":{"unit":"%","size":79,"sizes":[]},"_element_width":"initial","_element_custom_width":{"unit":"%","size":23},"_flex_align_self":"center","_flex_size":"none"},"elements":[],"isInner":false,"widgetType":"image","elType":"widget"},{"id":"3f7e9b26","settings":[],"elements":[],"isInner":false,"widgetType":"spacer","elType":"widget"}],"isInner":false,"elType":"container"},{"id":"398ca7cd","settings":{"flex_direction":"row","content_width":"full","flex_justify_content":"center","background_background":"classic","__globals__":{"background_color":"globals\/colors?id=80fb6de"}},"elements":[{"id":"53f82c6f","settings":{"image":{"url":"https:\/\/emeals.com\/meal-planning\/wp-content\/uploads\/2023\/03\/eMeals-Meal-Planning-App-Quote-e1678137979463.webp","id":726,"size":"","alt":"","source":"library"},"width":{"unit":"%","size":100,"sizes":[]}},"elements":[],"isInner":false,"widgetType":"image","elType":"widget"}],"isInner":false,"elType":"container"},{"id":"40509eb4","settings":{"layout":"full_width","flex_gap":{"size":0,"unit":"px"},"min_height":{"unit":"vh","size":0,"sizes":[]},"min_height_tablet":{"unit":"vh","size":"","sizes":[]},"min_height_mobile":{"unit":"vh","size":"","sizes":[]},"background_background":"classic","padding":{"unit":"%","top":"2","right":"2","bottom":"2","left":"2","isLinked":true},"padding_tablet":{"unit":"%","top":"10","right":"5","bottom":"10","left":"5","isLinked":false},"padding_mobile":{"unit":"%","top":"20","right":"5","bottom":"20","left":"5","isLinked":false},"_title":"Pricing","flex_direction":"column","flex_align_items":"center","flex_justify_content":"center","flex_gap_mobile":{"unit":"px","size":30,"sizes":[]},"boxed_width":{"unit":"px","size":1140,"sizes":[]},"__globals__":{"background_color":"globals\/colors?id=80fb6de"},"content_width":"full","overflow":"hidden","width":{"unit":"%","size":100,"sizes":[]},"flex_wrap":"wrap","_flex_align_self":"center"},"elements":[{"id":"6de1c9a9","settings":{"content_width":"full","flex_direction":"column","flex_gap":{"unit":"px","size":0,"sizes":[]},"padding":{"unit":"px","top":"0","right":"0","bottom":"0","left":"0","isLinked":true},"flex_justify_content":"center","flex_align_items":"center","flex_wrap":"wrap","overflow":"auto","html_tag":"section","_flex_align_self":"center","_flex_order":"start","width":{"unit":"%","size":98.085},"background_background":"classic","_flex_size":"none","_element_width":"initial","__globals__":{"background_color":""}},"elements":[{"id":"56c4ab56","settings":{"editor":"<script type=\"application\/ld+json\">\n{\n  \"@context\": \"https:\/\/schema.org\",\n  \"@type\": \"FAQPage\",\n  \"mainEntity\": [{\n    \"@type\": \"Question\",\n    \"name\": \"What Is The Difference Between Meal Plans And Meal Kits?\",\n    \"acceptedAnswer\": {\n      \"@type\": \"Answer\",\n      \"text\": \"Meal plans will save you money. Meal kits range from $8 to $10 per meal plus the cost of shipping. Meal plans, like the ones eMeals offers, are a cost-effective alternative. For just $4.99 per month, you can get access to a wide variety of recipes and grocery pickup and delivery options that eMeals provides.\n\nMeal plans are an efficient way to also save time, as they offer more flexibility than meal kits, which only provide individual meals. By ordering meal plans for the week, you can save time compared to ordering individual meals with meal kits.\n\nMeal plans are more flexible. Meal kits come with pre-packed ingredients, whereas eMeals meal plans gives you a shopping list for the plan chosen. For example, if you would like a meal plan for weight loss, eMeals offers Quick + Healthy, Clean Eating, and Low Carb meal plans that will help you in your weight loss journey. Or, if you prefer meal plans for dieting, eMeals has Keto, Paleo, Gluten-Free, and Mediterranean meal plans to help you reach your diet goals.\"\n    }\n  },{\n    \"@type\": \"Question\",\n    \"name\": \"How do I decide what meal plan is best for me?\",\n    \"acceptedAnswer\": {\n      \"@type\": \"Answer\",\n      \"text\": \"When you begin meal planning, you should first determine your dietary and lifestyle ambitions. If you desire a meal plan diet that limits carbs, a meal plan plant-based diet that dodges common dietary allergies, or meal plans for weight loss, eMeals offers 15 meal plans to select from to meet your requirements.\n\nIf you want to eat healthier or lose weight, we offer clean eating meal plans, low calorie meal plans, quick and healthy meal plans, and more. Meal plans that accommodate common food allergies include gluten-free meal plans, plant-based meal plans, keto meal plans, and paleo meal plans.\n\nThe diabetic meal plans and heart-healthy meal plans are perfect for those who want to focus on their health requirements. eMeals also offers budget-friendly meal plans for those looking to save money along with kid-friendly meal plans, 30 minute meal plans, and slow-cooker meal plans for those cooking for a family.\"\n    }\n  },{\n    \"@type\": \"Question\",\n    \"name\": \"Who benefits from meal plans?\",\n    \"acceptedAnswer\": {\n      \"@type\": \"Answer\",\n      \"text\": \"Meal plans benefit everyone. They also help with reducing food waste and making meal planning much easier. A variety of menu options allows you to expand your taste palate and introduce new foods to your diet.\n\nYou will be better prepared and less stressed with a meal plan for the week versus deciding what to cook at the last minute. If you decide to meal plan for one, meal plan for diabetes, meal plan for building muscle, or meal plan for diet, our meal plan ideas and meal plan services will help you reach your goals.\n\nOur customized shopping lists set the correct amount of ingredients for your prepared meals, so food waste is also reduced. eMeals also provides meal planning templates, like this one for dinner meal planning, to add extra help.\n\nA meal plan subscription is also simpler for busy families. Making weekly meals tailored to your and your family's needs increases your chances of success. For example, a meal plan for diabetics or a meal plan to lower cholesterol, like our clean eating meal plan, offer more fresh produce and wholesome ingredients than other meal planning recipes.\n\nWe provide meal planning printables (which include a weekly meal planning calendar for dinner), a grocery list, and do the grocery shopping for you, saving time and effort that would have gone into making recipe cards and buying groceries at the store.\n\nSince meal planning apps are helpful, eMeals has an easy-to-use meal plan app that helps plan and organize weekly meals for you as well.\"\n    }\n  },{\n    \"@type\": \"Question\",\n    \"name\": \"When and how can I start meal prepping?\",\n    \"acceptedAnswer\": {\n      \"@type\": \"Answer\",\n      \"text\": \"Are you wondering about all things meal planning or saying to yourself \\\"I would love an app for meal planning that plans my meals for me\\\"? If so, then you are in luck with eMeals, the best meal planner online. Our meal plan site, meal plan app, and online meal planner offers 15 delicious meal plans tailored to each customers' lifestyle and dietary needs. \n\nThe first step to meal  planning is finding a meal prep app or meal planner website that takes the stress out of planning meals. Head over to our meal planning website for details on our food plans. Once you choose your online meal plans, browse meal plans recipes for the week.\n\nNext, open the app to create a seamless meal planning app grocery list that takes only minutes. Our meal planning services curate the grocery list and send it to one of our several grocery partners that shops for you! Decide how you will receive the grocery order either with curbside pickup or grocery delivery. Lastly, cook the yummy recipes and enjoy home-cooked meals with your family. \n\nWelcome to the meal planning program!\"\n    }\n  }]\n}\n<\/script>"},"elements":[],"isInner":false,"widgetType":"text-editor","elType":"widget"}],"isInner":false,"elType":"container"},{"id":"d6048a6","settings":{"content_width":"full","flex_direction":"column","flex_gap":{"unit":"px","size":0,"sizes":[]},"padding":{"unit":"px","top":"0","right":"0","bottom":"0","left":"0","isLinked":true},"flex_justify_content":"flex-start","flex_align_items":"center","flex_wrap":"wrap","overflow":"auto","html_tag":"section","_flex_align_self":"center","_flex_order":"start","width":{"unit":"%","size":45,"sizes":[]}},"elements":[{"id":"44a25f03","settings":[],"elements":[],"isInner":false,"widgetType":"spacer","elType":"widget"},{"id":"5ab4156c","settings":{"heading":"Try eMeals FREE for 14 days","sub_heading":"100% satisfaction guaranteed","price":"4.99","period":"Monthly","features_list":[{"item_text":"Less Stress","_id":"179fc1a"},{"item_text":"More Dinners","_id":"4234c60"},{"item_text":"15 Meal Plans","_id":"0b139eb"}],"button_text":"Join Today","link":{"url":"https:\/\/emeals.com\/account\/join_account.php?","is_external":"on","nofollow":"","custom_attributes":"a href | \/join_account.php?"},"footer_additional_info":"","ribbon_title":"Popular","ribbon_horizontal_position":"left","header_bg_color":"#99CA3C","heading_typography_typography":"custom","heading_typography_font_family":"Poppins","heading_typography_font_size":{"unit":"px","size":22,"sizes":[]},"heading_typography_font_weight":"700","heading_typography_text_transform":"none","heading_typography_text_decoration":"none","heading_typography_line_height":{"unit":"em","size":1.6,"sizes":[]},"heading_typography_letter_spacing":{"unit":"px","size":0,"sizes":[]},"sub_heading_typography_typography":"custom","sub_heading_typography_font_size":{"unit":"px","size":14,"sizes":[]},"sub_heading_typography_font_size_mobile":{"unit":"px","size":20,"sizes":[]},"sub_heading_typography_font_weight":"600","sub_heading_typography_text_transform":"none","sub_heading_typography_text_decoration":"none","sub_heading_typography_line_height":{"unit":"em","size":1.4,"sizes":[]},"sub_heading_typography_letter_spacing":{"unit":"px","size":0.2,"sizes":[]},"pricing_element_bg_color":"#FFFFFF","price_typography_typography":"custom","price_typography_font_size":{"unit":"px","size":70,"sizes":[]},"price_typography_font_weight":"700","price_typography_text_transform":"capitalize","price_typography_font_style":"normal","price_typography_text_decoration":"none","price_typography_line_height":{"unit":"em","size":1.2,"sizes":[]},"price_typography_letter_spacing":{"unit":"px","size":0,"sizes":[]},"currency_size":{"unit":"px","size":44,"sizes":[]},"fractional-part_size":{"unit":"px","size":38,"sizes":[]},"period_typography_typography":"custom","period_typography_font_size":{"unit":"px","size":14,"sizes":[]},"period_typography_font_size_mobile":{"unit":"px","size":20,"sizes":[]},"period_typography_font_weight":"600","period_typography_text_transform":"none","period_typography_text_decoration":"none","period_typography_line_height":{"unit":"em","size":1.4,"sizes":[]},"period_typography_letter_spacing":{"unit":"px","size":0.2,"sizes":[]},"features_list_bg_color":"#FFFFFF","features_list_color":"#303C4B","item_width":{"unit":"px","size":100,"sizes":[]},"divider_color":"#99CA3C","divider_weight":{"unit":"px","size":1,"sizes":[]},"divider_width":{"unit":"px","size":44,"sizes":[]},"divider_gap":{"unit":"px","size":16,"sizes":[]},"footer_bg_color":"#FFFFFF","footer_padding":{"unit":"px","top":"24","right":"24","bottom":"24","left":"24","isLinked":true},"button_text_color":"#303C4B","button_background_color":"#FFFFFF","button_border_border":"solid","button_border_width":{"unit":"px","top":"1","right":"1","bottom":"1","left":"1","isLinked":true},"button_border_color":"#303C4B","ribbon_bg_color":"#FFFFFF","ribbon_text_color":"#303C4B","ribbon_typography_typography":"custom","ribbon_typography_font_family":"Poppins","ribbon_typography_font_size":{"unit":"px","size":17,"sizes":[]},"ribbon_typography_font_weight":"700","ribbon_typography_text_transform":"capitalize","ribbon_typography_text_decoration":"none","ribbon_typography_line_height":{"unit":"em","size":1.6,"sizes":[]},"ribbon_typography_letter_spacing":{"unit":"px","size":0,"sizes":[]},"_element_width":"inherit","__globals__":{"header_bg_color":"globals\/colors?id=42c0f4b","heading_typography_typography":"","sub_heading_typography_typography":"globals\/typography?id=accent","pricing_element_bg_color":"globals\/colors?id=b97fcda","price_typography_typography":"","period_typography_typography":"globals\/typography?id=accent","features_list_color":"globals\/colors?id=secondary","features_list_bg_color":"globals\/colors?id=b97fcda","divider_color":"globals\/colors?id=42c0f4b","footer_bg_color":"globals\/colors?id=b97fcda","button_text_color":"globals\/colors?id=secondary","button_background_color":"globals\/colors?id=b97fcda","button_border_color":"globals\/colors?id=secondary","ribbon_bg_color":"globals\/colors?id=948b3b5","ribbon_text_color":"globals\/colors?id=42c0f4b","ribbon_typography_typography":"","price_color":"globals\/colors?id=secondary","period_color":"globals\/colors?id=secondary","button_hover_color":"globals\/colors?id=948b3b5","button_background_hover_color":"globals\/colors?id=secondary"},"show_ribbon":""},"elements":[],"isInner":false,"widgetType":"price-table","elType":"widget"},{"id":"2b4454c1","settings":[],"elements":[],"isInner":false,"widgetType":"spacer","elType":"widget"},{"id":"273a73ad","settings":{"editor":"<script type=\"application\/ld+json\">\n{\n  \"@context\": \"https:\/\/schema.org\",\n  \"@type\": \"FAQPage\",\n  \"mainEntity\": [{\n    \"@type\": \"Question\",\n    \"name\": \"What Is The Difference Between Meal Plans And Meal Kits?\",\n    \"acceptedAnswer\": {\n      \"@type\": \"Answer\",\n      \"text\": \"Meal plans will save you money. Meal kits range from $8 to $10 per meal plus the cost of shipping. Meal plans, like the ones eMeals offers, are a cost-effective alternative. For just $4.99 per month, you can get access to a wide variety of recipes and grocery pickup and delivery options that eMeals provides.\n\nMeal plans are an efficient way to also save time, as they offer more flexibility than meal kits, which only provide individual meals. By ordering meal plans for the week, you can save time compared to ordering individual meals with meal kits.\n\nMeal plans are more flexible. Meal kits come with pre-packed ingredients, whereas eMeals meal plans gives you a shopping list for the plan chosen. For example, if you would like a meal plan for weight loss, eMeals offers Quick + Healthy, Clean Eating, and Low Carb meal plans that will help you in your weight loss journey. Or, if you prefer meal plans for dieting, eMeals has Keto, Paleo, Gluten-Free, and Mediterranean meal plans to help you reach your diet goals.\"\n    }\n  },{\n    \"@type\": \"Question\",\n    \"name\": \"How do I decide what meal plan is best for me?\",\n    \"acceptedAnswer\": {\n      \"@type\": \"Answer\",\n      \"text\": \"When you begin meal planning, you should first determine your dietary and lifestyle ambitions. If you desire a meal plan diet that limits carbs, a meal plan plant-based diet that dodges common dietary allergies, or meal plans for weight loss, eMeals offers 15 meal plans to select from to meet your requirements.\n\nIf you want to eat healthier or lose weight, we offer clean eating meal plans, low calorie meal plans, quick and healthy meal plans, and more. Meal plans that accommodate common food allergies include gluten-free meal plans, plant-based meal plans, keto meal plans, and paleo meal plans.\n\nThe diabetic meal plans and heart-healthy meal plans are perfect for those who want to focus on their health requirements. eMeals also offers budget-friendly meal plans for those looking to save money along with kid-friendly meal plans, 30 minute meal plans, and slow-cooker meal plans for those cooking for a family.\"\n    }\n  },{\n    \"@type\": \"Question\",\n    \"name\": \"Who benefits from meal plans?\",\n    \"acceptedAnswer\": {\n      \"@type\": \"Answer\",\n      \"text\": \"Meal plans benefit everyone. They also help with reducing food waste and making meal planning much easier. A variety of menu options allows you to expand your taste palate and introduce new foods to your diet.\n\nYou will be better prepared and less stressed with a meal plan for the week versus deciding what to cook at the last minute. If you decide to meal plan for one, meal plan for diabetes, meal plan for building muscle, or meal plan for diet, our meal plan ideas and meal plan services will help you reach your goals.\n\nOur customized shopping lists set the correct amount of ingredients for your prepared meals, so food waste is also reduced. eMeals also provides meal planning templates, like this one for dinner meal planning, to add extra help.\n\nA meal plan subscription is also simpler for busy families. Making weekly meals tailored to your and your family's needs increases your chances of success. For example, a meal plan for diabetics or a meal plan to lower cholesterol, like our clean eating meal plan, offer more fresh produce and wholesome ingredients than other meal planning recipes.\n\nWe provide meal planning printables (which include a weekly meal planning calendar for dinner), a grocery list, and do the grocery shopping for you, saving time and effort that would have gone into making recipe cards and buying groceries at the store.\n\nSince meal planning apps are helpful, eMeals has an easy-to-use meal plan app that helps plan and organize weekly meals for you as well.\"\n    }\n  },{\n    \"@type\": \"Question\",\n    \"name\": \"When and how can I start meal prepping?\",\n    \"acceptedAnswer\": {\n      \"@type\": \"Answer\",\n      \"text\": \"Are you wondering about all things meal planning or saying to yourself \\\"I would love an app for meal planning that plans my meals for me\\\"? If so, then you are in luck with eMeals, the best meal planner online. Our meal plan site, meal plan app, and online meal planner offers 15 delicious meal plans tailored to each customers' lifestyle and dietary needs. \n\nThe first step to meal  planning is finding a meal prep app or meal planner website that takes the stress out of planning meals. Head over to our meal planning website for details on our food plans. Once you choose your online meal plans, browse meal plans recipes for the week.\n\nNext, open the app to create a seamless meal planning app grocery list that takes only minutes. Our meal planning services curate the grocery list and send it to one of our several grocery partners that shops for you! Decide how you will receive the grocery order either with curbside pickup or grocery delivery. Lastly, cook the yummy recipes and enjoy home-cooked meals with your family. \n\nWelcome to the meal planning program!\"\n    }\n  }]\n}\n<\/script>"},"elements":[],"isInner":false,"widgetType":"text-editor","elType":"widget"}],"isInner":false,"elType":"container"}],"isInner":false,"elType":"container"},{"id":"33036f48","settings":{"flex_direction":"column","content_width":"full","background_background":"classic","__globals__":{"background_color":"globals\/colors?id=80fb6de"}},"elements":[{"id":"4797b242","settings":{"menu":"footer-menu","align_items":"center","__globals__":{"menu_typography_typography":"globals\/typography?id=primary","color_menu_item":"globals\/colors?id=secondary","color_menu_item_hover":"globals\/colors?id=42c0f4b","pointer_color_menu_item_hover":"globals\/colors?id=80fb6de","toggle_color":"globals\/colors?id=secondary","toggle_background_color":"globals\/colors?id=80fb6de","nav_menu_divider_color":"globals\/colors?id=42c0f4b"},"pointer":"none","nav_menu_divider":"yes","nav_menu_divider_weight":{"unit":"px","size":2,"sizes":[]},"nav_menu_divider_height":{"unit":"px","size":28,"sizes":[]},"pointer_width":{"unit":"px","size":1,"sizes":[]},"toggle_size":{"unit":"px","size":20,"sizes":[]},"menu_id":164},"elements":[],"isInner":false,"widgetType":"nav-menu","elType":"widget"}],"isInner":false,"elType":"container"},{"id":"65687ecb","settings":{"content_width":{"unit":"px","size":900,"sizes":[]},"stretch_section":"section-stretched","html_tag":"article","content_width_mobile":{"unit":"px","size":786,"sizes":[]},"padding_tablet":{"unit":"px","top":"30","right":"30","bottom":"30","left":"30","isLinked":true},"padding_mobile":{"unit":"px","top":"10","right":"10","bottom":"10","left":"10","isLinked":true},"background_background":"classic","background_image":{"url":"https:\/\/emeals.com\/meal-planning\/wp-content\/uploads\/2023\/01\/Asset-1.png","id":15,"alt":"","source":"library"},"background_size":"contain","background_overlay_background":"classic","background_overlay_opacity":{"unit":"px","size":0.61,"sizes":[]},"__globals__":{"background_color":"globals\/colors?id=b97fcda","background_overlay_color":"globals\/colors?id=b97fcda"}},"elements":[{"id":"4055423e","settings":{"_column_size":100,"_inline_size":null},"elements":[{"id":"5a705ae2","settings":{"text":"Divider","__globals__":{"color":"globals\/colors?id=b97fcda"},"gap":{"unit":"px","size":8,"sizes":[]}},"elements":[],"isInner":false,"widgetType":"divider","elType":"widget"}],"isInner":false,"elType":"column"}],"isInner":false,"elType":"section"},{"id":"2e593e75","settings":{"content_width":{"unit":"px","size":900,"sizes":[]},"background_background":"classic","border_border":"none","border_width":{"unit":"px","top":"1","right":"1","bottom":"1","left":"1","isLinked":true},"border_radius":{"unit":"px","top":"3","right":"3","bottom":"3","left":"3","isLinked":true},"margin":{"unit":"px","top":"0","right":0,"bottom":"0","left":0,"isLinked":true},"padding":{"unit":"px","top":"15","right":"15","bottom":"15","left":"15","isLinked":true},"__globals__":{"border_color":"globals\/colors?id=42c0f4b","background_color":"globals\/colors?id=b97fcda"}},"elements":[{"id":"68c71908","settings":{"_column_size":100,"_inline_size":null},"elements":[{"id":"7e7e1162","settings":{"title":"Share on Social","header_size":"h3","align":"center","title_color":"#303C4B","typography_typography":"custom","typography_font_family":"Josefin Slab","typography_font_size":{"unit":"px","size":26,"sizes":[]},"typography_font_weight":"800","typography_line_height":{"unit":"em","size":1,"sizes":[]},"typography_word_spacing":{"unit":"em","size":"","sizes":[]},"_border_border":"none","__globals__":{"typography_typography":"","title_color":"globals\/colors?id=42c0f4b"},"__dynamic__":[]},"elements":[],"isInner":false,"widgetType":"heading","elType":"widget"},{"id":"57eeba90","elType":"widget","settings":{"share_buttons":[{"_id":"76eac17","__dynamic__":[]},{"button":"twitter","_id":"b65550b"},{"_id":"a87ef5c","button":"pinterest"},{"_id":"7e72c35","button":"email"}],"skin":"framed","shape":"rounded","alignment":"center","column_gap":{"unit":"px","size":2,"sizes":[]},"row_gap":{"unit":"px","size":5,"sizes":[]},"button_size":{"unit":"px","size":0.85,"sizes":[]},"icon_size":{"unit":"em","size":2.5,"sizes":[]},"button_height":{"unit":"em","size":4.6,"sizes":[]},"border_size":{"unit":"px","size":0,"sizes":[]},"color_source":"custom","primary_color":"#303C4B","secondary_color":"#FFFFFF","typography_typography":"custom","typography_font_size":{"unit":"px","size":11,"sizes":[]},"typography_font_size_mobile":{"unit":"px","size":20,"sizes":[]},"typography_font_weight":"600","typography_text_transform":"none","typography_letter_spacing":{"unit":"px","size":0,"sizes":[]},"typography_word_spacing":{"unit":"em","size":"","sizes":[]},"_transform_scale_popover_hover":"transform","_transform_scale_effect_hover":{"unit":"px","size":1,"sizes":[]},"_transform_transition_hover":{"unit":"px","size":2639,"sizes":[]},"motion_fx_transform_x_anchor_point":"center","motion_fx_transform_y_anchor_point":"center","__globals__":{"primary_color":"globals\/colors?id=secondary","secondary_color":"globals\/colors?id=b97fcda","typography_typography":"","primary_color_hover":"globals\/colors?id=42c0f4b","secondary_color_hover":"globals\/colors?id=b97fcda"},"typography_line_height":{"unit":"em","size":1.2,"sizes":[]},"__dynamic__":{"_element_id":"[elementor-tag id=\"abc8116\" name=\"shortcode\" settings=\"%7B%7D\"]","_css_classes":"[elementor-tag id=\"eb5dfdb\" name=\"shortcode\" settings=\"%7B%7D\"]","_attributes":"[elementor-tag id=\"6f571fb\" name=\"featured-image-data\" settings=\"%7B%22attachment_data%22%3A%22src%22%7D\"]"},"_border_border":"none"},"elements":[],"widgetType":"share-buttons"}],"isInner":false,"elType":"column"}],"isInner":false,"elType":"section"},{"id":"14e19cde","settings":{"boxed_width":{"unit":"px","size":838,"sizes":[]},"padding":{"unit":"px","top":"15","right":"15","bottom":"15","left":"15","isLinked":true},"flex_direction":"row","flex_align_items":"stretch","flex_gap":{"size":10,"unit":"px"}},"elements":[{"id":"1db64d75","settings":{"_column_size":100,"width":{"size":100,"unit":"%"},"content_width":"full"},"elements":[{"id":"2ab654e6","settings":{"bg_image":{"url":"","id":"","alt":"","source":"library"},"bg_image_size":"full","graphic_element":"image","graphic_image":{"url":"https:\/\/emeals.com\/meal-planning\/wp-content\/uploads\/2023\/01\/dinner-meal-planner-1.png","id":182,"alt":"","source":"library"},"graphic_image_size":"full","title":"Weekly Dinner Meal Planning Template","description":"We at eMeals designed a weekly meal planning template specifically for dinnertime during the busy work week. We know life gets hectic, and we want to help with your meal planning.","button":"Download FREE Meal Planning Template","link":{"url":"https:\/\/emeals.canto.com\/s\/NLM7E?viewIndex=0&column=document&id=ic3il55t015ot8m7gc45u0lu3h&utm_campaign=2023-01-14-newsletter-active&utm_source=emeals-active&utm_medium=email","is_external":"","nofollow":"","custom_attributes":""},"ribbon_title":"FREE","ribbon_horizontal_position":"left","min-height":{"unit":"px","size":100,"sizes":[]},"vertical_position":"middle","image_min_width":{"unit":"px","size":0,"sizes":[]},"image_min_height":{"unit":"px","size":0,"sizes":[]},"graphic_image_spacing":{"unit":"px","size":12,"sizes":[]},"graphic_image_width":{"unit":"%","size":91,"sizes":[]},"graphic_image_border_radius":{"unit":"px","size":28,"sizes":[]},"title_typography_typography":"custom","title_typography_font_size":{"unit":"px","size":20,"sizes":[]},"title_typography_font_weight":"900","title_typography_text_transform":"uppercase","title_typography_font_style":"normal","title_typography_line_height":{"unit":"em","size":1.1,"sizes":[]},"title_typography_letter_spacing":{"unit":"px","size":0.6,"sizes":[]},"title_typography_word_spacing":{"unit":"em","size":"","sizes":[]},"text_stroke_text_stroke_type":"yes","text_stroke_text_stroke":{"unit":"px","size":0,"sizes":[]},"description_typography_typography":"custom","description_typography_font_family":"Poppins","description_typography_font_size":{"unit":"px","size":13,"sizes":[]},"description_typography_font_weight":"400","description_typography_line_height":{"unit":"em","size":1.8,"sizes":[]},"description_typography_letter_spacing":{"unit":"px","size":1,"sizes":[]},"description_typography_word_spacing":{"unit":"em","size":"","sizes":[]},"description_spacing":{"unit":"px","size":16,"sizes":[]},"button_typography_typography":"custom","button_typography_font_family":"Poppins","button_typography_font_size":{"unit":"px","size":16,"sizes":[]},"button_typography_font_weight":"600","button_typography_line_height":{"unit":"em","size":1.4,"sizes":[]},"button_typography_letter_spacing":{"unit":"px","size":0,"sizes":[]},"button_typography_word_spacing":{"unit":"em","size":"","sizes":[]},"button_text_color":"#FFFFFF","button_background_color":"#FF9600","button_border_color":"#FF9600","button_hover_text_color":"#FFFFFF","button_hover_background_color":"#303C4B","button_hover_border_color":"#303C4B","ribbon_distance":{"unit":"px","size":50,"sizes":[]},"transformation":"","_background_background":"classic","__globals__":{"button_typography_typography":"globals\/typography?id=primary","button_text_color":"globals\/colors?id=b97fcda","button_background_color":"globals\/colors?id=accent","button_border_color":"globals\/colors?id=accent","button_hover_text_color":"globals\/colors?id=b97fcda","button_hover_background_color":"globals\/colors?id=secondary","button_hover_border_color":"globals\/colors?id=secondary","title_typography_typography":"globals\/typography?id=secondary","description_typography_typography":"","content_bg_color":"globals\/colors?id=b97fcda","title_color":"globals\/colors?id=secondary","description_color":"globals\/colors?id=text","button_color":"globals\/colors?id=accent","overlay_color_hover":"globals\/colors?id=b97fcda","_background_color":"globals\/colors?id=b97fcda","ribbon_typography_typography":"globals\/typography?id=secondary","ribbon_text_color":"globals\/colors?id=b97fcda"},"__dynamic__":[]},"elements":[],"isInner":false,"widgetType":"call-to-action","elType":"widget"}],"isInner":false,"elType":"container"}],"isInner":false,"elType":"container"}],"settings":[],"metadata":[]}