{"content":[{"id":"510f4778","settings":{"flex_direction":"column","content_width":"full"},"elements":[{"id":"684323b","settings":{"template_id":"379"},"elements":[],"isInner":false,"widgetType":"template","elType":"widget"}],"isInner":false,"elType":"container"},{"id":"4f712221","settings":{"flex_direction":"column"},"elements":[{"id":"f8c7067","settings":[],"elements":[],"isInner":false,"widgetType":"spacer","elType":"widget"}],"isInner":false,"elType":"container"},{"id":"7521461f","settings":{"flex_direction":"column"},"elements":[{"id":"4064e981","settings":{"space":{"unit":"px","size":94,"sizes":[]},"_background_background":"classic","_background_image":{"url":"https:\/\/emeals.com\/meal-planning\/wp-content\/uploads\/2023\/03\/emeals-meal-planning-icon-4-e1678137898706.webp","id":739,"size":"","alt":"graphic of fork with butter lettuce for eMeals meal planning page","source":"library"},"_background_position":"center center","_background_repeat":"no-repeat","_background_size":"contain"},"elements":[],"isInner":false,"widgetType":"spacer","elType":"widget"},{"id":"6b86ef95","settings":{"title":"Meal Planning Made Easy","align":"center","__globals__":{"typography_typography":"globals\/typography?id=secondary"},"header_size":"h1"},"elements":[],"isInner":false,"widgetType":"heading","elType":"widget"},{"id":"4ec220e3","settings":{"editor":"<p>Meal planning can be stressful, especially if you need more resources or know-how. We designed the best meal planning solutions to help you save time, money, and stress.<\/p><p>Use the <a href=\"https:\/\/apps.apple.com\/us\/app\/emeals-healthy-meal-plans\/id575756462\" target=\"_blank\" rel=\"noopener\">best meal planning app<\/a> on the market to choose among 15 weekly meal plans, custom weekly meal plan templates, and recipe ideas.\u00a0We offer complete recipes for everyone (even those with dietary restrictions) in all of our plans for breakfast, lunch, and dinner.<\/p>"},"elements":[],"isInner":false,"widgetType":"text-editor","elType":"widget"},{"id":"21d51368","settings":{"space":{"unit":"px","size":60,"sizes":[]}},"elements":[],"isInner":false,"widgetType":"spacer","elType":"widget"}],"isInner":false,"elType":"container"},{"id":"36534a3b","settings":{"flex_direction":"column"},"elements":[{"id":"3b025a17","settings":{"title":"What is Meal Planning?","align":"center","__globals__":{"typography_typography":"globals\/typography?id=secondary"}},"elements":[],"isInner":false,"widgetType":"heading","elType":"widget"},{"id":"442f1204","settings":{"editor":"<p>Meal planning means planning each meal you will eat every week. It typically involves recipe research, grocery list organization, grocery store shopping, and preparing meals. Most people don't think about what to eat that far in advance.<\/p><p>However, <a href=\"https:\/\/emeals.com\/meal-plans\/\">setting a plan<\/a> for what you will add to your shopping list, purchase, and cook ahead of time can save you time, money, and stress.<\/p><p>If you are like most, scheduling time to plan for each means every day of the week is not a priority. But did you know that meal planning can be simple?<\/p><h3>Benefits of Meal Planning<\/h3><ul><li>Helps with food budgeting<\/li><li>Saves you time<\/li><li>Decreases stress<\/li><li>Decreases food waste<\/li><li>Motivates you to try new foods and flavors<\/li><li>Helps you stick to your diet<\/li><\/ul>","_padding":{"unit":"px","top":"0","right":"0","bottom":"26","left":"0","isLinked":false}},"elements":[],"isInner":false,"widgetType":"text-editor","elType":"widget"},{"id":"2d07f9ed","settings":{"space":{"unit":"px","size":60,"sizes":[]}},"elements":[],"isInner":false,"widgetType":"spacer","elType":"widget"}],"isInner":false,"elType":"container"},{"id":"1fc0d93e","settings":{"flex_direction":"column","flex_justify_content":"center","flex_align_items":"center"},"elements":[{"id":"3012f813","settings":{"title":"What Meal Planning is NOT","align":"left","__globals__":{"typography_typography":"globals\/typography?id=secondary"}},"elements":[],"isInner":false,"widgetType":"heading","elType":"widget"},{"id":"1c59d0c2","settings":{"editor":"<p>When it comes to planning meals for the week, many assume meal prep for the week is too much work. With many myths floating around about meal prep and it's challenges, further perpetuating false ideas.<\/p><p>But did you know with the right meal planning service and resources, meal planning helps people eat healthier, save money, and reduce their stress. Some common myths about meal plans include the following:<\/p><h3>Common Meal Planning Myths<\/h3><ul><li>Time Consuming<\/li><li>Stressful<\/li><li>Difficult<\/li><li>Expensive<\/li><li>Unrealistic for families<\/li><li>Boring and bland<\/li><\/ul>","_padding":{"unit":"px","top":"0","right":"0","bottom":"0","left":"0","isLinked":false}},"elements":[],"isInner":false,"widgetType":"text-editor","elType":"widget"},{"id":"11abffd6","settings":{"editor":"<p>Contrary to popular thinking, meal planning offers endless benefits for you and your loved ones. So, instead of entering meal planning with the attitude of it being a complicated task, look at food planning as a way to better your mental and physical health. Using a meal prep service will also give you structure and guidance during the process.<\/p>","_padding":{"unit":"px","top":"0","right":"0","bottom":"26","left":"0","isLinked":false}},"elements":[],"isInner":false,"widgetType":"text-editor","elType":"widget"}],"isInner":false,"elType":"container"},{"id":"47b1d4d4","settings":{"flex_direction":"column","flex_justify_content":"center","flex_justify_content_mobile":"center","flex_align_items":"center","flex_align_items_mobile":"flex-start"},"elements":[{"id":"3d0da86a","settings":{"width":{"unit":"%","size":20,"sizes":[]},"align":"center","text":"Divider","_padding":{"unit":"px","top":"20","right":"0","bottom":"20","left":"0","isLinked":false},"__globals__":{"color":"globals\/colors?id=primary"}},"elements":[],"isInner":false,"widgetType":"divider","elType":"widget"}],"isInner":false,"elType":"container"},{"id":"17d87a0f","settings":{"flex_direction":"column","boxed_width":{"unit":"px","size":781,"sizes":[]}},"elements":[{"id":"458930bb","settings":{"title":"How To Start Meal Planning in 4 easy steps","align":"center","__globals__":{"typography_typography":"globals\/typography?id=secondary"}},"elements":[],"isInner":false,"widgetType":"heading","elType":"widget"},{"id":"5c5518","settings":{"image":{"url":"https:\/\/emeals.com\/meal-planning\/wp-content\/uploads\/2023\/04\/Meal-Planning-LP-header.webp","id":1548,"size":"","alt":"Image of Meal Planning made simple with eMeals","source":"library"},"align":"center","_margin":{"unit":"px","top":"10","right":"10","bottom":"10","left":"10","isLinked":true},"_padding":{"unit":"px","top":"0","right":"0","bottom":"0","left":"0","isLinked":false},"_box_shadow_box_shadow_type":"yes","_box_shadow_box_shadow":{"horizontal":-2,"vertical":2,"blur":10,"spread":0,"color":"rgba(0,0,0,0.5)"},"image_size":"medium_large"},"elements":[],"isInner":false,"widgetType":"image","elType":"widget"},{"id":"13340d55","settings":{"editor":"<p>If you are interested in starting the process of planning weekly meals but unsure of where to start, we can help! Using a <a href=\"https:\/\/emeals.com\/grocery-delivery-pickup\/?utm_source=google&amp;utm_medium=cpc&amp;utm_term=emeals&amp;utm_campaign=G_RSLA&amp;gclid=CjwKCAjwsfuYBhAZEiwA5a6CDNSTt3T9nCPX-wDD9GuIzIjOBdqXexmQpz4Xv5GrCKu3HIai0Aoi5BoCJ5kQAvD_BwE\" target=\"_blank\" rel=\"noopener\">meal planning service<\/a> can save you an enormous amount of time and stress. Our professional meal planning service offers many helpful resources and tools to make planning weekly meals a breeze. Read below to learn how easy weekly meal prep can be.<\/p>","_padding":{"unit":"px","top":"0","right":"0","bottom":"26","left":"0","isLinked":false}},"elements":[],"isInner":false,"widgetType":"text-editor","elType":"widget"},{"id":"618fbae0","settings":{"flex_direction":"column","content_width":"full","width":{"unit":"%","size":100},"width_laptop":{"unit":"px","size":744},"flex_justify_content":"center","flex_align_items":"center","_flex_align_self":"center","_flex_size":"none","_element_width_laptop":"initial"},"elements":[{"id":"2450957c","settings":{"title":"Step 1: We Plan Your Meals","header_size":"h3","title_color":"#99CA3C","typography_typography":"custom","typography_font_size":{"unit":"px","size":22,"sizes":[]},"typography_font_weight":"700","typography_text_transform":"capitalize","typography_font_style":"normal","typography_text_decoration":"none","typography_line_height":{"unit":"em","size":1.2,"sizes":[]},"typography_letter_spacing":{"unit":"px","size":0,"sizes":[]},"__globals__":{"title_color":"globals\/colors?id=42c0f4b","typography_typography":""}},"elements":[],"isInner":false,"widgetType":"heading","elType":"widget"},{"id":"2156a2f2","settings":{"editor":"<p>Our team of expert nutritionists and recipe developers create 15 new meal plans every week that can all be found on the eMeals meal planning app. Each diet meal plan is designed to meet your lifestyle.\u00a0<\/p>","_padding":{"unit":"px","top":"0","right":"0","bottom":"8","left":"0","isLinked":false}},"elements":[],"isInner":false,"widgetType":"text-editor","elType":"widget"},{"id":"205e469e","settings":{"title":"Step 2: They Shop Your Order","header_size":"h3","align":"center","align_mobile":"center","title_color":"#99CA3C","typography_typography":"custom","typography_font_size":{"unit":"px","size":22,"sizes":[]},"typography_font_weight":"700","typography_text_transform":"capitalize","typography_font_style":"normal","typography_text_decoration":"none","typography_line_height":{"unit":"em","size":1.2,"sizes":[]},"typography_letter_spacing":{"unit":"px","size":0,"sizes":[]},"__globals__":{"title_color":"globals\/colors?id=42c0f4b","typography_typography":""}},"elements":[],"isInner":false,"widgetType":"heading","elType":"widget"},{"id":"7a89a91e","settings":{"editor":"<p>We have teamed up with grocery partners, like Amazon Fresh, Instacart, Publix, &amp; more, who shop your personalized grocery order and prepare it for delivery or pickup.\u00a0<\/p>","_padding":{"unit":"px","top":"0","right":"0","bottom":"8","left":"0","isLinked":false}},"elements":[],"isInner":false,"widgetType":"text-editor","elType":"widget"},{"id":"675a93f1","settings":{"title":"Step 3: Pickup Order with Delivery or Pickup","header_size":"h3","align_mobile":"center","title_color":"#99CA3C","typography_typography":"custom","typography_font_size":{"unit":"px","size":22,"sizes":[]},"typography_font_weight":"700","typography_text_transform":"capitalize","typography_font_style":"normal","typography_text_decoration":"none","typography_line_height":{"unit":"em","size":1.2,"sizes":[]},"typography_letter_spacing":{"unit":"px","size":0,"sizes":[]},"__globals__":{"title_color":"globals\/colors?id=42c0f4b","typography_typography":""}},"elements":[],"isInner":false,"widgetType":"heading","elType":"widget"},{"id":"1f632e78","settings":{"editor":"<p>Shop smarter with eMeals + Grocery partners' seamless shopping list. Pick your meals and send them directly for pickup or delivery all in one app.<\/p>","_padding":{"unit":"px","top":"0","right":"0","bottom":"8","left":"0","isLinked":false}},"elements":[],"isInner":false,"widgetType":"text-editor","elType":"widget"},{"id":"5fd0adf9","settings":{"title":"Step 4: Cook Your Meals","header_size":"h3","title_color":"#99CA3C","typography_typography":"custom","typography_font_size":{"unit":"px","size":22,"sizes":[]},"typography_font_weight":"700","typography_text_transform":"capitalize","typography_font_style":"normal","typography_text_decoration":"none","typography_line_height":{"unit":"em","size":1.2,"sizes":[]},"typography_letter_spacing":{"unit":"px","size":0,"sizes":[]},"__globals__":{"typography_typography":"","title_color":"globals\/colors?id=42c0f4b"}},"elements":[],"isInner":false,"widgetType":"heading","elType":"widget"},{"id":"1bbce298","settings":{"editor":"<p>Now that you have received your order, it is time to cook your delicious meal from the best meal planning app. And with new recipes each week, preparing dinner is now fun!<\/p>"},"elements":[],"isInner":false,"widgetType":"text-editor","elType":"widget"},{"id":"5e36ef79","settings":{"width":{"unit":"%","size":20,"sizes":[]},"align":"center","text":"Divider","_padding":{"unit":"px","top":"20","right":"0","bottom":"20","left":"0","isLinked":false},"__globals__":{"color":"globals\/colors?id=primary"}},"elements":[],"isInner":false,"widgetType":"divider","elType":"widget"}],"isInner":false,"elType":"container"}],"isInner":false,"elType":"container"},{"id":"7b9e1c25","settings":{"flex_direction":"column"},"elements":[{"id":"ebc23b9","settings":[],"elements":[],"isInner":false,"widgetType":"spacer","elType":"widget"}],"isInner":false,"elType":"container"},{"id":"4bd2cf44","settings":{"flex_direction":"column","background_background":"classic","background_image":{"url":"https:\/\/emeals.com\/meal-planning\/wp-content\/uploads\/2023\/03\/emeals-meal-planning-icon-2-e1678137855887.webp","id":741,"size":"","alt":"graphic of bowls with fruit and vegetables for eMeals meal planning page","source":"library"},"background_position":"center center","background_repeat":"no-repeat","background_size":"contain"},"elements":[{"id":"4dbf1d25","settings":{"space":{"unit":"px","size":62,"sizes":[]}},"elements":[],"isInner":false,"widgetType":"spacer","elType":"widget"}],"isInner":false,"elType":"container"},{"id":"5c513e73","settings":{"flex_direction":"column"},"elements":[{"id":"4bd01818","settings":{"title":"15 Delicious Meal Plans","align":"center","__globals__":{"typography_typography":"globals\/typography?id=secondary"}},"elements":[],"isInner":false,"widgetType":"heading","elType":"widget"},{"id":"3147071f","settings":{"editor":"<p>You have come to the right place if you need meal planning ideas. Let eMeals be your simple meal planner and discover how easy all things meal planning can be.<\/p><p>It is as simple as a couple of clicks!\u00a0<strong>eMeals plans everything for you<\/strong>, our partners shop your grocery order, and you cook at home. We provide step-by-step meal prep solutions for every personalized meal plan on our meal planning app.<\/p><p>Check out\u00a0<a href=\"https:\/\/www.getrecipebox.com\/\" target=\"_blank\" rel=\"noopener noreferrer\">Recipe Box<\/a>\u00a0to use as your complete recipe database. Here, you can add the recipes you find online to use anytime. No more bookmarks or endless online searching to find a recipe from a week ago. Here are the 4 easy steps to take when you use us as your meal planning service.<\/p>"},"elements":[],"isInner":false,"widgetType":"text-editor","elType":"widget"},{"id":"40a318d6","settings":{"space":{"unit":"px","size":10,"sizes":[]}},"elements":[],"isInner":false,"widgetType":"spacer","elType":"widget"}],"isInner":false,"elType":"container"},{"id":"1ae7958b","settings":{"flex_direction":"row","flex_gap":{"unit":"px","size":0},"hide_mobile":"hidden-mobile"},"elements":[{"id":"267b962d","settings":{"flex_direction":"column","content_width":"full","width":{"unit":"%","size":33},"flex_justify_content":"flex-start","width_mobile":{"unit":"px","size":166},"flex_direction_mobile":"row","_flex_size":"none","_element_width_mobile":"initial"},"elements":[{"id":"5ab7009b","settings":{"image":{"url":"https:\/\/emeals.com\/meal-planning\/wp-content\/uploads\/2023\/02\/emeals-heart-healthy-meal-plan-image.webp","id":773,"size":"","alt":"image of heart healthy meal plan recipe by emeals","source":"library"},"title_text":"Heart Healthy Meal Plan","description_text":"This meal plan is our approach to incorporating whole, unprocessed foods into the everyday diet, whether you're meal planning for one or an entire family. These recipes encourage fresh fruits and vegetables, minimally processed meats and grains, healthy fats, and unrefined foods. Consider choosing this meal plan if you value fresh meals cooked with natural ingredients.","image_size":{"unit":"%","size":69,"sizes":[]},"text_align":"center","image_size_mobile":{"unit":"%","size":100,"sizes":[]}},"elements":[],"isInner":false,"widgetType":"image-box","elType":"widget"}],"isInner":false,"elType":"container"},{"id":"926988c","settings":{"flex_direction":"column","content_width":"full","width":{"unit":"%","size":33},"width_mobile":{"unit":"px","size":169},"_flex_size":"none","_element_width_mobile":"initial"},"elements":[{"id":"7189ba4f","settings":{"image":{"url":"https:\/\/emeals.com\/meal-planning\/wp-content\/uploads\/2023\/02\/emeals-gluten-free-meal-plan-image.webp","id":779,"size":"","alt":"image of gluten free meal plan recipe from emeals","source":"library"},"title_text":"Gluten Free Meal Plan","description_text":"If you need help finding practical ways to follow a gluten-free diet plan, we may have an answer. We work hard each week to offer simple, gluten-free recipes that taste good and will leave you feeling even better. We emphasize a fresh, wholesome approach to healthy eating and leave heavily processed products on the shelf.","image_size":{"unit":"%","size":69,"sizes":[]},"text_align":"center","image_size_mobile":{"unit":"%","size":100,"sizes":[]}},"elements":[],"isInner":false,"widgetType":"image-box","elType":"widget"}],"isInner":false,"elType":"container"},{"id":"57518d0c","settings":{"flex_direction":"column","content_width":"full","width":{"unit":"%","size":33},"width_mobile":{"unit":"px","size":169},"_flex_size":"none","_element_width_mobile":"initial"},"elements":[{"id":"193f67d4","settings":{"image":{"url":"https:\/\/emeals.com\/meal-planning\/wp-content\/uploads\/2023\/02\/emeals-budget-friendly-meal-plan-image.webp","id":775,"size":"","alt":"image of budget friendly emeals recipe","source":"library"},"title_text":"Budget Friendly Meal Plan","description_text":"If you are looking for ways to save money and still meal plan, this food plan is for you. With fast and affordable brand-new recipes each week, this plan emphasizes freezer-friendly, family- and kid-friendly meals while keeping your grocery budget under $95 per week. Scaled up or down for various portions, this plan includes meals with 10 ingredients or less.","image_size":{"unit":"%","size":69,"sizes":[]},"text_align":"center","image_size_mobile":{"unit":"%","size":100,"sizes":[]}},"elements":[],"isInner":false,"widgetType":"image-box","elType":"widget"}],"isInner":false,"elType":"container"}],"isInner":false,"elType":"container"},{"id":"63af6b79","settings":{"flex_direction":"row","flex_gap":{"unit":"px","size":0},"hide_mobile":"hidden-mobile"},"elements":[{"id":"18fc189f","settings":{"flex_direction":"column","content_width":"full","width":{"unit":"%","size":33},"flex_justify_content":"flex-start","width_mobile":{"unit":"px","size":166},"flex_direction_mobile":"row","_flex_size":"none","_element_width_mobile":"initial"},"elements":[{"id":"67a03cef","settings":{"image":{"url":"https:\/\/emeals.com\/meal-planning\/wp-content\/uploads\/2023\/02\/emeals-mediterranean-meal-plan-image.webp","id":777,"size":"","alt":"image of mediterranean meal plan recipe from emeals","source":"library"},"title_text":"Mediterranean Meal Plan","description_text":"The Mediterranean diet is often recommended to those experiencing a chronic illness. Still, it has recently become known as a well-balanced eating approach for people of all populations and health statuses. This meal plan emphasizes lean meats, fatty fish, heart-healthy oils, nuts and seeds, and fresh fruits and vegetables.","image_size":{"unit":"%","size":69,"sizes":[]},"text_align":"center","image_size_mobile":{"unit":"%","size":100,"sizes":[]},"link":{"url":"https:\/\/emeals.com\/meal-plans\/mediterranean\/","is_external":"","nofollow":"on","custom_attributes":""}},"elements":[],"isInner":false,"widgetType":"image-box","elType":"widget"}],"isInner":false,"elType":"container"},{"id":"36883acf","settings":{"flex_direction":"column","content_width":"full","width":{"unit":"%","size":33},"width_mobile":{"unit":"px","size":169},"_flex_size":"none","_element_width_mobile":"initial"},"elements":[{"id":"6b5d8726","settings":{"image":{"url":"https:\/\/emeals.com\/meal-planning\/wp-content\/uploads\/2023\/02\/emeals-diabetic-meal-plan-image.webp","id":768,"size":"","alt":"image of emeals diabetic meal plan","source":"library"},"title_text":"Diabetic Meal Plan","description_text":"This meal plan brings well-balanced, nutritious meals to your table. We publish 4 meals per week with 50 to 60 grams of carbohydrates and 3 meals per week with 30 to 40 grams of carbohydrates. We've included each meal's total calorie, carbohydrate, and fiber counts. Hence, you have all the necessary information to plan meals for people with diabetes.","image_size":{"unit":"%","size":69,"sizes":[]},"text_align":"center","image_size_mobile":{"unit":"%","size":100,"sizes":[]},"link":{"url":"https:\/\/emeals.com\/meal-plans\/diabetic\/","is_external":"on","nofollow":"","custom_attributes":""}},"elements":[],"isInner":false,"widgetType":"image-box","elType":"widget"}],"isInner":false,"elType":"container"},{"id":"73a74cbf","settings":{"flex_direction":"column","content_width":"full","width":{"unit":"%","size":33},"width_mobile":{"unit":"px","size":169},"_flex_size":"none","_element_width_mobile":"initial"},"elements":[{"id":"7cd442b","settings":{"image":{"url":"https:\/\/emeals.com\/meal-planning\/wp-content\/uploads\/2023\/02\/emeals-clean-eating-meal-plan-image.webp","id":776,"size":"","alt":"image of clean eating meal plan recipe from emeals","source":"library"},"title_text":"Clean Eating Meal Plan","description_text":"This meal plan is our approach to incorporating whole, unprocessed foods into the everyday diet, whether you're meal planning for one or an entire family. These recipes encourage fresh fruits and vegetables, minimally processed meats and grains, healthy fats, and unrefined foods. If you hope to eat healthier and value fresh meals cooked with natural ingredients, consider choosing this meal plan. ","image_size":{"unit":"%","size":69,"sizes":[]},"text_align":"center","image_size_mobile":{"unit":"%","size":100,"sizes":[]},"link":{"url":"https:\/\/emeals.com\/meal-plans\/clean-eating\/","is_external":"","nofollow":"","custom_attributes":""}},"elements":[],"isInner":false,"widgetType":"image-box","elType":"widget"}],"isInner":false,"elType":"container"}],"isInner":false,"elType":"container"},{"id":"2ea53dd3","settings":{"flex_direction":"row","flex_gap":{"unit":"px","size":0},"hide_mobile":"hidden-mobile"},"elements":[{"id":"aaf341f","settings":{"flex_direction":"column","content_width":"full","width":{"unit":"%","size":33},"flex_justify_content":"flex-start","width_mobile":{"unit":"px","size":166},"flex_direction_mobile":"row","_flex_size":"none","_element_width_mobile":"initial"},"elements":[{"id":"31906ba1","settings":{"image":{"url":"https:\/\/emeals.com\/meal-planning\/wp-content\/uploads\/2023\/02\/emeals-keto-meal-plan-image.webp","id":782,"size":"","alt":"keto recipe image from the keto meal plan from emeals","source":"library"},"title_text":"Keto Meal Plan","description_text":"The keto meal plan focuses on low-carb, high-fat meals packed with well-balanced ingredients. With our team of dietitians, we ensure the macro breakdown averages 60% to 80% fat, 20% to 30% protein, and 5% to 10% carbohydrates per meal. With this plan, you'll never have to worry about calculating your carbs, protein, and fat\u2014we've already done the work for you. \n\n","image_size":{"unit":"%","size":69,"sizes":[]},"text_align":"center","image_size_mobile":{"unit":"%","size":100,"sizes":[]},"link":{"url":"https:\/\/emeals.com\/meal-plans\/keto\/","is_external":"","nofollow":"","custom_attributes":""}},"elements":[],"isInner":false,"widgetType":"image-box","elType":"widget"}],"isInner":false,"elType":"container"},{"id":"6946fd30","settings":{"flex_direction":"column","content_width":"full","width":{"unit":"%","size":33},"width_mobile":{"unit":"px","size":169},"_flex_size":"none","_element_width_mobile":"initial"},"elements":[{"id":"3120451c","settings":{"image":{"url":"https:\/\/emeals.com\/meal-planning\/wp-content\/uploads\/2023\/02\/emeals-quick-and-healthy-meal-plan-image.webp","id":770,"size":"","alt":"image of quick and healthy meal plan by emeals","source":"library"},"title_text":"Quick + Healthy Meal Plan","description_text":"If you're looking for something quick, healthy, and tasty\u2014this meal plan is for you. Using only 8 ingredients or less, we can bring you simple, healthy home-cooked dinners with minimum prep and cook time of 30 minutes or less. Each menu includes a complete nutrition analysis and checks calories, fat, and sodium.","image_size":{"unit":"%","size":69,"sizes":[]},"text_align":"center","image_size_mobile":{"unit":"%","size":100,"sizes":[]},"link":{"url":"https:\/\/emeals.com\/meal-plans\/quick-and-healthy\/","is_external":"","nofollow":"","custom_attributes":""}},"elements":[],"isInner":false,"widgetType":"image-box","elType":"widget"}],"isInner":false,"elType":"container"},{"id":"3b34be7e","settings":{"flex_direction":"column","content_width":"full","width":{"unit":"%","size":33},"width_mobile":{"unit":"px","size":169},"_flex_size":"none","_element_width_mobile":"initial"},"elements":[{"id":"196c27bd","settings":{"image":{"url":"https:\/\/emeals.com\/meal-planning\/wp-content\/uploads\/2023\/02\/emeals-low-carb-meal-plan-image.webp","id":772,"size":"","alt":"image of emeals low carb meal plan recipe","source":"library"},"title_text":"Low Carb Meal Plan","description_text":"While we offer many meal plans for families, this is perfect for those picky eaters who love a tasty meal with familiar flavors and textures. These dietitian-approved recipes keep your children's healthy growth and development in mind by incorporating familiar flavors and nourishing ingredients to put a smile on faces and tummies.","image_size":{"unit":"%","size":69,"sizes":[]},"text_align":"center","image_size_mobile":{"unit":"%","size":100,"sizes":[]},"link":{"url":"https:\/\/emeals.com\/meal-plans\/low-carb\/","is_external":"on","nofollow":"","custom_attributes":""}},"elements":[],"isInner":false,"widgetType":"image-box","elType":"widget"}],"isInner":false,"elType":"container"}],"isInner":false,"elType":"container"},{"id":"46fc1e00","settings":{"flex_direction":"row","flex_gap":{"unit":"px","size":0},"hide_mobile":"hidden-mobile"},"elements":[{"id":"6cbde125","settings":{"flex_direction":"column","content_width":"full","width":{"unit":"%","size":33},"flex_justify_content":"flex-start","width_mobile":{"unit":"px","size":166},"flex_direction_mobile":"row","_flex_size":"none","_element_width_mobile":"initial"},"elements":[{"id":"7654cda9","settings":{"image":{"url":"https:\/\/emeals.com\/meal-planning\/wp-content\/uploads\/2023\/02\/emeals-paleo-meal-plan-image.webp","id":771,"size":"","alt":"image of emeals paleo meal plan recipe","source":"library"},"title_text":"Paleo Meal Plan","description_text":"This is a healthy approach to enjoying protein-rich meals. With this meal plan, we're waving goodbye to heavily processed foods and saying hello to natural, whole foods packed with nutrients, protein, and healthy oils. This gluten and dairy-free plan are perfect for protein and natural-food lovers.","image_size":{"unit":"%","size":69,"sizes":[]},"text_align":"center","image_size_mobile":{"unit":"%","size":100,"sizes":[]},"link":{"url":"https:\/\/emeals.com\/meal-plans\/paleo\/","is_external":"on","nofollow":"","custom_attributes":""}},"elements":[],"isInner":false,"widgetType":"image-box","elType":"widget"}],"isInner":false,"elType":"container"},{"id":"3dc82f69","settings":{"flex_direction":"column","content_width":"full","width":{"unit":"%","size":33},"width_mobile":{"unit":"px","size":169},"_flex_size":"none","_element_width_mobile":"initial"},"elements":[{"id":"168e19aa","settings":{"image":{"url":"https:\/\/emeals.com\/meal-planning\/wp-content\/uploads\/2023\/02\/emeals-30-minute-meal-plan-image.webp","id":769,"size":"","alt":"image of emeals 30 minute meal plan image","source":"library"},"title_text":"30 Minute Meal Plan","description_text":"If you're exhausted after a long day and don't quite have the time you need to put an extravagant meal on the table for those hungry mouths, our 30 minute meal plan may be right for you. Scaled up or down for various portions, this plan includes meals with 10 ingredients or less, and it's perfect for singles, couples, or the entire family. Of course, many meals are one-dish meals or skillet dinners, too.","image_size":{"unit":"%","size":69,"sizes":[]},"text_align":"center","image_size_mobile":{"unit":"%","size":100,"sizes":[]},"link":{"url":"https:\/\/emeals.com\/meal-plans\/30-minute\/","is_external":"on","nofollow":"","custom_attributes":""}},"elements":[],"isInner":false,"widgetType":"image-box","elType":"widget"}],"isInner":false,"elType":"container"},{"id":"16c6efc3","settings":{"flex_direction":"column","content_width":"full","width":{"unit":"%","size":33},"width_mobile":{"unit":"px","size":169},"_flex_size":"none","_element_width_mobile":"initial"},"elements":[{"id":"243c48d2","settings":{"image":{"url":"https:\/\/emeals.com\/meal-planning\/wp-content\/uploads\/2023\/02\/emeals-kid-friendly-meal-plan-image.webp","id":781,"size":"","alt":"image of recipe from the kid friendly meal plan from emeals","source":"library"},"title_text":"Kid Friendly Meal Plan","description_text":"While we offer many meal plans for families, this is perfect for those picky eaters who love a tasty meal with familiar flavors and textures. These dietitian-approved recipes keep your children's healthy growth and development in mind by incorporating familiar flavors and nourishing ingredients to put a smile on faces and tummies.","image_size":{"unit":"%","size":69,"sizes":[]},"text_align":"center","image_size_mobile":{"unit":"%","size":100,"sizes":[]},"link":{"url":"https:\/\/emeals.com\/meal-plans\/kid-friendly\/","is_external":"on","nofollow":"","custom_attributes":""}},"elements":[],"isInner":false,"widgetType":"image-box","elType":"widget"}],"isInner":false,"elType":"container"}],"isInner":false,"elType":"container"},{"id":"5d0b2945","settings":{"flex_direction":"row","flex_gap":{"unit":"px","size":0},"hide_mobile":"hidden-mobile"},"elements":[{"id":"4bf3cce5","settings":{"flex_direction":"column","content_width":"full","width":{"unit":"%","size":33},"flex_justify_content":"flex-start","width_mobile":{"unit":"px","size":166},"flex_direction_mobile":"row","_flex_size":"none","_element_width_mobile":"initial"},"elements":[{"id":"5de058ad","settings":{"image":{"url":"https:\/\/emeals.com\/meal-planning\/wp-content\/uploads\/2023\/02\/emeals-plant-based-meal-plan-image.webp","id":778,"size":"","alt":"image of plant based meal plan recipe from emeals","source":"library"},"title_text":"Plant Based Meal Plan","description_text":"This nutritious meal plan offers a mix of delicious vegetarian and vegan meals focused on whole grains, vegetables, nuts, beans, and fruits. These recipes are great for all populations (vegan, vegan, vegetarian, and everything in between). With our approachable cooking methods, you'll find some favorites after just one week!","image_size":{"unit":"%","size":69,"sizes":[]},"text_align":"center","image_size_mobile":{"unit":"%","size":100,"sizes":[]},"link":{"url":"https:\/\/emeals.com\/meal-plans\/plant-based\/","is_external":"on","nofollow":"","custom_attributes":""}},"elements":[],"isInner":false,"widgetType":"image-box","elType":"widget"}],"isInner":false,"elType":"container"},{"id":"7b4aec40","settings":{"flex_direction":"column","content_width":"full","width":{"unit":"%","size":33},"width_mobile":{"unit":"px","size":169},"_flex_size":"none","_element_width_mobile":"initial"},"elements":[{"id":"26d675e9","settings":{"image":{"url":"https:\/\/emeals.com\/meal-planning\/wp-content\/uploads\/2023\/02\/emeals-low-calorie-meal-plan-image.webp","id":774,"size":"","alt":"image of low calorie meal plan recipe from eMeals","source":"library"},"title_text":"Low Calorie Meal Plan","description_text":"These delicious recipes provide no more than 500 calories per meal. They are compatible with specific diets, like Weight Watchers Smart Points. We offer an accurate nutrition analysis for every meal from our dietitians and food experts. These flavorful, low-calorie recipes are ones you will save for later.","image_size":{"unit":"%","size":69,"sizes":[]},"text_align":"center","image_size_mobile":{"unit":"%","size":100,"sizes":[]},"link":{"url":"https:\/\/emeals.com\/meal-plans\/low-calorie\/","is_external":"on","nofollow":"","custom_attributes":""}},"elements":[],"isInner":false,"widgetType":"image-box","elType":"widget"}],"isInner":false,"elType":"container"},{"id":"2e0344a1","settings":{"flex_direction":"column","content_width":"full","width":{"unit":"%","size":33},"width_mobile":{"unit":"px","size":169},"_flex_size":"none","_element_width_mobile":"initial"},"elements":[{"id":"1f4d24d7","settings":{"image":{"url":"https:\/\/emeals.com\/meal-planning\/wp-content\/uploads\/2023\/02\/emeals-slow-cooker-meal-plan-image.webp","id":780,"size":"","alt":"image of a recipe from the slow cooker meal plan from emeals","source":"library"},"title_text":"Slow Cooker Meal Plan","description_text":"This choice is perfect if you are super busy with family, work, and life! This delicious menu offers a mix of recipes ranging from quick-prep to kid-friendly, allowing you to choose the time you dedicate to cooking based on your family's weekly activities and budget. ","image_size":{"unit":"%","size":69,"sizes":[]},"text_align":"center","image_size_mobile":{"unit":"%","size":100,"sizes":[]},"link":{"url":"https:\/\/emeals.com\/meal-plans\/slowcooker\/","is_external":"on","nofollow":"","custom_attributes":""}},"elements":[],"isInner":false,"widgetType":"image-box","elType":"widget"}],"isInner":false,"elType":"container"}],"isInner":false,"elType":"container"},{"id":"57763968","settings":{"flex_direction":"row","flex_gap":{"unit":"px","size":0},"hide_desktop":"hidden-desktop","hide_laptop":"hidden-laptop","hide_tablet":"hidden-tablet"},"elements":[{"id":"48061994","settings":{"flex_direction":"column","content_width":"full","width":{"unit":"%","size":33},"flex_justify_content":"flex-start","width_mobile":{"unit":"px","size":166},"flex_direction_mobile":"row","_flex_size":"none","_element_width_mobile":"initial"},"elements":[{"id":"3fabeedc","settings":{"image":{"url":"https:\/\/emeals.com\/meal-planning\/wp-content\/uploads\/2023\/02\/emeals-mediterranean-meal-plan-image.webp","id":777,"size":"","alt":"image of mediterranean meal plan recipe from emeals","source":"library"},"title_text":"Mediterranean Meal Plan","description_text":"The Mediterranean diet is often recommended to those experiencing a chronic illness. Still, it has recently become known as a well-balanced eating approach for people of all populations and health statuses. This meal plan emphasizes lean meats, fatty fish, heart-healthy oils, nuts and seeds, and fresh fruits and vegetables.","image_size":{"unit":"%","size":69,"sizes":[]},"text_align":"center","image_size_mobile":{"unit":"%","size":100,"sizes":[]}},"elements":[],"isInner":false,"widgetType":"image-box","elType":"widget"}],"isInner":false,"elType":"container"},{"id":"79c27647","settings":{"flex_direction":"column","content_width":"full","width":{"unit":"%","size":33},"width_mobile":{"unit":"px","size":169},"_flex_size":"none","_element_width_mobile":"initial"},"elements":[{"id":"30505b48","settings":{"image":{"url":"https:\/\/emeals.com\/meal-planning\/wp-content\/uploads\/2023\/02\/emeals-diabetic-meal-plan-image.webp","id":768,"size":"","alt":"image of emeals diabetic meal plan","source":"library"},"title_text":"Diabetic Meal Plan","description_text":"This meal plan brings well-balanced, nutritious meals to your table. We publish 4 meals per week with 50 to 60 grams of carbohydrates and 3 meals per week with 30 to 40 grams of carbohydrates. We've included each meal's total calorie, carbohydrate, and fiber counts. Hence, you have all the necessary information to plan meals for people with diabetes.","image_size":{"unit":"%","size":69,"sizes":[]},"text_align":"center","image_size_mobile":{"unit":"%","size":100,"sizes":[]}},"elements":[],"isInner":false,"widgetType":"image-box","elType":"widget"}],"isInner":false,"elType":"container"}],"isInner":false,"elType":"container"},{"id":"9eea5d7","settings":{"flex_direction":"row","flex_gap":{"unit":"px","size":0},"hide_desktop":"hidden-desktop","hide_laptop":"hidden-laptop","hide_tablet":"hidden-tablet"},"elements":[{"id":"2d431806","settings":{"flex_direction":"column","content_width":"full","width":{"unit":"%","size":33},"flex_justify_content":"flex-start","width_mobile":{"unit":"px","size":166},"flex_direction_mobile":"row","_flex_size":"none","_element_width_mobile":"initial"},"elements":[{"id":"1225a235","settings":{"image":{"url":"https:\/\/emeals.com\/meal-planning\/wp-content\/uploads\/2023\/02\/emeals-heart-healthy-meal-plan-image.webp","id":773,"size":"","alt":"image of heart healthy meal plan recipe by emeals","source":"library"},"title_text":"Heart Healthy Meal Plan","description_text":"This meal plan is our approach to incorporating whole, unprocessed foods into the everyday diet, whether you're meal planning for one or an entire family. These recipes encourage fresh fruits and vegetables, minimally processed meats and grains, healthy fats, and unrefined foods. Consider choosing this meal plan if you value fresh meals cooked with natural ingredients.","image_size":{"unit":"%","size":69,"sizes":[]},"text_align":"center","image_size_mobile":{"unit":"%","size":100,"sizes":[]}},"elements":[],"isInner":false,"widgetType":"image-box","elType":"widget"}],"isInner":false,"elType":"container"},{"id":"861fee0","settings":{"flex_direction":"column","content_width":"full","width":{"unit":"%","size":33},"width_mobile":{"unit":"px","size":169},"_flex_size":"none","_element_width_mobile":"initial"},"elements":[{"id":"3b36713","settings":{"image":{"url":"https:\/\/emeals.com\/meal-planning\/wp-content\/uploads\/2023\/02\/emeals-gluten-free-meal-plan-image.webp","id":779,"size":"","alt":"image of gluten free meal plan recipe from emeals","source":"library"},"title_text":"Gluten Free Meal Plan","description_text":"If you need help finding practical ways to follow a gluten-free diet plan, we may have an answer. We work hard each week to offer simple, gluten-free recipes that taste good and will leave you feeling even better. We emphasize a fresh, wholesome approach to healthy eating and leave heavily processed products on the shelf.","image_size":{"unit":"%","size":69,"sizes":[]},"text_align":"center","image_size_mobile":{"unit":"%","size":100,"sizes":[]}},"elements":[],"isInner":false,"widgetType":"image-box","elType":"widget"}],"isInner":false,"elType":"container"}],"isInner":false,"elType":"container"},{"id":"4f87cf96","settings":{"flex_direction":"row","flex_gap":{"unit":"px","size":0},"hide_desktop":"hidden-desktop","hide_laptop":"hidden-laptop","hide_tablet":"hidden-tablet"},"elements":[{"id":"3d48da7f","settings":{"flex_direction":"column","content_width":"full","width":{"unit":"%","size":33},"flex_justify_content":"flex-start","width_mobile":{"unit":"px","size":166},"flex_direction_mobile":"row","_flex_size":"none","_element_width_mobile":"initial"},"elements":[{"id":"663b7e0f","settings":{"image":{"url":"https:\/\/emeals.com\/meal-planning\/wp-content\/uploads\/2023\/02\/emeals-keto-meal-plan-image.webp","id":782,"size":"","alt":"keto recipe image from the keto meal plan from emeals","source":"library"},"title_text":"Keto Meal Plan","description_text":"The keto meal plan focuses on low-carb, high-fat meals packed with well-balanced ingredients. With our team of dietitians, we ensure the macro breakdown averages 60% to 80% fat, 20% to 30% protein, and 5% to 10% carbohydrates per meal. With this plan, you'll never have to worry about calculating your carbs, protein, and fat\u2014we've already done the work for you. \n\n","image_size":{"unit":"%","size":69,"sizes":[]},"text_align":"center","image_size_mobile":{"unit":"%","size":100,"sizes":[]}},"elements":[],"isInner":false,"widgetType":"image-box","elType":"widget"}],"isInner":false,"elType":"container"},{"id":"50308d3c","settings":{"flex_direction":"column","content_width":"full","width":{"unit":"%","size":33},"width_mobile":{"unit":"px","size":169},"_flex_size":"none","_element_width_mobile":"initial"},"elements":[{"id":"3fcea4fa","settings":{"image":{"url":"https:\/\/emeals.com\/meal-planning\/wp-content\/uploads\/2023\/02\/emeals-clean-eating-meal-plan-image.webp","id":776,"size":"","alt":"image of clean eating meal plan recipe from emeals","source":"library"},"title_text":"Clean Eating Meal Plan","description_text":"This meal plan is our approach to incorporating whole, unprocessed foods into the everyday diet, whether you're meal planning for one or an entire family. These recipes encourage fresh fruits and vegetables, minimally processed meats and grains, healthy fats, and unrefined foods. If you hope to eat healthier and value fresh meals cooked with natural ingredients, consider choosing this meal plan. ","image_size":{"unit":"%","size":69,"sizes":[]},"text_align":"center","image_size_mobile":{"unit":"%","size":100,"sizes":[]}},"elements":[],"isInner":false,"widgetType":"image-box","elType":"widget"}],"isInner":false,"elType":"container"}],"isInner":false,"elType":"container"},{"id":"51b35f1e","settings":{"flex_direction":"row","flex_gap":{"unit":"px","size":0},"hide_desktop":"hidden-desktop","hide_laptop":"hidden-laptop","hide_tablet":"hidden-tablet"},"elements":[{"id":"2bd32ad","settings":{"flex_direction":"column","content_width":"full","width":{"unit":"%","size":33},"flex_justify_content":"flex-start","width_mobile":{"unit":"px","size":166},"flex_direction_mobile":"row","_flex_size":"none","_element_width_mobile":"initial"},"elements":[{"id":"327379c6","settings":{"image":{"url":"https:\/\/emeals.com\/meal-planning\/wp-content\/uploads\/2023\/02\/emeals-paleo-meal-plan-image.webp","id":771,"size":"","alt":"image of emeals paleo meal plan recipe","source":"library"},"title_text":"Paleo Meal Plan","description_text":"This is a healthy approach to enjoying protein-rich meals. With this meal plan, we're waving goodbye to heavily processed foods and saying hello to natural, whole foods packed with nutrients, protein, and healthy oils. This gluten and dairy-free plan are perfect for protein and natural-food lovers.","image_size":{"unit":"%","size":69,"sizes":[]},"text_align":"center","image_size_mobile":{"unit":"%","size":100,"sizes":[]}},"elements":[],"isInner":false,"widgetType":"image-box","elType":"widget"}],"isInner":false,"elType":"container"},{"id":"43c3503b","settings":{"flex_direction":"column","content_width":"full","width":{"unit":"%","size":33},"width_mobile":{"unit":"px","size":169},"_flex_size":"none","_element_width_mobile":"initial"},"elements":[{"id":"31c133f6","settings":{"image":{"url":"https:\/\/emeals.com\/meal-planning\/wp-content\/uploads\/2023\/02\/emeals-budget-friendly-meal-plan-image.webp","id":775,"size":"","alt":"image of budget friendly emeals recipe","source":"library"},"title_text":"Budget Friendly Meal Plan","description_text":"If you are looking for ways to save money and still meal plan, this food plan is for you. With fast and affordable brand-new recipes each week, this plan emphasizes freezer-friendly, family- and kid-friendly meals while keeping your grocery budget under $95 per week. Scaled up or down for various portions, this plan includes meals with 10 ingredients or less.","image_size":{"unit":"%","size":69,"sizes":[]},"text_align":"center","image_size_mobile":{"unit":"%","size":100,"sizes":[]}},"elements":[],"isInner":false,"widgetType":"image-box","elType":"widget"}],"isInner":false,"elType":"container"}],"isInner":false,"elType":"container"},{"id":"ddff9b9","settings":{"flex_direction":"row","flex_gap":{"unit":"px","size":0},"hide_desktop":"hidden-desktop","hide_laptop":"hidden-laptop","hide_tablet":"hidden-tablet"},"elements":[{"id":"549b69c8","settings":{"flex_direction":"column","content_width":"full","width":{"unit":"%","size":33},"flex_justify_content":"flex-start","width_mobile":{"unit":"px","size":166},"flex_direction_mobile":"row","_flex_size":"none","_element_width_mobile":"initial"},"elements":[{"id":"25449dc0","settings":{"image":{"url":"https:\/\/emeals.com\/meal-planning\/wp-content\/uploads\/2023\/02\/emeals-kid-friendly-meal-plan-image.webp","id":781,"size":"","alt":"image of recipe from the kid friendly meal plan from emeals","source":"library"},"title_text":"Kid Friendly Meal Plan","description_text":"While we offer many meal plans for families, this is perfect for those picky eaters who love a tasty meal with familiar flavors and textures. These dietitian-approved recipes keep your children's healthy growth and development in mind by incorporating familiar flavors and nourishing ingredients to put a smile on faces and tummies.","image_size":{"unit":"%","size":69,"sizes":[]},"text_align":"center","image_size_mobile":{"unit":"%","size":100,"sizes":[]}},"elements":[],"isInner":false,"widgetType":"image-box","elType":"widget"}],"isInner":false,"elType":"container"},{"id":"7a6b0d5","settings":{"flex_direction":"column","content_width":"full","width":{"unit":"%","size":33},"width_mobile":{"unit":"px","size":169},"_flex_size":"none","_element_width_mobile":"initial"},"elements":[{"id":"33fe0e4","settings":{"image":{"url":"https:\/\/emeals.com\/meal-planning\/wp-content\/uploads\/2023\/02\/emeals-low-carb-meal-plan-image.webp","id":772,"size":"","alt":"image of emeals low carb meal plan recipe","source":"library"},"title_text":"Low Carb Meal Plan","description_text":"While we offer many meal plans for families, this is perfect for those picky eaters who love a tasty meal with familiar flavors and textures. These dietitian-approved recipes keep your children's healthy growth and development in mind by incorporating familiar flavors and nourishing ingredients to put a smile on faces and tummies.","image_size":{"unit":"%","size":69,"sizes":[]},"text_align":"center","image_size_mobile":{"unit":"%","size":100,"sizes":[]}},"elements":[],"isInner":false,"widgetType":"image-box","elType":"widget"}],"isInner":false,"elType":"container"}],"isInner":false,"elType":"container"},{"id":"55c823ba","settings":{"flex_direction":"row","flex_gap":{"unit":"px","size":0},"hide_desktop":"hidden-desktop","hide_laptop":"hidden-laptop","hide_tablet":"hidden-tablet"},"elements":[{"id":"3ddc7e10","settings":{"flex_direction":"column","content_width":"full","width":{"unit":"%","size":33},"flex_justify_content":"flex-start","width_mobile":{"unit":"px","size":166},"flex_direction_mobile":"row","_flex_size":"none","_element_width_mobile":"initial"},"elements":[{"id":"6b661459","settings":{"image":{"url":"https:\/\/emeals.com\/meal-planning\/wp-content\/uploads\/2023\/02\/emeals-plant-based-meal-plan-image.webp","id":778,"size":"","alt":"image of plant based meal plan recipe from emeals","source":"library"},"title_text":"Plant Based Meal Plan","description_text":"This nutritious meal plan offers a mix of delicious vegetarian and vegan meals focused on whole grains, vegetables, nuts, beans, and fruits. These recipes are great for all populations (vegan, vegan, vegetarian, and everything in between). With our approachable cooking methods, you'll find some favorites after just one week!","image_size":{"unit":"%","size":69,"sizes":[]},"text_align":"center","image_size_mobile":{"unit":"%","size":100,"sizes":[]}},"elements":[],"isInner":false,"widgetType":"image-box","elType":"widget"},{"id":"57fa4eb5","settings":{"image":{"url":"https:\/\/emeals.com\/meal-planning\/wp-content\/uploads\/2023\/02\/emeals-low-calorie-meal-plan-image.webp","id":774,"size":"","alt":"image of low calorie meal plan recipe from eMeals","source":"library"},"title_text":"Low Calorie Meal Plan","description_text":"These delicious recipes provide no more than 500 calories per meal. They are compatible with specific diets, like Weight Watchers Smart Points. We offer an accurate nutrition analysis for every meal from our dietitians and food experts. These flavorful, low-calorie recipes are ones you will save for later.","image_size":{"unit":"%","size":69,"sizes":[]},"text_align":"center","image_size_mobile":{"unit":"%","size":100,"sizes":[]}},"elements":[],"isInner":false,"widgetType":"image-box","elType":"widget"},{"id":"25977610","settings":{"image":{"url":"https:\/\/emeals.com\/meal-planning\/wp-content\/uploads\/2023\/02\/emeals-slow-cooker-meal-plan-image.webp","id":780,"size":"","alt":"image of a recipe from the slow cooker meal plan from emeals","source":"library"},"title_text":"Slow Cooker Meal Plan","description_text":"This choice is perfect if you are super busy with family, work, and life! This delicious menu offers a mix of recipes ranging from quick-prep to kid-friendly, allowing you to choose the time you dedicate to cooking based on your family's weekly activities and budget. ","image_size":{"unit":"%","size":69,"sizes":[]},"text_align":"center","image_size_mobile":{"unit":"%","size":100,"sizes":[]}},"elements":[],"isInner":false,"widgetType":"image-box","elType":"widget"}],"isInner":false,"elType":"container"},{"id":"33e9f0b7","settings":{"flex_direction":"column","content_width":"full","width":{"unit":"%","size":33},"width_mobile":{"unit":"px","size":169},"_flex_size":"none","_element_width_mobile":"initial"},"elements":[{"id":"28bec3f8","settings":{"image":{"url":"https:\/\/emeals.com\/meal-planning\/wp-content\/uploads\/2023\/02\/emeals-30-minute-meal-plan-image.webp","id":769,"size":"","alt":"image of emeals 30 minute meal plan image","source":"library"},"title_text":"30 Minute Meal Plan","description_text":"If you're exhausted after a long day and don't quite have the time you need to put an extravagant meal on the table for those hungry mouths, our 30 minute meal plan may be right for you. Scaled up or down for various portions, this plan includes meals with 10 ingredients or less, and it's perfect for singles, couples, or the entire family. Of course, many meals are one-dish meals or skillet dinners, too.","image_size":{"unit":"%","size":69,"sizes":[]},"text_align":"center","image_size_mobile":{"unit":"%","size":100,"sizes":[]}},"elements":[],"isInner":false,"widgetType":"image-box","elType":"widget"},{"id":"35b94a39","settings":{"flex_direction":"column","content_width":"full","width":{"unit":"%","size":33},"flex_justify_content":"flex-start","width_mobile":{"unit":"px","size":166},"flex_direction_mobile":"row","_flex_size":"none","_element_width_mobile":"initial"},"elements":[{"id":"7ddd8e1b","settings":{"image":{"url":"https:\/\/emeals.com\/meal-planning\/wp-content\/uploads\/2023\/02\/emeals-quick-and-healthy-meal-plan-image.webp","id":770,"size":"","alt":"image of quick and healthy meal plan by emeals","source":"library"},"title_text":"Quick + Healthy Meal Plan","description_text":"If you're looking for something quick, healthy, and tasty\u2014this meal plan is for you. Using only 8 ingredients or less, we can bring you simple, healthy home-cooked dinners with minimum prep and cook time of 30 minutes or less. Each menu includes a complete nutrition analysis and checks calories, fat, and sodium.","image_size":{"unit":"%","size":69,"sizes":[]},"text_align":"center","image_size_mobile":{"unit":"%","size":100,"sizes":[]},"hide_desktop":"hidden-desktop","hide_laptop":"hidden-laptop","hide_tablet":"hidden-tablet"},"elements":[],"isInner":false,"widgetType":"image-box","elType":"widget"}],"isInner":false,"elType":"container"}],"isInner":false,"elType":"container"}],"isInner":false,"elType":"container"},{"id":"5dbf7947","settings":{"flex_direction":"column"},"elements":[{"id":"2ecb5df8","settings":[],"elements":[],"isInner":false,"widgetType":"spacer","elType":"widget"},{"id":"38fa7c4a","settings":{"width":{"unit":"%","size":20,"sizes":[]},"align":"center","text":"Divider","__globals__":{"color":"globals\/colors?id=primary"}},"elements":[],"isInner":false,"widgetType":"divider","elType":"widget"},{"id":"27f964b2","settings":[],"elements":[],"isInner":false,"widgetType":"spacer","elType":"widget"}],"isInner":false,"elType":"container"},{"id":"4da27684","settings":{"flex_direction":"column","background_background":"classic","background_image":{"url":"https:\/\/emeals.com\/meal-planning\/wp-content\/uploads\/2023\/03\/emeals-meal-planning-icon-9-e1678137932495.webp","id":734,"size":"","alt":"graphic of meal planning template, knife, and apple for eMeals meal planning page","source":"library"},"background_position":"center center","background_repeat":"no-repeat","background_size":"contain"},"elements":[{"id":"e2f02b6","settings":{"space":{"unit":"px","size":74,"sizes":[]}},"elements":[],"isInner":false,"widgetType":"spacer","elType":"widget"}],"isInner":false,"elType":"container"},{"id":"480a6ffe","settings":{"flex_direction":"column"},"elements":[{"id":"7db7ce16","settings":{"title":"The Latest in Meal Planning","align":"center","__globals__":{"typography_typography":"globals\/typography?id=secondary"}},"elements":[],"isInner":false,"widgetType":"heading","elType":"widget"},{"id":"b74bb6c","settings":{"space":{"unit":"px","size":10,"sizes":[]}},"elements":[],"isInner":false,"widgetType":"spacer","elType":"widget"},{"id":"207a45d8","settings":{"_skin":"cards","classic_meta_separator":"\/\/\/","classic_read_more_text":"Read More \u00bb","cards_item_ratio":{"unit":"px","size":1,"sizes":[]},"cards_item_ratio_mobile":{"unit":"px","size":1.02,"sizes":[]},"cards_excerpt_length":35,"cards_meta_data":[],"cards_meta_separator":"\u2022","cards_read_more_text":"Read More \u00bb","cards_show_badge":"","cards_show_avatar":"","full_content_meta_separator":"\/\/\/","cards_column_gap":{"unit":"px","size":24,"sizes":[]},"cards_image_spacing":{"unit":"px","size":0,"sizes":[]},"cards_title_color":"#303C4B","cards_title_typography_typography":"custom","cards_title_typography_font_family":"Poppins","cards_title_typography_font_size":{"unit":"px","size":22,"sizes":[]},"cards_title_typography_font_weight":"700","cards_title_typography_text_transform":"capitalize","cards_title_typography_text_decoration":"none","cards_title_typography_line_height":{"unit":"em","size":1.2,"sizes":[]},"cards_title_typography_letter_spacing":{"unit":"px","size":0,"sizes":[]},"cards_title_spacing":{"unit":"px","size":10,"sizes":[]},"cards_read_more_typography_typography":"custom","cards_read_more_typography_font_size":{"unit":"px","size":14,"sizes":[]},"cards_read_more_typography_font_size_mobile":{"unit":"px","size":20,"sizes":[]},"cards_read_more_typography_font_weight":"600","cards_read_more_typography_text_transform":"none","cards_read_more_typography_text_decoration":"none","cards_read_more_typography_line_height":{"unit":"em","size":1.4,"sizes":[]},"cards_read_more_typography_letter_spacing":{"unit":"px","size":0.2,"sizes":[]},"pagination_page_limit":"5","pagination_prev_label":"&laquo; Previous","pagination_next_label":"Next &raquo;","text":"Load More","load_more_no_posts_custom_message":"No more posts to show","__globals__":{"cards_title_typography_typography":"","cards_read_more_typography_typography":"globals\/typography?id=accent","cards_title_color":"globals\/colors?id=secondary"}},"elements":[],"isInner":false,"widgetType":"posts","elType":"widget"}],"isInner":false,"elType":"container"},{"id":"6ab4eddc","settings":{"flex_direction":"column"},"elements":[{"id":"650c81f","settings":{"space":{"unit":"px","size":98,"sizes":[]}},"elements":[],"isInner":false,"widgetType":"spacer","elType":"widget"},{"id":"28ee0710","settings":{"template_id":"301"},"elements":[],"isInner":false,"widgetType":"template","elType":"widget"},{"id":"50701a75","settings":{"space":{"unit":"px","size":98,"sizes":[]}},"elements":[],"isInner":false,"widgetType":"spacer","elType":"widget"}],"isInner":false,"elType":"container"},{"id":"1c48cd03","settings":{"flex_direction":"row","flex_gap":{"unit":"px","size":0},"flex_justify_content":"center","flex_align_items":"center","boxed_width":{"unit":"px","size":975,"sizes":[]}},"elements":[{"id":"25dcecbe","settings":{"title":"A Complete Guide: 7 Steps to Choosing the Best Diet Meal Plan For You","__globals__":{"typography_typography":"globals\/typography?id=secondary"}},"elements":[],"isInner":false,"widgetType":"heading","elType":"widget"}],"isInner":false,"elType":"container"},{"id":"7ff14fc5","settings":{"flex_direction":"row","boxed_width":{"unit":"px","size":945,"sizes":[]},"flex_justify_content":"center","flex_align_items":"center","flex_gap":{"unit":"px","size":18,"sizes":[]}},"elements":[{"id":"44c467a","settings":{"image":{"url":"https:\/\/emeals.com\/meal-planning\/wp-content\/uploads\/2023\/02\/meghan-and-emeals.png","id":686,"size":"","alt":"emeals customer loves our meal planning service","source":"library"},"image_size":"medium"},"elements":[],"isInner":false,"widgetType":"image","elType":"widget"},{"id":"145a45c1","settings":{"image":{"url":"https:\/\/emeals.com\/meal-planning\/wp-content\/uploads\/2023\/02\/emeals-budget-friendly-meal-plan-image.webp","id":775,"size":"","alt":"image of budget friendly emeals recipe","source":"library"},"image_size":"medium"},"elements":[],"isInner":false,"widgetType":"image","elType":"widget"},{"id":"61dc6879","settings":{"image":{"url":"https:\/\/emeals.com\/meal-planning\/wp-content\/uploads\/2023\/02\/claudia-with-emeals.png","id":684,"size":"","alt":"emeals review from a customer","source":"library"},"image_size":"medium"},"elements":[],"isInner":false,"widgetType":"image","elType":"widget"},{"id":"68481176","settings":{"image":{"url":"https:\/\/emeals.com\/meal-planning\/wp-content\/uploads\/2023\/02\/emeals-low-calorie-meal-plan-image.webp","id":774,"size":"","alt":"image of low calorie meal plan recipe from eMeals","source":"library"},"image_size":"medium","align":"center"},"elements":[],"isInner":false,"widgetType":"image","elType":"widget"}],"isInner":false,"elType":"container"},{"id":"667fa03d","settings":{"flex_direction":"column","boxed_width":{"unit":"px","size":975,"sizes":[]}},"elements":[{"id":"64e4f1b5","settings":{"editor":"<p>Do you want to set up a weekly meal planner for breakfast, lunch, and dinner? Or wondering how to meal plan for your family?<\/p><p>Choosing recipes that align with your end goal involves understanding your diet and lifestyle patterns. You may search for ways to reach a target weight, save money, lower bad cholesterol, or help with portion control. To start meal planning, these are factors to consider.<\/p><p>All things considered, understanding what to look for when choosing the right food plan is a necessary task to take. Below, we've listed 7 simple steps to consider when searching for the best diet meal plan.<\/p><h3>\u00a0<\/h3><h3>1. Assess current diet and lifestyle<\/h3><p>Note your current lifestyle, activity level, daily calorie intake, and health conditions. Ask yourself how often you plan to eat, what your shopping list may look like, what foods you prefer, and if additional factors like serving sizes are needed to review.<\/p><p>Distinguishing your lifestyle habits, setting your goals, taking the proper steps, and honoring your plan are vital steps toward reaching your goal. You may use a weekly meal plan template to help organize your grocery shopping, recipe ideas, and menu planning.<\/p><p>\u00a0<\/p><p><strong>The following are things to review before setting up weekly or monthly meal planning:<\/strong><\/p><ul><li>Diet Needs (weight loss, portion control)<\/li><li>Food Restrictions (gluten-free, vegan)<\/li><li>Schedule (work, kids)<\/li><li>Serving Sizes (family size, calorie intake)<\/li><li>Health Needs (gestational diabetes, heart health)<\/li><li>Budget (work income, bill payments)<\/li><li>Time (cook and prep timeline, weekly monthly meal planner)<\/li><\/ul><h3>\u00a0<\/h3><h3>2. Set realistic goals<\/h3><p>You will want to consider diet preferences, daily activity level, and the time to make weekly recipes matching your desired outcome. Search for weight loss diet plans ranging from clean eating to Mediterranean, low-carb, and low-calorie options for weight control.<\/p><p>To reach good health, consider plans that encourage healthy food, like fruits, vegetables, and unprocessed dairy products. Look at total caloric intake for weight loss planning or protein intake to increase muscle mass.<\/p><h3>\u00a0<\/h3><h3>3. Find a diet food plan that fits your needs<\/h3><p>Are you meal-prepping for one, for toddlers, or for your entire family? Or, are time, money, weight, food preferences, or health part of your deciding factor?<\/p><p>These are essential topics to consider before choosing the right diet meal plan. Think about the types of foods you would like to eat, the portion sizes, and the frequency of meals. You can even brainstorm how many calories per day you will need.<\/p>"},"elements":[],"isInner":false,"widgetType":"text-editor","elType":"widget"}],"isInner":false,"elType":"container"},{"id":"2d738881","settings":{"flex_direction":"row","boxed_width":{"unit":"px","size":945,"sizes":[]},"flex_justify_content":"center","flex_align_items":"center","flex_gap":{"unit":"px","size":17,"sizes":[]},"_flex_align_self":"center"},"elements":[{"id":"7d60dd7f","settings":{"editor":"<h4><strong>If your goal is to maintain good health, consider these diet food plans:<\/strong><\/h4><ul><li><h5><a href=\"https:\/\/emeals.com\/meal-plans\/heart-healthy\/\" target=\"_blank\" rel=\"noopener noreferrer\">Heart Healthy\u00a0<\/a><\/h5><\/li><li><h5><a href=\"https:\/\/emeals.com\/meal-plans\/low-calorie\/\" target=\"_blank\" rel=\"noopener noreferrer\">Low-Calorie<\/a><\/h5><\/li><li><h5><a href=\"https:\/\/emeals.com\/meal-plans\/plant-based\/\" target=\"_blank\" rel=\"noopener noreferrer\">Plant-Based<\/a><\/h5><\/li><li><h5><a href=\"https:\/\/emeals.com\/meal-plans\/diabetic\/\" target=\"_blank\" rel=\"noopener noreferrer\">Diabetic<\/a><\/h5><\/li><li><h5><a href=\"https:\/\/emeals.com\/meal-plans\/clean-eating\/\" target=\"_blank\" rel=\"noopener noreferrer\">Clean Eating<\/a><\/h5><\/li><\/ul><h4>\u00a0<\/h4><h4><strong>If your goal is to save time and money, consider these diet food plans:<\/strong><\/h4><ul><li><h5><a href=\"https:\/\/emeals.com\/meal-plans\/budget-friendly\/\" target=\"_blank\" rel=\"noopener noreferrer\">\u00a0Budget-Friendly<\/a><\/h5><\/li><li><h5><a href=\"https:\/\/emeals.com\/meal-plans\/30-minute\/\" target=\"_blank\" rel=\"noopener noreferrer\">30-Minute<\/a><\/h5><\/li><\/ul>","column_gap":{"unit":"px","size":12,"sizes":[]},"align":"left","_padding":{"unit":"px","top":"12","right":"12","bottom":"12","left":"12","isLinked":true},"_element_width_laptop":"initial","_element_custom_width_laptop":{"unit":"px","size":465.977},"_flex_align_self":"flex-start","_flex_order":"end","_flex_size":"none"},"elements":[],"isInner":false,"widgetType":"text-editor","elType":"widget"},{"id":"191f1841","settings":{"editor":"<h4><strong>If your goal is to feed your family, consider these diet food plans:<\/strong><\/h4><ul><li><h5><a href=\"https:\/\/emeals.com\/meal-plans\/kid-friendly\/\" target=\"_blank\" rel=\"noopener noreferrer\">Kid Friendly<\/a><\/h5><\/li><li><h5><a href=\"https:\/\/emeals.com\/meal-plans\/quick-and-healthy\/\" target=\"_blank\" rel=\"noopener noreferrer\">Quick + Healthy<\/a><\/h5><\/li><li><h5><a href=\"https:\/\/emeals.com\/meal-plans\/slowcooker\/\" target=\"_blank\" rel=\"noopener noreferrer\">Slow Cooker<\/a><\/h5><\/li><\/ul><p><strong>\u00a0<\/strong><\/p><h4><strong>If your goal is to maintain a diet, consider these diet food plans:<\/strong><\/h4><ul><li><h5><a href=\"https:\/\/emeals.com\/meal-plans\/paleo\/\" target=\"_blank\" rel=\"noopener noreferrer\">Paleo<\/a><\/h5><\/li><li><h5><a href=\"https:\/\/emeals.com\/meal-plans\/gluten-free\/\" target=\"_blank\" rel=\"noopener noreferrer\">Gluten-Free<\/a><\/h5><\/li><li><h5><a href=\"https:\/\/emeals.com\/meal-plans\/keto\/\" target=\"_blank\" rel=\"noopener noreferrer\">Keto<\/a><\/h5><\/li><li><h5><a href=\"https:\/\/emeals.com\/meal-plans\/mediterranean\/\" target=\"_blank\" rel=\"noopener noreferrer\">Mediterranean<\/a><\/h5><\/li><\/ul>","align":"left","_padding":{"unit":"px","top":"12","right":"12","bottom":"12","left":"12","isLinked":true},"_element_width_laptop":"initial","_element_custom_width_laptop":{"unit":"px","size":457.734},"_flex_align_self":"flex-start","_flex_order":"end","_flex_size":"none"},"elements":[],"isInner":false,"widgetType":"text-editor","elType":"widget"}],"isInner":false,"elType":"container"},{"id":"40349b67","settings":{"flex_direction":"column","boxed_width":{"unit":"px","size":975,"sizes":[]},"boxed_width_mobile":{"unit":"px","size":1065,"sizes":[]}},"elements":[{"id":"1115335c","settings":{"editor":"<h3>4. Consider the cost and availability of meal prep items<\/h3><p>The rise in food and grocery store prices should be examined before diet meal planning. Some meal prep services offer budget-friendly meal plans for fast and affordable meal options.<\/p><p><strong>What to ask yourself when looking at food costs:<\/strong><\/p><ul><li>What do you think about seasonality?<\/li><li>Do you shop organic or non-organic?<\/li><li>Does your grocery store offer sales or weekly deals?<\/li><li>How often will you create a grocery list to shop?<\/li><li>Do you have access to free templates for meals?<\/li><li>How many people will follow the new diet plan?<\/li><li>What is your serving size?<\/li><\/ul><p>\u00a0<\/p><p>You can often find\u00a0<a href=\"https:\/\/emeals.canto.com\/s\/NLM7E?viewIndex=0&amp;column=document&amp;id=ic3il55t015ot8m7gc45u0lu3h&amp;utm_campaign=2023-01-14-newsletter-active&amp;utm_source=emeals-active&amp;utm_medium=email\" target=\"_blank\" rel=\"noopener noreferrer\">free meal planner templates<\/a>\u00a0or printable meal planners that keep extra dollars in your pocket.<\/p>","align":"left","_padding":{"unit":"px","top":"0","right":"28","bottom":"0","left":"28","isLinked":false},"_flex_align_self":"flex-start","_flex_order":"end"},"elements":[],"isInner":false,"widgetType":"text-editor","elType":"widget"}],"isInner":false,"elType":"container"},{"id":"29020602","settings":{"flex_direction":"column","boxed_width":{"unit":"px","size":900,"sizes":[]},"flex_justify_content":"center","flex_align_items":"center","_flex_align_self":"center"},"elements":[{"id":"5fc67f9d","settings":{"flex_direction":"row"},"elements":[{"id":"e88a88f","settings":{"image":{"url":"https:\/\/emeals.com\/meal-planning\/wp-content\/uploads\/2023\/01\/dinner-meal-planner-1.png","id":182,"size":"","alt":"graphic of free meal planner template from eMeals","source":"library"}},"elements":[],"isInner":false,"widgetType":"image","elType":"widget"}],"isInner":false,"elType":"container"},{"id":"354613d6","settings":{"text":"Download a FREE Meal Planner Template","link":{"url":"https:\/\/emeals.canto.com\/s\/NLM7E?viewIndex=0&column=document&id=ic3il55t015ot8m7gc45u0lu3h&utm_campaign=2023-01-14-newsletter-active&utm_source=emeals-active&utm_medium=email","is_external":"","nofollow":"","custom_attributes":""},"align":"center","__globals__":{"typography_typography":"globals\/typography?id=accent"}},"elements":[],"isInner":false,"widgetType":"button","elType":"widget"}],"isInner":false,"elType":"container"},{"id":"486d1410","settings":{"flex_direction":"column","boxed_width":{"unit":"px","size":974,"sizes":[]}},"elements":[{"id":"37fca61b","settings":{"editor":"<h3>5. Organize meals ahead of time<\/h3><p>Save recipes\u00a0beforehand and shop for meals in bulk to save time. With a busy schedule,\u00a0<a href=\"https:\/\/emeals.com\/grocery-delivery-pickup\/\" target=\"_blank\" rel=\"noopener noreferrer\">grocery pickup or delivery<\/a>\u00a0options can also be helpful.<\/p><p>Some\u00a0meal prep apps\u00a0allow you to shop smarter and plan a week's meals in under 10 minutes.<\/p><p>It's wise to simplify this process with resources offered by meal planning companies. Some have meal plan printable options, shoppers who gather all the recipe ingredients, and grocery pick-up and\/or delivery benefits.<\/p><h2>\u00a0<\/h2><h3>6. Track Progress<\/h3><p>Stay on track to...stay on track. Consider using a printable meal plan template and a meal planning app to track your meals and progress. If you lose momentum, talk with our expert nutritionist and registered dietician team for ways to stay motivated.<\/p><p>Writing down your daily meal plans to review and being able to track your macronutrients is a great way to stay determined and focused on your goals.<\/p><p>If you monitor your weight, create a log to jot down weekly numbers and goals. If you always have meatless Mondays, keep up with family favorites to make again.<\/p><h2>\u00a0<\/h2><h3>7. Make adjustments as needed<\/h3><p>Consider changing your meal plan if you are still waiting for the desired results. You may also feel bored with a meal plan over time.<\/p><p><strong>Reasons to adjust your food plan:<\/strong><\/p><ul><li>Boredom<\/li><li>Budget adjustments<\/li><li>Seasonal changes<\/li><li>Grocery Store Access<\/li><li>Diet modifications<\/li><li>New time restrictions<\/li><\/ul><p>It's simple to change diet meal plans on our meal prep app. Luckily, we have 15 delicious meal plans updated weekly and available anytime.<\/p><p>Choosing the right diet plan for you can be challenging. Considering your current lifestyle, goals, needs, cost, availability, time, and adjustments is a critical step when you begin meal planning.<\/p><p>Check out <a href=\"https:\/\/emeals.com\/meal-plans\/\" target=\"_blank\" rel=\"noopener noreferrer\">15 meal plans <\/a>and find one that fits your needs!<\/p>","align":"left","_padding":{"unit":"px","top":"0","right":"28","bottom":"0","left":"28","isLinked":false},"_flex_align_self":"flex-start","_flex_order":"end"},"elements":[],"isInner":false,"widgetType":"text-editor","elType":"widget"}],"isInner":false,"elType":"container"},{"id":"1d4f7bc","settings":{"flex_direction":"column"},"elements":[{"id":"6c674f65","settings":{"space":{"unit":"px","size":70,"sizes":[]}},"elements":[],"isInner":false,"widgetType":"spacer","elType":"widget"},{"id":"3dcdacce","settings":{"title":"Find Your Favorite Meal Plan","align":"center","__globals__":{"typography_typography":"globals\/typography?id=secondary"}},"elements":[],"isInner":false,"widgetType":"heading","elType":"widget"},{"id":"363c38b7","settings":{"placeholder":"Search...","button_text":"Search","size":{"unit":"px","size":42,"sizes":[]},"input_typography_typography":"custom","input_typography_font_size":{"unit":"px","size":14,"sizes":[]},"input_typography_font_size_mobile":{"unit":"px","size":20,"sizes":[]},"input_typography_font_weight":"600","input_typography_text_transform":"none","input_typography_text_decoration":"none","input_typography_line_height":{"unit":"em","size":1.4,"sizes":[]},"input_typography_letter_spacing":{"unit":"px","size":0.2,"sizes":[]},"input_text_color":"#4B4B4B","input_border_color":"#ABABAB","button_border_width":{"unit":"px","top":"1","right":"1","bottom":"1","left":"1","isLinked":true},"button_background_color":"#303C4B","__globals__":{"input_text_color":"globals\/colors?id=primary","input_typography_typography":"globals\/typography?id=accent","button_background_color":"globals\/colors?id=secondary","input_border_color":""}},"elements":[],"isInner":false,"widgetType":"search-form","elType":"widget"},{"id":"408da4bd","settings":{"space":{"unit":"px","size":70,"sizes":[]}},"elements":[],"isInner":false,"widgetType":"spacer","elType":"widget"}],"isInner":false,"elType":"container"},{"id":"7aad4383","settings":{"flex_direction":"column","width":{"unit":"%","size":40,"sizes":[]},"boxed_width":{"unit":"px","size":830,"sizes":[]},"flex_justify_content":"center"},"elements":[{"id":"3eacc437","settings":{"image":{"url":"https:\/\/emeals.com\/meal-planning\/wp-content\/uploads\/2023\/02\/1-how-it-works_onboarding-gif.png","id":1047,"size":"","alt":"image of emeals meal prep app","source":"library"},"title_text":"The Best Meal Planning App","description_text":"Our meal prep app allows you to shop smarter with eMeals + Grocery partners. Pick your meals with a seamless shopping list; our partners will shop for your grocery order. You can choose pickup or delivery all in one app.","image_size":{"unit":"%","size":100,"sizes":[]}},"elements":[],"isInner":false,"widgetType":"image-box","elType":"widget"},{"id":"77941607","settings":{"text":"Download The App ","link":{"url":"https:\/\/emeals.com\/account\/join_account.php?","is_external":"on","nofollow":"","custom_attributes":""},"align":"center","border_border":"none","__globals__":{"button_text_color":"globals\/colors?id=948b3b5","background_color":"globals\/colors?id=42c0f4b","button_background_hover_color":"globals\/colors?id=secondary"}},"elements":[],"isInner":false,"widgetType":"button","elType":"widget"}],"isInner":false,"elType":"container"},{"id":"7cc76387","settings":{"flex_direction":"column"},"elements":[{"id":"319c2248","settings":[],"elements":[],"isInner":false,"widgetType":"spacer","elType":"widget"}],"isInner":false,"elType":"container"},{"id":"2b6ff90b","settings":{"flex_direction":"column","boxed_width":{"unit":"px","size":1140,"sizes":[]}},"elements":[{"id":"4d9df3a3","settings":{"image":{"url":"https:\/\/emeals.com\/meal-planning\/wp-content\/uploads\/2023\/02\/eMeals-Meal-Planning-App-Quote.png","id":583,"size":"","alt":"","source":"library"},"width":{"unit":"%","size":100,"sizes":[]},"_flex_align_self":"center","_border_border":"solid","_border_width":{"unit":"px","top":"6","right":"6","bottom":"6","left":"6","isLinked":true},"_box_shadow_box_shadow_type":"yes","_box_shadow_box_shadow":{"horizontal":-2,"vertical":2,"blur":10,"spread":0,"color":"rgba(0,0,0,0.5)"},"__globals__":{"_border_color":"globals\/colors?id=b97fcda"}},"elements":[],"isInner":false,"widgetType":"image","elType":"widget"}],"isInner":false,"elType":"container"},{"id":"3dd8ceca","settings":{"flex_direction":"column","flex_align_items":"center"},"elements":[{"id":"4529028","settings":{"space":{"unit":"px","size":26,"sizes":[]}},"elements":[],"isInner":false,"widgetType":"spacer","elType":"widget"}],"isInner":false,"elType":"container"},{"id":"3c6ac8c9","settings":{"flex_direction":"column"},"elements":[{"id":"5acce203","settings":[],"elements":[],"isInner":false,"widgetType":"spacer","elType":"widget"}],"isInner":false,"elType":"container"},{"id":"66373abf","settings":{"flex_direction":"column","boxed_width":{"unit":"px","size":759,"sizes":[]},"background_background":"classic","__globals__":{"background_color":"globals\/colors?id=secondary"}},"elements":[{"id":"52fc365a","settings":{"space":{"unit":"px","size":42,"sizes":[]}},"elements":[],"isInner":false,"widgetType":"spacer","elType":"widget"},{"id":"4fbcc652","settings":{"title":"Why Customers Love eMeals","align":"center","typography_typography":"custom","typography_font_size":{"unit":"px","size":28,"sizes":[]},"typography_font_weight":"700","typography_text_transform":"none","typography_font_style":"normal","typography_text_decoration":"none","typography_line_height":{"unit":"em","size":1.2,"sizes":[]},"typography_letter_spacing":{"unit":"px","size":0,"sizes":[]},"__globals__":{"typography_typography":"","title_color":"globals\/colors?id=948b3b5"}},"elements":[],"isInner":false,"widgetType":"heading","elType":"widget"},{"id":"73e2a734","settings":{"blockquote_skin":"quotation","blockquote_content":"Another thing I love about eMeals is you can choose from 15 different meal plans so if you are planning to start a new diet in January or even decide to eat more veggies, you can select that option on the eMeals app and see a bunch of recipes you can try. It helps me to have the meals planned in advance and takes the guesswork out of the age old question \"what's for dinner.","author_name":"Meghan","tweet_button":"","tweet_button_label":"Tweet","__globals__":{"author_text_color":"globals\/colors?id=948b3b5","content_text_color":"globals\/colors?id=948b3b5"}},"elements":[],"isInner":false,"widgetType":"blockquote","elType":"widget"},{"id":"51cbf389","settings":{"text":"Divider","__globals__":{"color":"globals\/colors?id=948b3b5"}},"elements":[],"isInner":false,"widgetType":"divider","elType":"widget"},{"id":"689929f6","settings":{"blockquote_skin":"quotation","blockquote_content":"I chose my meal plan, selected 7 recipes, and eMeals generated a shopping list for me and sent all of the ingredients to Walmart. I set my delivery time and VOILA, and all of my groceries for the recipes were delivered right to my doorstep. What a healthy, mindless #momhack!","author_name":"Danielle","tweet_button":"","tweet_button_label":"Tweet","__globals__":{"content_text_color":"globals\/colors?id=948b3b5","author_text_color":"globals\/colors?id=948b3b5"}},"elements":[],"isInner":false,"widgetType":"blockquote","elType":"widget"},{"id":"74366174","settings":{"text":"Divider","__globals__":{"color":"globals\/colors?id=948b3b5"}},"elements":[],"isInner":false,"widgetType":"divider","elType":"widget"},{"id":"cdec4f9","settings":{"blockquote_skin":"quotation","blockquote_content":"I love that they have several meal categories, like easy and under 30 min, keto options, pasta dishes, Game Day, and Taco Tuesday ideas - all to keep things fresh and exciting. Using eMeals with Instacart makes things so easy and such a time-saver for someone like myself! What would take hours, now takes minutes to complete. Are you stuck in a \u201cwhat to make for dinner?","author_name":"Claudua","tweet_button":"","tweet_button_label":"Tweet","__globals__":{"content_text_color":"globals\/colors?id=948b3b5","author_text_color":"globals\/colors?id=948b3b5"}},"elements":[],"isInner":false,"widgetType":"blockquote","elType":"widget"},{"id":"3c275942","settings":{"space":{"unit":"px","size":97,"sizes":[]}},"elements":[],"isInner":false,"widgetType":"spacer","elType":"widget"}],"isInner":false,"elType":"container"},{"id":"41e27141","settings":{"flex_direction":"column"},"elements":[{"id":"6bc44f6d","settings":{"space":{"unit":"px","size":56,"sizes":[]}},"elements":[],"isInner":false,"widgetType":"spacer","elType":"widget"},{"id":"41820b48","settings":{"title":"FREE Printable Meal Planner Template","align":"center","__globals__":{"typography_typography":"globals\/typography?id=secondary"}},"elements":[],"isInner":false,"widgetType":"heading","elType":"widget"},{"id":"68954093","settings":{"space":{"unit":"px","size":10,"sizes":[]}},"elements":[],"isInner":false,"widgetType":"spacer","elType":"widget"}],"isInner":false,"elType":"container"},{"id":"20bc50a4","settings":{"flex_direction":"column","boxed_width":{"unit":"px","size":964,"sizes":[]}},"elements":[{"id":"22a92dff","settings":{"image":{"url":"https:\/\/emeals.com\/meal-planning\/wp-content\/uploads\/2023\/03\/dinner-made-simpler-emeals-meal-planner-template.webp","id":744,"size":"","alt":"Graphic of making dinner simpler with eMeals weekly meal planning template.","source":"library"},"title_text":"NEW Printable Weekly Meal Plan Template","description_text":"Taking the time out of your weekly schedule to plan meals can be helpful yet time-consuming. With this custom meal plan template from eMeals meal plan service, you can set yourself up for success with this meal plan sheet! It comes in a convenient meal plan PDF for you to use as often as you need.\n\nThis weekly meal plan printable will help you plan dinners without hours of research or second-guessing what you will eat. Our dinner planner offers an organized table, making meal prep and dinnertime easier. \n\nPlanning delicious meals couldn\u2019t get any simpler.","image_size":{"unit":"%","size":100,"sizes":[]}},"elements":[],"isInner":false,"widgetType":"image-box","elType":"widget"},{"id":"39318e25","settings":{"space":{"unit":"px","size":10,"sizes":[]}},"elements":[],"isInner":false,"widgetType":"spacer","elType":"widget"},{"id":"1b05760d","settings":{"text":"Download Meal Planning Template","link":{"url":"https:\/\/emeals.canto.com\/pdfviewer\/viewer\/viewer.html?share=share%2Calbum%2CNLM7E&column=document&id=ic3il55t015ot8m7gc45u0lu3h&suffix=pdf&print=1","is_external":"on","nofollow":"","custom_attributes":""},"align":"center","border_border":"none","__globals__":{"typography_typography":"globals\/typography?id=primary","button_text_color":"globals\/colors?id=948b3b5","background_color":"globals\/colors?id=42c0f4b","button_background_hover_color":"globals\/colors?id=secondary"}},"elements":[],"isInner":false,"widgetType":"button","elType":"widget"}],"isInner":false,"elType":"container"},{"id":"67f94ac1","settings":{"flex_direction":"column"},"elements":[{"id":"1010c151","settings":[],"elements":[],"isInner":false,"widgetType":"spacer","elType":"widget"},{"id":"b92b457","settings":{"title":"eMeals Grocery Partners","align":"center","typography_typography":"custom","typography_font_size":{"unit":"px","size":28,"sizes":[]},"typography_font_weight":"700","typography_text_transform":"none","typography_font_style":"normal","typography_text_decoration":"none","typography_line_height":{"unit":"em","size":1.2,"sizes":[]},"typography_letter_spacing":{"unit":"px","size":0,"sizes":[]},"__globals__":{"typography_typography":""}},"elements":[],"isInner":false,"widgetType":"heading","elType":"widget"},{"id":"239f98ba","settings":{"space":{"unit":"px","size":10,"sizes":[]}},"elements":[],"isInner":false,"widgetType":"spacer","elType":"widget"}],"isInner":false,"elType":"container"},{"id":"6add2736","settings":{"flex_direction":"row"},"elements":[{"id":"7708798b","settings":[],"elements":[{"id":"33f2911e","settings":{"wp_gallery":[{"id":718,"url":"https:\/\/emeals.com\/meal-planning\/wp-content\/uploads\/2023\/03\/Albertsons-Logo-e1678137991925.webp"},{"id":717,"url":"https:\/\/emeals.com\/meal-planning\/wp-content\/uploads\/2023\/03\/amazon-fresh-e1678138000252.webp"},{"id":715,"url":"https:\/\/emeals.com\/meal-planning\/wp-content\/uploads\/2023\/03\/instacart-e1678138014853.webp"},{"id":714,"url":"https:\/\/emeals.com\/meal-planning\/wp-content\/uploads\/2023\/03\/publix-e1678138020510.webp"},{"id":713,"url":"https:\/\/emeals.com\/meal-planning\/wp-content\/uploads\/2023\/03\/shipt-e1678138025887.webp"},{"id":712,"url":"https:\/\/emeals.com\/meal-planning\/wp-content\/uploads\/2023\/03\/walmart-e1678138031683.webp"}],"gallery_columns":"6","gallery_link":"none","gallery_display_caption":"none"},"elements":[],"isInner":false,"widgetType":"image-gallery","elType":"widget"},{"id":"df1f0e5","settings":[],"elements":[],"isInner":false,"widgetType":"spacer","elType":"widget"}],"isInner":false,"elType":"container"}],"isInner":false,"elType":"container"},{"id":"4f955de1","settings":{"flex_direction":"column","content_width":"full","flex_justify_content":"center","flex_align_items":"center","background_background":"classic","__globals__":{"background_color":"globals\/colors?id=80fb6de"}},"elements":[{"id":"74df5767","settings":{"template_id":"1250"},"elements":[],"isInner":false,"widgetType":"template","elType":"widget"}],"isInner":false,"elType":"container"}],"settings":{"padding":{"unit":"%","top":"","right":"","bottom":"","left":"","isLinked":"1"},"background_background":"classic","__globals__":{"background_color":"globals\/colors?id=b97fcda"},"hide_title":"yes","background_color":"#FFFFFF","padding_tablet":{"unit":"%","top":"","right":"","bottom":"","left":"","isLinked":"1"},"padding_mobile":{"unit":"%","top":"","right":"","bottom":"","left":"","isLinked":"1"},"content_wrapper_html_tag":"header"},"metadata":[]}