{"content":[{"id":"7316f0f6","settings":{"flex_direction":"column"},"elements":[{"id":"6ed1c9a3","settings":{"archive_classic_masonry":"yes","archive_classic_thumbnail_size_size":"medium_large","archive_classic_apply_to_custom_excerpt":"yes","archive_classic_meta_data":[],"archive_classic_meta_separator":"\/\/\/","archive_classic_read_more_text":"Read More","archive_classic_open_new_tab":"yes","archive_cards_meta_separator":"\u2022","archive_cards_read_more_text":"Read More \u00bb","archive_full_content_meta_separator":"\/\/\/","archive_classic_image_spacing":{"unit":"px","size":8,"sizes":[]},"archive_classic_title_color":"#303C4B","archive_classic_title_typography_typography":"custom","archive_classic_title_typography_font_family":"Poppins","archive_classic_title_typography_font_size":{"unit":"px","size":18,"sizes":[]},"archive_classic_title_typography_font_weight":"700","archive_classic_title_typography_text_transform":"capitalize","archive_classic_title_typography_text_decoration":"none","archive_classic_title_typography_line_height":{"unit":"em","size":1.6,"sizes":[]},"archive_classic_title_typography_letter_spacing":{"unit":"px","size":0,"sizes":[]},"archive_classic_excerpt_typography_typography":"custom","archive_classic_excerpt_typography_font_family":"Poppins","archive_classic_excerpt_typography_font_size":{"unit":"px","size":14,"sizes":[]},"archive_classic_excerpt_typography_font_weight":"400","archive_classic_excerpt_typography_text_transform":"none","archive_classic_excerpt_typography_font_style":"normal","archive_classic_excerpt_typography_text_decoration":"none","archive_classic_excerpt_typography_line_height":{"unit":"em","size":1.6,"sizes":[]},"archive_classic_excerpt_typography_letter_spacing":{"unit":"px","size":0.2,"sizes":[]},"pagination_page_limit":"5","pagination_prev_label":"&laquo; Previous","pagination_next_label":"Next &raquo;","text":"Load More","load_more_no_posts_custom_message":"No more posts to show","nothing_found_message":"It seems we can&#039;t find what you&#039;re looking for.","__globals__":{"archive_classic_title_typography_typography":"globals\/typography?id=primary","archive_classic_title_color":"globals\/colors?id=secondary","archive_classic_excerpt_typography_typography":"","archive_classic_excerpt_color":"globals\/colors?id=secondary","archive_classic_read_more_color":"globals\/colors?id=accent","archive_classic_read_more_typography_typography":"globals\/typography?id=accent","pagination_typography_typography":"globals\/typography?id=accent"}},"elements":[],"isInner":false,"widgetType":"archive-posts","elType":"widget"}],"isInner":false,"elType":"container"},{"id":"517af7e9","settings":{"flex_direction":"row","flex_gap":{"unit":"px","size":0},"flex_justify_content":"center","background_background":"classic","background_image":{"url":"https:\/\/emeals.com\/meal-planning\/wp-content\/uploads\/2023\/02\/fruit-and-vegatable-background-image.png","id":1042,"size":"","alt":"","source":"library"},"padding":{"unit":"px","top":"64","right":"34","bottom":"64","left":"34","isLinked":false},"__globals__":{"background_color":"globals\/colors?id=948b3b5"}},"elements":[{"id":"24d757f4","settings":{"flex_direction":"column","content_width":"full","width":{"unit":"%","size":33},"width_laptop":{"unit":"px","size":429.719},"flex_justify_content":"center","flex_align_items":"center","_flex_size":"none","_element_width_laptop":"initial"},"elements":[{"id":"14d43912","settings":{"title":"Get Your FREE 7 Day Keto Meal Plan PDF","align":"center","title_color":"#1C244B","typography_typography":"custom","typography_font_family":"Poppins","typography_font_size":{"unit":"px","size":40,"sizes":[]},"typography_font_size_tablet":{"unit":"px","size":45,"sizes":[]},"typography_font_size_mobile":{"unit":"px","size":28,"sizes":[]},"typography_font_weight":"600","typography_text_transform":"none","typography_font_style":"normal","typography_text_decoration":"none","typography_line_height":{"unit":"em","size":1.2,"sizes":[]},"typography_line_height_mobile":{"unit":"em","size":1.1,"sizes":[]},"typography_letter_spacing":{"unit":"px","size":0,"sizes":[]},"typography_word_spacing":{"unit":"em","size":0,"sizes":[]},"__globals__":[],"_element_width_laptop":"initial","_element_custom_width_laptop":{"unit":"px","size":686.875},"_flex_size":"none"},"elements":[],"isInner":false,"widgetType":"heading","elType":"widget"},{"id":"605accda","settings":{"text":"Download PDF","link":{"url":"https:\/\/emeals.com\/meal-planning\/wp-content\/uploads\/2023\/04\/Keto.pdfestions-adam","is_external":"on","nofollow":"","custom_attributes":"title|FREE 7 day keto meal plan pdf"},"align":"center","border_border":"none","_margin":{"unit":"px","top":"15","right":"0","bottom":"15","left":"0","isLinked":false},"_element_width":"inherit","_flex_align_self":"center","__globals__":{"typography_typography":"globals\/typography?id=accent"}},"elements":[],"isInner":false,"widgetType":"button","elType":"widget"}],"isInner":false,"elType":"container"},{"id":"4b340ddf","settings":{"flex_direction":"column","content_width":"full","width":{"unit":"%","size":33},"width_laptop":{"unit":"px","size":325.141},"_flex_size":"none","_element_width_laptop":"initial"},"elements":[{"id":"ee42b55","settings":{"image":{"url":"https:\/\/emeals.com\/meal-planning\/wp-content\/uploads\/2023\/04\/eMeals-7-day-keto-meal-plan-PDF-copy.jpg","id":1597,"size":"","alt":"graphic of 7 day keto meal plan PDF FREE","source":"library"},"align":"center","width":{"unit":"%","size":100,"sizes":[]},"image_box_shadow_box_shadow_type":"yes","image_box_shadow_box_shadow":{"horizontal":-1,"vertical":3,"blur":8,"spread":1,"color":"rgba(0,0,0,0.5)"},"_element_width_laptop":"initial","_element_custom_width_laptop":{"unit":"px","size":608.969},"_flex_size":"none"},"elements":[],"isInner":false,"widgetType":"image","elType":"widget"}],"isInner":false,"elType":"container"},{"id":"2a0bf1bd","settings":{"flex_direction":"column","content_width":"full","width":{"unit":"%","size":33}},"elements":[{"id":"4b1e584e","settings":{"image":{"url":"https:\/\/emeals.com\/meal-planning\/wp-content\/uploads\/2023\/04\/eMeals-7-day-keto-meal-plan-PDF-copy2.jpg","id":1598,"size":"","alt":"image page 1 eMeals 7 day keto meal plan PDF ","source":"library"},"align":"center","width":{"unit":"%","size":100,"sizes":[]},"image_box_shadow_box_shadow_type":"yes","image_box_shadow_box_shadow":{"horizontal":-1,"vertical":3,"blur":8,"spread":1,"color":"rgba(0,0,0,0.5)"},"_element_width_laptop":"initial","_element_custom_width_laptop":{"unit":"px","size":608.969},"_flex_size":"none"},"elements":[],"isInner":false,"widgetType":"image","elType":"widget"}],"isInner":false,"elType":"container"}],"isInner":false,"elType":"container"},{"id":"1e1f56cc","settings":{"flex_direction":"column"},"elements":[{"id":"416172f9","settings":{"space":{"unit":"px","size":85,"sizes":[]}},"elements":[],"isInner":false,"widgetType":"spacer","elType":"widget"}],"isInner":false,"elType":"container"},{"id":"341d0c64","settings":{"flex_direction":"column"},"elements":[{"id":"6b13e78a","settings":{"title":"eMeals Customer Reviews","align":"center","title_color":"#222222","_margin":{"unit":"%","top":"","right":"","bottom":"","left":"","isLinked":true},"_margin_tablet":{"unit":"%","top":"","right":"","bottom":"","left":"","isLinked":"1"},"_margin_mobile":{"unit":"%","top":"4","right":"0","bottom":"0","left":"0","isLinked":false},"_padding":{"unit":"%","top":"","right":"","bottom":"","left":"","isLinked":"1"},"_padding_tablet":{"unit":"%","top":"","right":"","bottom":"","left":"","isLinked":"1"},"_padding_mobile":{"unit":"%","top":"","right":"","bottom":"","left":"","isLinked":"1"},"__globals__":{"typography_typography":"globals\/typography?id=secondary"}},"elements":[],"isInner":false,"widgetType":"heading","elType":"widget"}],"isInner":false,"elType":"container"},{"id":"7b5c4399","settings":{"layout":"full_width","flex_gap":{"size":65,"unit":"px"},"min_height":{"unit":"vh","size":"","sizes":[]},"background_background":"classic","padding":{"unit":"%","top":"2","right":"2","bottom":"2","left":"2","isLinked":true},"padding_tablet":{"unit":"%","top":"10","right":"2","bottom":"10","left":"2","isLinked":""},"padding_mobile":{"unit":"%","top":"20","right":"5","bottom":"20","left":"5","isLinked":""},"_title":"Team","flex_direction":"row","min_height_tablet":{"unit":"vh","size":"","sizes":[]},"min_height_mobile":{"unit":"vh","size":"","sizes":[]},"flex_justify_content":"center","__globals__":{"background_color":"globals\/colors?id=b97fcda"}},"elements":[{"id":"373449bf","settings":{"boxed_width":{"unit":"px","size":650,"sizes":[]},"flex_direction":"column","flex_gap":{"unit":"px","size":10,"sizes":[]},"padding":{"unit":"px","top":"0","right":"0","bottom":"0","left":"0","isLinked":true}},"elements":[{"id":"1929cc51","settings":{"testimonial_content":"\"We love e-meals! The majority of the recipes are huge hits with our family. The ease of creating a list and ordering groceries to be delivered is what makes this a huge time saver. We have saved money on our groceries by being able to meal plan! I was skeptical at first- but now I recommend to everyone I know!\"","testimonial_image":{"url":"https:\/\/emeals.com\/meal-planning\/wp-content\/uploads\/2023\/01\/influencer-image-1.jpeg","id":436,"size":"","alt":"","source":"library"},"testimonial_name":"Kate","testimonial_job":"eMeals Customer","__dynamic__":[],"__globals__":{"content_typography_typography":"globals\/typography?id=text","name_typography_typography":"globals\/typography?id=accent"}},"elements":[],"isInner":false,"widgetType":"testimonial","elType":"widget"}],"isInner":false,"elType":"container"},{"id":"12832eb","settings":{"boxed_width":{"unit":"px","size":650,"sizes":[]},"flex_direction":"column","flex_gap":{"unit":"px","size":10,"sizes":[]},"padding":{"unit":"px","top":"0","right":"0","bottom":"0","left":"0","isLinked":true}},"elements":[{"id":"4944516c","settings":{"testimonial_content":"\"As a working mom, eMeals saves me time each weekend. Because it is linked with the Walmart app, I can easily add what I need to my cart. EMeals has been a game changer for me!!\"","testimonial_image":{"url":"https:\/\/emeals.com\/meal-planning\/wp-content\/uploads\/2023\/01\/323073470_687971473041740_3083981506158491857_n.jpg","id":405,"size":"","alt":"","source":"library"},"testimonial_name":"Lindsay","testimonial_job":"eMeals Customer","__dynamic__":[],"__globals__":{"content_typography_typography":"globals\/typography?id=text","name_typography_typography":"globals\/typography?id=accent"}},"elements":[],"isInner":false,"widgetType":"testimonial","elType":"widget"}],"isInner":false,"elType":"container"},{"id":"bcb2c75","settings":{"boxed_width":{"unit":"px","size":650,"sizes":[]},"flex_direction":"column","flex_gap":{"unit":"px","size":10,"sizes":[]},"padding":{"unit":"px","top":"0","right":"0","bottom":"0","left":"0","isLinked":true}},"elements":[{"id":"5e0c5b91","settings":{"testimonial_content":"\"In a life of caring for six kids (26 to 8 years old) there is little time for meal planing and shopping. eMeals keeps us on track with easy healthy recipes any kid can follow! We eat healthy and at home because of this amazing service. Worth every penny!\"","testimonial_image":{"url":"https:\/\/emeals.com\/meal-planning\/wp-content\/uploads\/2023\/02\/influencer-quote-2.jpeg","id":596,"size":"","alt":"","source":"library"},"testimonial_name":"Jana","testimonial_job":"eMeals Customer","__dynamic__":[],"__globals__":{"content_typography_typography":"globals\/typography?id=text","name_typography_typography":"globals\/typography?id=accent"}},"elements":[],"isInner":false,"widgetType":"testimonial","elType":"widget"}],"isInner":false,"elType":"container"}],"isInner":false,"elType":"container"}],"settings":{"content_wrapper_html_tag":"main","background_background":"classic","background_color":"#FFFFFF"},"metadata":[]}