{"content":[{"id":"45ef9b52","settings":{"padding_tablet":{"unit":"%","top":"0","right":"5","bottom":"0","left":"5","isLinked":false},"padding_mobile":{"unit":"%","top":"","right":"","bottom":"","left":"","isLinked":true},"layout":"full_width","padding":{"unit":"%","top":"0","right":"8","bottom":"0","left":"8","isLinked":false},"_title":"Posts (part 1)","flex_direction":"column","flex_align_items":"center","flex_gap":{"size":30,"unit":"px"},"margin":{"unit":"%","top":"8","right":"0","bottom":"0","left":"0","isLinked":false},"margin_mobile":{"unit":"%","top":"","right":"","bottom":"","left":"","isLinked":true},"boxed_width":{"unit":"px","size":1000,"sizes":[]},"flex_justify_content":"center"},"elements":[{"id":"4eba89f9","settings":{"space":{"unit":"px","size":80,"sizes":[]}},"elements":[],"isInner":false,"widgetType":"spacer","elType":"widget"},{"id":"7ae1a3f0","settings":{"title":"The Latest Meal Planning Articles","align":"center","title_color":"#1C244B","typography_typography":"custom","typography_font_family":"Poppins","typography_font_size":{"unit":"px","size":40,"sizes":[]},"typography_font_size_tablet":{"unit":"px","size":45,"sizes":[]},"typography_font_size_mobile":{"unit":"px","size":28,"sizes":[]},"typography_font_weight":"600","typography_text_transform":"none","typography_font_style":"normal","typography_text_decoration":"none","typography_line_height":{"unit":"em","size":1.2,"sizes":[]},"typography_line_height_mobile":{"unit":"em","size":1.1,"sizes":[]},"typography_letter_spacing":{"unit":"px","size":0,"sizes":[]},"typography_word_spacing":{"unit":"em","size":0,"sizes":[]},"__globals__":[],"_element_width_laptop":"initial","_element_custom_width_laptop":{"unit":"px","size":686.875},"_flex_align_self":"center","_flex_size":"none"},"elements":[],"isInner":false,"widgetType":"heading","elType":"widget"},{"id":"edad23","settings":{"_skin":"cards","classic_meta_separator":"\/\/\/","classic_read_more_text":"Read More \u00bb","cards_meta_data":[],"cards_meta_separator":"\u2022","cards_read_more_text":"Read More","cards_show_avatar":"","full_content_meta_separator":"\/\/\/","cards_hover_effect":"none","cards_badge_position":"left","cards_badge_color":"#F3F5F8","cards_title_spacing":{"unit":"px","size":10,"sizes":[]},"pagination_page_limit":"5","pagination_prev_label":"&laquo; Previous","pagination_next_label":"Next &raquo;","text":"Load More","load_more_no_posts_custom_message":"No more posts to show","__globals__":{"cards_badge_bg_color":"globals\/colors?id=accent","cards_badge_color":"globals\/colors?id=secondary","cards_badge_typography_typography":"","cards_title_typography_typography":"","cards_title_color":"","_border_color":"globals\/colors?id=primary","cards_meta_border_color":"globals\/colors?id=80fb6de","cards_read_more_typography_typography":"globals\/typography?id=accent","cards_read_more_color":"globals\/colors?id=42c0f4b","cards_card_bg_color":"globals\/colors?id=b97fcda","cards_card_border_color":"globals\/colors?id=b97fcda"},"cards_badge_typography_font_size":{"unit":"px","size":16,"sizes":[]},"cards_badge_typography_font_size_tablet":{"unit":"px","size":14,"sizes":[]},"cards_column_gap":{"unit":"px","size":14,"sizes":[]},"cards_row_gap":{"unit":"px","size":20,"sizes":[]},"cards_card_border_width":{"unit":"px","size":11,"sizes":[]},"posts_offset":"","cards_column_gap_mobile":{"unit":"px","size":30,"sizes":[]},"cards_row_gap_tablet":{"unit":"px","size":71,"sizes":[]},"cards_row_gap_mobile":{"unit":"px","size":30,"sizes":[]},"cards_card_padding":{"unit":"px","size":10,"sizes":[]},"cards_badge_margin":{"unit":"px","size":1,"sizes":[]},"cards_title_spacing_mobile":{"unit":"px","size":9,"sizes":[]},"cards_badge_radius":{"unit":"px","size":0,"sizes":[]},"cards_item_ratio":{"unit":"px","size":1,"sizes":[]},"cards_title_tag":"h4","cards_excerpt_length":30,"cards_show_badge":"","classic_title_color":"#F3F5F8","classic_read_more_color":"#467FF7","cards_badge_bg_color":"#467FF7","cards_badge_typography_typography":"custom","cards_badge_typography_font_family":"Poppins","cards_badge_typography_font_weight":"300","cards_badge_typography_text_transform":"none","cards_badge_typography_font_style":"normal","cards_badge_typography_text_decoration":"none","cards_badge_typography_line_height":{"unit":"em","size":1.5,"sizes":[]},"cards_badge_typography_letter_spacing":{"unit":"px","size":10,"sizes":[]},"cards_title_color":"#1C244B","cards_title_typography_typography":"custom","cards_title_typography_font_family":"Poppins","cards_title_typography_font_size":{"unit":"px","size":22,"sizes":[]},"cards_title_typography_font_size_mobile":{"unit":"px","size":18,"sizes":[]},"cards_title_typography_font_weight":"600","cards_title_typography_text_transform":"capitalize","cards_title_typography_font_style":"normal","cards_title_typography_text_decoration":"none","cards_title_typography_line_height":{"unit":"em","size":1.2,"sizes":[]},"cards_title_typography_letter_spacing":{"unit":"px","size":0,"sizes":[]},"full_content_title_color":"#F3F5F8","full_content_read_more_color":"#467FF7","pagination_typography_typography":"custom","pagination_typography_font_family":"Poppins","pagination_typography_font_size":{"unit":"px","size":36,"sizes":[]},"pagination_typography_font_size_tablet":{"unit":"px","size":25,"sizes":[]},"pagination_typography_font_size_mobile":{"unit":"px","size":20,"sizes":[]},"pagination_typography_font_weight":"600","pagination_typography_text_transform":"capitalize","pagination_typography_font_style":"normal","pagination_typography_text_decoration":"none","pagination_typography_line_height":{"unit":"em","size":1.1,"sizes":[]},"pagination_typography_letter_spacing":{"unit":"px","size":0,"sizes":[]},"pagination_typography_word_spacing":{"unit":"em","size":0,"sizes":[]},"typography_typography":"custom","typography_font_family":"Poppins","typography_font_size":{"unit":"px","size":16,"sizes":[]},"typography_font_size_tablet":{"unit":"px","size":14,"sizes":[]},"typography_font_weight":"400","typography_text_transform":"capitalize","typography_font_style":"normal","typography_text_decoration":"none","typography_line_height":{"unit":"em","size":1,"sizes":[]},"typography_letter_spacing":{"unit":"px","size":0,"sizes":[]},"typography_word_spacing":{"unit":"em","size":0,"sizes":[]},"background_color":"#467FF7","_border_color":"#1C244B","classic_typography_typography":"custom","classic_typography_font_family":"Poppins","classic_typography_font_weight":"400","classic_typography_font_size":{"unit":"px","size":16,"sizes":[]},"classic_typography_text_transform":"capitalize","classic_typography_font_style":"normal","classic_typography_text_decoration":"none","classic_typography_line_height":{"unit":"em","size":1,"sizes":[]},"classic_typography_font_size_tablet":{"unit":"px","size":14,"sizes":[]},"classic_typography_font_size_mobile":{"unit":"px","size":20,"sizes":[]},"classic_typography_letter_spacing":{"unit":"px","size":0,"sizes":[]},"classic_typography_word_spacing":{"unit":"em","size":0,"sizes":[]},"classic_typography_line_height_mobile":{"unit":"em","size":1.1,"sizes":[]},"cards_typography_typography":"custom","cards_typography_font_family":"Poppins","cards_typography_font_size":{"unit":"px","size":16,"sizes":[]},"cards_typography_font_size_tablet":{"unit":"px","size":14,"sizes":[]},"cards_typography_font_weight":"400","cards_typography_text_transform":"capitalize","cards_typography_font_style":"italic","cards_typography_text_decoration":"underline","cards_typography_line_height":{"unit":"em","size":1,"sizes":[]},"cards_typography_letter_spacing":{"unit":"px","size":0,"sizes":[]},"cards_typography_font_size_mobile":{"unit":"px","size":"","sizes":[]},"cards_typography_line_height_tablet":{"unit":"em","size":"","sizes":[]},"cards_typography_line_height_mobile":{"unit":"em","size":"","sizes":[]},"cards_typography_letter_spacing_tablet":{"unit":"px","size":"","sizes":[]},"cards_typography_letter_spacing_mobile":{"unit":"px","size":"","sizes":[]},"cards_typography_word_spacing":{"unit":"em","size":"","sizes":[]},"cards_typography_word_spacing_tablet":{"unit":"em","size":"","sizes":[]},"cards_typography_word_spacing_mobile":{"unit":"em","size":"","sizes":[]},"full_typography_typography":"custom","full_typography_font_family":"Poppins","full_typography_font_weight":"400","full_typography_font_size":{"unit":"px","size":16,"sizes":[]},"full_typography_text_transform":"capitalize","full_typography_font_style":"normal","full_typography_text_decoration":"none","full_typography_line_height":{"unit":"em","size":1,"sizes":[]},"full_typography_font_size_tablet":{"unit":"px","size":14,"sizes":[]},"full_typography_font_size_mobile":{"unit":"px","size":20,"sizes":[]},"full_typography_letter_spacing":{"unit":"px","size":0,"sizes":[]},"full_typography_word_spacing":{"unit":"em","size":0,"sizes":[]},"full_typography_line_height_mobile":{"unit":"em","size":1.1,"sizes":[]},"load_typography_typography":"custom","load_typography_font_family":"Poppins","load_typography_font_weight":"600","load_typography_font_size":{"unit":"px","size":36,"sizes":[]},"load_typography_text_transform":"capitalize","load_typography_font_style":"normal","load_typography_text_decoration":"none","load_typography_line_height":{"unit":"em","size":1.1,"sizes":[]},"load_typography_font_size_mobile":{"unit":"px","size":20,"sizes":[]},"load_typography_letter_spacing":{"unit":"px","size":0,"sizes":[]},"load_typography_word_spacing":{"unit":"em","size":0,"sizes":[]},"load_typography_font_size_tablet":{"unit":"px","size":25,"sizes":[]},"cards_badge_typography_font_size_mobile":{"unit":"px","size":"","sizes":[]},"cards_meta_typography_typography":"custom","cards_meta_typography_font_family":"Poppins","cards_meta_typography_font_size":{"unit":"px","size":36,"sizes":[]},"cards_meta_typography_font_size_tablet":{"unit":"px","size":25,"sizes":[]},"cards_meta_typography_font_size_mobile":{"unit":"px","size":20,"sizes":[]},"cards_meta_typography_font_weight":"600","cards_meta_typography_text_transform":"capitalize","cards_meta_typography_font_style":"normal","cards_meta_typography_text_decoration":"none","cards_meta_typography_line_height":{"unit":"em","size":1.1,"sizes":[]},"cards_meta_typography_letter_spacing":{"unit":"px","size":0,"sizes":[]},"cards_meta_typography_word_spacing":{"unit":"em","size":0,"sizes":[]},"cards_excerpt_typography_typography":"custom","cards_excerpt_typography_font_family":"Poppins","cards_excerpt_typography_font_size":{"unit":"px","size":16,"sizes":[]},"cards_excerpt_typography_font_size_tablet":{"unit":"px","size":14,"sizes":[]},"cards_excerpt_typography_font_weight":"300","cards_excerpt_typography_text_transform":"none","cards_excerpt_typography_font_style":"normal","cards_excerpt_typography_text_decoration":"none","cards_excerpt_typography_line_height":{"unit":"em","size":1.5,"sizes":[]},"cards_excerpt_typography_letter_spacing":{"unit":"px","size":0,"sizes":[]},"cards_excerpt_typography_word_spacing":{"unit":"em","size":0,"sizes":[]},"cards_apply_to_custom_excerpt":"yes","cards_card_vertical_padding":{"unit":"px","size":20,"sizes":[]},"cards_image_spacing":{"unit":"px","size":0,"sizes":[]},"cards_excerpt_spacing":{"unit":"px","size":10,"sizes":[]},"cards_read_more_spacing":{"unit":"px","size":10,"sizes":[]},"_flex_align_self":"center"},"elements":[],"isInner":false,"widgetType":"posts","elType":"widget"},{"id":"51138835","settings":{"space":{"unit":"px","size":80,"sizes":[]}},"elements":[],"isInner":false,"widgetType":"spacer","elType":"widget"}],"isInner":false,"elType":"container"}],"settings":{"content_wrapper_html_tag":"main","background_background":"classic","background_color":"#FFFFFF"},"metadata":[]}