{"content":[{"id":"2da6a876","settings":{"flex_direction":"row","flex_gap":{"unit":"px","size":0},"flex_justify_content":"center","background_background":"classic","background_image":{"url":"https:\/\/emeals.com\/meal-planning\/wp-content\/uploads\/2023\/02\/fruit-and-vegatable-background-image.png","id":1042,"size":"","alt":"","source":"library"},"padding":{"unit":"px","top":"64","right":"34","bottom":"64","left":"34","isLinked":false},"__globals__":{"background_color":"globals\/colors?id=948b3b5"}},"elements":[{"id":"70d131d3","settings":{"flex_direction":"column","content_width":"full","width":{"unit":"%","size":33},"width_laptop":{"unit":"px","size":429.719},"flex_justify_content":"center","flex_align_items":"center","_flex_size":"none","_element_width_laptop":"initial"},"elements":[{"id":"3ef1e508","settings":{"title":"Get Your FREE 7 Day Keto Meal Plan PDF","align":"center","title_color":"#1C244B","typography_typography":"custom","typography_font_family":"Poppins","typography_font_size":{"unit":"px","size":40,"sizes":[]},"typography_font_size_tablet":{"unit":"px","size":45,"sizes":[]},"typography_font_size_mobile":{"unit":"px","size":28,"sizes":[]},"typography_font_weight":"600","typography_text_transform":"none","typography_font_style":"normal","typography_text_decoration":"none","typography_line_height":{"unit":"em","size":1.2,"sizes":[]},"typography_line_height_mobile":{"unit":"em","size":1.1,"sizes":[]},"typography_letter_spacing":{"unit":"px","size":0,"sizes":[]},"typography_word_spacing":{"unit":"em","size":0,"sizes":[]},"__globals__":[],"_element_width_laptop":"initial","_element_custom_width_laptop":{"unit":"px","size":686.875},"_flex_size":"none"},"elements":[],"isInner":false,"widgetType":"heading","elType":"widget"},{"id":"5182ff57","settings":{"text":"Click To Download Keto PDF","link":{"url":"https:\/\/emeals.com\/meal-planning\/wp-content\/uploads\/2023\/04\/Keto.pdfestions-adam","is_external":"on","nofollow":"","custom_attributes":"title|FREE 7 day keto meal plan pdf"},"align":"center","border_border":"none","_margin":{"unit":"px","top":"15","right":"0","bottom":"15","left":"0","isLinked":false},"_element_width":"inherit","_flex_align_self":"center","__globals__":{"typography_typography":"globals\/typography?id=accent"}},"elements":[],"isInner":false,"widgetType":"button","elType":"widget"}],"isInner":false,"elType":"container"},{"id":"542b8191","settings":{"flex_direction":"column","content_width":"full","width":{"unit":"%","size":33},"width_laptop":{"unit":"px","size":325.141},"_flex_size":"none","_element_width_laptop":"initial"},"elements":[{"id":"77948585","settings":{"image":{"url":"https:\/\/emeals.com\/meal-planning\/wp-content\/uploads\/2023\/04\/eMeals-7-day-keto-meal-plan-PDF-copy.jpg","id":1597,"size":"","alt":"graphic of 7 day keto meal plan PDF FREE","source":"library"},"align":"center","width":{"unit":"%","size":100,"sizes":[]},"image_box_shadow_box_shadow_type":"yes","image_box_shadow_box_shadow":{"horizontal":-1,"vertical":3,"blur":8,"spread":1,"color":"rgba(0,0,0,0.5)"},"_element_width_laptop":"initial","_element_custom_width_laptop":{"unit":"px","size":608.969},"_flex_size":"none"},"elements":[],"isInner":false,"widgetType":"image","elType":"widget"}],"isInner":false,"elType":"container"},{"id":"6ee3eae9","settings":{"flex_direction":"column","content_width":"full","width":{"unit":"%","size":33}},"elements":[{"id":"146906fa","settings":{"image":{"url":"https:\/\/emeals.com\/meal-planning\/wp-content\/uploads\/2023\/04\/eMeals-7-day-keto-meal-plan-PDF-copy2.jpg","id":1598,"size":"","alt":"image page 1 eMeals 7 day keto meal plan PDF ","source":"library"},"align":"center","width":{"unit":"%","size":100,"sizes":[]},"image_box_shadow_box_shadow_type":"yes","image_box_shadow_box_shadow":{"horizontal":-1,"vertical":3,"blur":8,"spread":1,"color":"rgba(0,0,0,0.5)"},"_element_width_laptop":"initial","_element_custom_width_laptop":{"unit":"px","size":608.969},"_flex_size":"none"},"elements":[],"isInner":false,"widgetType":"image","elType":"widget"}],"isInner":false,"elType":"container"}],"isInner":false,"elType":"container"}],"settings":{"content_wrapper_html_tag":"main","background_background":"classic","background_color":"#FFFFFF"},"metadata":[]}