{"content":[{"id":"24003684","settings":{"flex_direction":"row","flex_gap":{"unit":"px","size":0},"flex_justify_content":"center","flex_align_items":"center"},"elements":[{"id":"1f75ed8","settings":{"flex_direction":"column","width":{"unit":"%","size":25},"flex_gap":{"unit":"px","size":28,"sizes":[]}},"elements":[{"id":"716aa118","settings":{"post_url":"https:\/\/facebook.com\/phenomenallycreated\/posts\/pfbid0zPyUyQQ34YUvzWtKzcwRbnLvjmY7fK3SwtWHZobNcdQH6HyY93hyqRxtb7mjgz5Al","video_url":"https:\/\/www.facebook.com\/elemntor\/videos\/1683988961912056\/","comment_url":"https:\/\/www.facebook.com\/elemntor\/videos\/1811703749140576\/?comment_id=1812873919023559","show_text":"yes","_element_width":"initial","_element_width_laptop":"initial","_element_custom_width":{"unit":"%","size":98.889},"_element_custom_width_laptop":{"unit":"px","size":583},"_flex_align_self":"center","_flex_size":"none"},"elements":[],"isInner":false,"widgetType":"facebook-embed","elType":"widget"},{"id":"79349852","settings":{"post_url":"https:\/\/facebook.com\/permalink.php?story_fbid=pfbid02rrNKArdqp1ZNxWTx5ZfaaUaiT2Fn89epRAaRFPJ4oEtEw79VJqP6PqgjVDfLdFrkl&id=100064266902553","video_url":"https:\/\/www.facebook.com\/elemntor\/videos\/1683988961912056\/","comment_url":"https:\/\/www.facebook.com\/elemntor\/videos\/1811703749140576\/?comment_id=1812873919023559","show_text":"yes","_element_width":"initial","_element_width_laptop":"initial","_element_custom_width":{"unit":"%","size":101.111},"_element_custom_width_laptop":{"unit":"px","size":583},"_flex_align_self":"center","_flex_size":"none"},"elements":[],"isInner":false,"widgetType":"facebook-embed","elType":"widget"}],"isInner":false,"elType":"container"},{"id":"530c7da4","settings":{"flex_direction":"column","width":{"unit":"%","size":25},"flex_gap":{"unit":"px","size":28,"sizes":[]}},"elements":[{"id":"f249e11","settings":{"post_url":"https:\/\/facebook.com\/phenomenallycreated\/posts\/pfbid02PUEaRfHDTjJw6bRKby3g8KEYQfkrrux5VBpTkyJSyWsVfHGpymcsKojEMuETZbAHl","video_url":"https:\/\/www.facebook.com\/elemntor\/videos\/1683988961912056\/","comment_url":"https:\/\/www.facebook.com\/elemntor\/videos\/1811703749140576\/?comment_id=1812873919023559","show_text":"yes","_element_width":"initial","_element_width_laptop":"initial","_element_custom_width":{"unit":"%","size":102.5},"_element_custom_width_laptop":{"unit":"px","size":583},"_flex_align_self":"center","_flex_size":"none"},"elements":[],"isInner":false,"widgetType":"facebook-embed","elType":"widget"},{"id":"43f410c7","settings":{"post_url":"https:\/\/facebook.com\/Classymamabear\/posts\/pfbid02bkPohFuZMwGrvVmJAfgXV6ErnqsUNn57C73VzJS2VMD1hgoJWXZ9nQYp4gcGchyCl","video_url":"https:\/\/www.facebook.com\/elemntor\/videos\/1683988961912056\/","comment_url":"https:\/\/www.facebook.com\/elemntor\/videos\/1811703749140576\/?comment_id=1812873919023559","show_text":"yes","_element_width":"initial","_element_width_laptop":"initial","_element_custom_width":{"unit":"%","size":98.611},"_element_custom_width_laptop":{"unit":"px","size":583},"_flex_align_self":"center","_flex_size":"none"},"elements":[],"isInner":false,"widgetType":"facebook-embed","elType":"widget"}],"isInner":false,"elType":"container"},{"id":"2673cc9a","settings":{"flex_direction":"column","width":{"unit":"%","size":25},"flex_gap":{"unit":"px","size":28,"sizes":[]}},"elements":[{"id":"5d046353","settings":{"post_url":"https:\/\/facebook.com\/SatinElizabeth\/posts\/pfbid02E2DdWg28uG1wKCscw7iBHqSHNPENfNbmPi6ARZbq8n22Zi3Shs2QyrdQWt5FWPHZl","video_url":"https:\/\/www.facebook.com\/elemntor\/videos\/1683988961912056\/","comment_url":"https:\/\/www.facebook.com\/elemntor\/videos\/1811703749140576\/?comment_id=1812873919023559","show_text":"yes","_element_width":"initial","_element_width_laptop":"initial","_element_custom_width":{"unit":"%","size":106.944},"_element_custom_width_laptop":{"unit":"px","size":583},"_flex_align_self":"center","_flex_size":"none"},"elements":[],"isInner":false,"widgetType":"facebook-embed","elType":"widget"},{"id":"2438dd46","settings":{"post_url":"https:\/\/facebook.com\/katie.firefly.58\/posts\/pfbid02z8nwrmx6kGMnJmUhnvxjjyj7VgpQfdopMPip2zL1hMUR1M44RT6PErqXUDgw7GRFl","video_url":"https:\/\/www.facebook.com\/elemntor\/videos\/1683988961912056\/","comment_url":"https:\/\/www.facebook.com\/elemntor\/videos\/1811703749140576\/?comment_id=1812873919023559","show_text":"yes","_element_width":"initial","_element_width_laptop":"initial","_element_custom_width":{"unit":"%","size":110},"_element_custom_width_laptop":{"unit":"px","size":583},"_flex_align_self":"center","_flex_size":"none"},"elements":[],"isInner":false,"widgetType":"facebook-embed","elType":"widget"}],"isInner":false,"elType":"container"}],"isInner":false,"elType":"container"}],"settings":{"content_wrapper_html_tag":"main","background_background":"classic","background_color":"#FFFFFF"},"metadata":[]}