{"content":[{"id":"2d1c008e","settings":{"layout":"full_width","flex_gap":{"size":65,"unit":"px"},"min_height":{"unit":"vh","size":"","sizes":[]},"background_background":"classic","padding":{"unit":"%","top":"2","right":"2","bottom":"2","left":"2","isLinked":true},"padding_tablet":{"unit":"%","top":"10","right":"2","bottom":"10","left":"2","isLinked":""},"padding_mobile":{"unit":"%","top":"20","right":"5","bottom":"20","left":"5","isLinked":""},"_title":"Team","flex_direction":"row","min_height_tablet":{"unit":"vh","size":"","sizes":[]},"min_height_mobile":{"unit":"vh","size":"","sizes":[]},"flex_justify_content":"center","__globals__":{"background_color":"globals\/colors?id=b97fcda"}},"elements":[{"id":"3cc3ae72","settings":{"boxed_width":{"unit":"px","size":650,"sizes":[]},"flex_direction":"column","flex_gap":{"unit":"px","size":10,"sizes":[]},"padding":{"unit":"px","top":"0","right":"0","bottom":"0","left":"0","isLinked":true}},"elements":[{"id":"2879355d","settings":{"testimonial_content":"\"We love e-meals! The majority of the recipes are huge hits with our family. The ease of creating a list and ordering groceries to be delivered is what makes this a huge time saver. We have saved money on our groceries by being able to meal plan! I was skeptical at first- but now I recommend to everyone I know!\"","testimonial_image":{"url":"https:\/\/emeals.com\/meal-planning\/wp-content\/uploads\/2023\/01\/influencer-image-1.jpeg","id":436,"size":"","alt":"","source":"library"},"testimonial_name":"Kate","testimonial_job":"eMeals Customer","__dynamic__":[],"__globals__":{"content_typography_typography":"globals\/typography?id=text","name_typography_typography":"globals\/typography?id=accent"},"link":{"url":"","is_external":"on","nofollow":"","custom_attributes":"alt | Kate and daughter holding a walmart bag for eMeals"}},"elements":[],"isInner":false,"widgetType":"testimonial","elType":"widget"}],"isInner":false,"elType":"container"},{"id":"1b25702b","settings":{"boxed_width":{"unit":"px","size":650,"sizes":[]},"flex_direction":"column","flex_gap":{"unit":"px","size":10,"sizes":[]},"padding":{"unit":"px","top":"0","right":"0","bottom":"0","left":"0","isLinked":true}},"elements":[{"id":"389359b","settings":{"testimonial_content":"\"As a working mom, eMeals saves me time each weekend. Because it is linked with the Walmart app, I can easily add what I need to my cart. EMeals has been a game changer for me!!\"","testimonial_image":{"url":"https:\/\/emeals.com\/meal-planning\/wp-content\/uploads\/2023\/01\/323073470_687971473041740_3083981506158491857_n.jpg","id":405,"size":"","alt":"","source":"library"},"testimonial_name":"Lindsay","testimonial_job":"eMeals Customer","__dynamic__":[],"__globals__":{"content_typography_typography":"globals\/typography?id=text","name_typography_typography":"globals\/typography?id=accent"},"link":{"url":"","is_external":"on","nofollow":"","custom_attributes":"alt | Lindsay holding a walmart bag for eMeals"}},"elements":[],"isInner":false,"widgetType":"testimonial","elType":"widget"}],"isInner":false,"elType":"container"},{"id":"b0bef6b","settings":{"boxed_width":{"unit":"px","size":650,"sizes":[]},"flex_direction":"column","flex_gap":{"unit":"px","size":10,"sizes":[]},"padding":{"unit":"px","top":"0","right":"0","bottom":"0","left":"0","isLinked":true}},"elements":[{"id":"23094506","settings":{"testimonial_content":"\"In a life of caring for six kids (26 to 8 years old) there is little time for meal planing and shopping. eMeals keeps us on track with easy healthy recipes any kid can follow! We eat healthy and at home because of this amazing service. Worth every penny!\"","testimonial_image":{"url":"https:\/\/emeals.com\/meal-planning\/wp-content\/uploads\/2023\/02\/influencer-quote-2.jpeg","id":596,"size":"","alt":"","source":"library"},"testimonial_name":"Jana","testimonial_job":"eMeals Customer","__dynamic__":[],"__globals__":{"content_typography_typography":"globals\/typography?id=text","name_typography_typography":"globals\/typography?id=accent"},"link":{"url":"","is_external":"on","nofollow":"","custom_attributes":"alt | Jana holding a walmart bag for eMeals"}},"elements":[],"isInner":false,"widgetType":"testimonial","elType":"widget"}],"isInner":false,"elType":"container"}],"isInner":false,"elType":"container"}],"settings":{"content_wrapper_html_tag":"main","background_background":"classic","background_color":"#FFFFFF"},"metadata":[]}