{"content":[{"id":"1dfcea99","settings":[],"elements":[{"id":"621c2f80","settings":{"title":"Foods You can Eat on The Keto Diet Meal Plan","align":"center","__globals__":{"title_color":"globals\/colors?id=secondary","typography_typography":"globals\/typography?id=secondary"}},"elements":[],"isInner":false,"widgetType":"heading","elType":"widget"},{"id":"804b86a","settings":{"_column_size":50,"width":{"size":100,"unit":"%"},"width_tablet":{"size":100,"unit":"%"},"flex_justify_content":"center","align":"center","background_background":"classic","background_image":{"id":1700,"url":"https:\/\/emeals.com\/meal-planning\/wp-content\/uploads\/2023\/04\/keto-friendly-foods-1.webp","alt":"image keto friendly foods","source":"library","size":""},"background_position":"center center","background_repeat":"no-repeat","background_size":"cover","padding_tablet":{"unit":"%","top":"15","right":"5","bottom":"15","left":"5","isLinked":false},"padding_mobile":{"unit":"%","top":"15","right":"15","bottom":"15","left":"15","isLinked":true},"content_width":"full","flex_direction":"column","flex_gap":{"unit":"px","size":24,"sizes":[]},"padding":{"unit":"px","top":"0","right":"0","bottom":"0","left":"0","isLinked":true},"width_laptop":{"unit":"px","size":1114.59},"min_height":{"unit":"px","size":608,"sizes":[]},"margin":{"unit":"px","top":"50","right":"50","bottom":"50","left":"50","isLinked":true},"_flex_align_self":"center","_flex_size":"none","_element_width_laptop":"initial"},"elements":[],"isInner":false,"elType":"container"}],"isInner":false,"elType":"container"},{"id":"7ece34b7","settings":{"layout":"full_width","flex_gap":{"size":0,"unit":"px"},"min_height":{"unit":"vh","size":"","sizes":[]},"min_height_tablet":{"unit":"vh","size":"","sizes":[]},"min_height_mobile":{"unit":"vh","size":"","sizes":[]},"background_background":"classic","padding":{"unit":"%","top":"0","right":"0","bottom":"0","left":"0","isLinked":true},"padding_tablet":{"unit":"%","top":"","right":"","bottom":"","left":"","isLinked":true},"padding_mobile":{"unit":"%","top":"","right":"","bottom":"","left":"","isLinked":true},"_title":"Benefites","structure":"20","flex_direction":"column","flex_align_items":"stretch","flex_direction_tablet":"column","__globals__":{"background_color":"globals\/colors?id=secondary"}},"elements":[{"id":"1aa2ee41","settings":{"selected_icon":{"value":"fas fa-seedling","library":"fa-solid"},"title_text":"Nuts + Seeds","description_text":"High in fat and oil, seeds and nuts are a perfect way to get protein and healthy fat. They offer healthy monounsaturated and polyunsaturated fats to keep you full longer. Nuts acceptable to eat include almonds, walnuts, macadamia nuts, and pecans. Seeds good to eat include pumpkin, sesame, and flaxseeds.","text_align":"center","title_color":"#FFFFFF","_element_width":"initial","_element_width_mobile":"initial","_element_custom_width":{"unit":"%","size":45,"sizes":[]},"_element_custom_width_mobile":{"unit":"%","size":45,"sizes":[]},"icon_space":{"unit":"px","size":"","sizes":[]},"icon_size":{"unit":"px","size":40,"sizes":[]},"_padding":{"unit":"px","top":"30","right":"0","bottom":"30","left":"0","isLinked":false},"_element_width_laptop":"initial","_element_custom_width_laptop":{"unit":"px","size":645.766},"_flex_align_self":"center","_flex_size":"none","__globals__":{"primary_color":"globals\/colors?id=42c0f4b","description_typography_typography":"globals\/typography?id=text","description_color":"globals\/colors?id=b97fcda","title_typography_typography":"globals\/typography?id=secondary"}},"elements":[],"isInner":false,"widgetType":"icon-box","elType":"widget"},{"id":"6cfff249","settings":{"_column_size":50,"width":{"size":null,"unit":"%"},"width_tablet":{"size":100,"unit":"%"},"flex_gap":{"size":80,"unit":"px"},"padding":{"unit":"%","top":"0","right":"0","bottom":"0","left":"0","isLinked":true},"padding_tablet":{"unit":"%","top":"0","right":"0","bottom":"0","left":"0","isLinked":false},"padding_mobile":{"unit":"%","top":"1","right":"1","bottom":"1","left":"1","isLinked":true},"flex_justify_content":"center","align":"center","margin":{"unit":"px","top":"0","right":"0","bottom":"0","left":"0","isLinked":true},"content_width":"full","flex_direction":"row","flex_align_items":"center","background_background":"classic","_flex_align_self":"center","__globals__":{"background_color":"globals\/colors?id=secondary"}},"elements":[{"id":"5e6285f5","settings":{"layout":"full_width","flex_gap":{"size":25,"unit":"px"},"structure":"20","margin":{"unit":"px","top":"","right":0,"bottom":"","left":0,"isLinked":true},"flex_direction":"row","flex_align_items":"flex-start","content_width":"full","flex_gap_tablet":{"unit":"px","size":60,"sizes":[]},"flex_gap_mobile":{"unit":"px","size":30,"sizes":[]},"flex_wrap":"wrap","padding_tablet":{"unit":"%","top":"15","right":"5","bottom":"15","left":"5","isLinked":false},"padding_mobile":{"unit":"%","top":"","right":"","bottom":"","left":"","isLinked":true},"flex_justify_content_mobile":"center","padding":{"unit":"px","top":"0","right":"0","bottom":"0","left":"0","isLinked":true},"width":{"unit":"%","size":100,"sizes":[]},"width_laptop":{"unit":"px","size":335.047},"flex_justify_content":"center","_flex_align_self":"flex-start","_flex_size":"none","_element_width_laptop":"initial"},"elements":[{"id":"6b07ea93","settings":{"selected_icon":{"value":"fas fa-leaf","library":"fa-solid"},"title_text":"Vegetables","description_text":"Even though some vegetables are not part of the keto diet meal plan, you can enjoy a few low-carb veggies. Some keto-approved veggies include bell peppers, broccoli, cauliflower, spinach, green beans, onions, mushrooms, and cabbage.\n\nKeto-approved vegetables are lower in carbs than starchier veggies, like potatoes. They also have tons of fiber to keep your belly happy throughout the day.","text_align":"center","title_color":"#FFFFFF","_element_width":"initial","_element_width_mobile":"initial","_element_custom_width":{"unit":"%","size":45,"sizes":[]},"_element_custom_width_mobile":{"unit":"%","size":45,"sizes":[]},"icon_size":{"unit":"px","size":40,"sizes":[]},"_padding":{"unit":"px","top":"30","right":"0","bottom":"30","left":"0","isLinked":false},"_element_width_laptop":"initial","_element_custom_width_laptop":{"unit":"px","size":346.766},"_flex_size":"none","__globals__":{"primary_color":"globals\/colors?id=42c0f4b","title_typography_typography":"globals\/typography?id=secondary","description_typography_typography":"globals\/typography?id=text","description_color":"globals\/colors?id=b97fcda"}},"elements":[],"isInner":false,"widgetType":"icon-box","elType":"widget"},{"id":"53c71168","settings":{"selected_icon":{"value":"fas fa-oil-can","library":"fa-solid"},"title_text":"Oils + Fats","description_text":"Fat intake is critical with keto dieting, and there are a few oils you will often be using. Olive oil is an excellent ingredient for cooking, marinating, and dressing. It offers a balance between fats you will consume in other food sources. It has also been shown to lower the risk of heart disease.\n\n\"Consuming more than 7 grams (>1\/2 tablespoon) of olive oil per day is associated with lower risk of cardiovascular disease mortality, cancer mortality, neurodegenerative disease mortality, and respiratory disease mortality...\" according to\u00a0American College of Cardiology.","text_align":"center","title_color":"#FFFFFF","_element_width":"initial","_element_width_mobile":"initial","_element_custom_width":{"unit":"%","size":45,"sizes":[]},"_element_custom_width_mobile":{"unit":"%","size":45,"sizes":[]},"position":"top","icon_space":{"unit":"px","size":0,"sizes":[]},"icon_size":{"unit":"px","size":40,"sizes":[]},"content_vertical_alignment":"middle","title_bottom_space":{"unit":"px","size":16,"sizes":[]},"_padding":{"unit":"px","top":"30","right":"0","bottom":"30","left":"0","isLinked":false},"_element_width_laptop":"initial","_element_custom_width_laptop":{"unit":"px","size":793.219},"_flex_size":"none","__globals__":{"primary_color":"globals\/colors?id=accent","title_typography_typography":"globals\/typography?id=secondary","description_typography_typography":"globals\/typography?id=text","description_color":"globals\/colors?id=b97fcda"}},"elements":[],"isInner":false,"widgetType":"icon-box","elType":"widget"},{"id":"6ab620b8","settings":{"selected_icon":{"value":"fas fa-fish","library":"fa-solid"},"title_text":"Fresh Seafood","description_text":"Most seafood is also low in carbohydrates, making it a great option for keto foods. Most are also rich in vitamins and minerals, like omega-3 fatty acids, b vitamins, and protein. Seafood acceptable on keto includes shellfish, salmon, tuna, and sardines.","text_align":"center","title_color":"#FFFFFF","_element_width":"initial","_element_width_mobile":"initial","_element_custom_width":{"unit":"%","size":45,"sizes":[]},"_element_custom_width_mobile":{"unit":"%","size":45,"sizes":[]},"icon_space":{"unit":"px","size":0,"sizes":[]},"icon_size":{"unit":"px","size":40,"sizes":[]},"_padding":{"unit":"px","top":"30","right":"0","bottom":"30","left":"0","isLinked":false},"_element_width_laptop":"initial","_element_custom_width_laptop":{"unit":"px","size":745.562},"_flex_size":"none","__globals__":{"primary_color":"globals\/colors?id=42c0f4b","title_typography_typography":"globals\/typography?id=secondary","description_typography_typography":"globals\/typography?id=text","description_color":"globals\/colors?id=b97fcda"}},"elements":[],"isInner":false,"widgetType":"icon-box","elType":"widget"}],"isInner":false,"elType":"container"},{"id":"3e6d5353","settings":{"layout":"full_width","flex_gap":{"size":25,"unit":"px"},"structure":"20","margin":{"unit":"px","top":"","right":0,"bottom":"","left":0,"isLinked":true},"flex_direction":"row","flex_align_items":"flex-start","content_width":"full","flex_gap_tablet":{"unit":"px","size":60,"sizes":[]},"flex_gap_mobile":{"unit":"px","size":30,"sizes":[]},"flex_wrap":"wrap","padding_tablet":{"unit":"%","top":"15","right":"5","bottom":"15","left":"5","isLinked":false},"padding_mobile":{"unit":"%","top":"","right":"","bottom":"","left":"","isLinked":true},"flex_justify_content_mobile":"center","padding":{"unit":"px","top":"0","right":"0","bottom":"0","left":"0","isLinked":true},"width":{"unit":"%","size":100,"sizes":[]},"width_laptop":{"unit":"px","size":335.047},"flex_justify_content":"center","_flex_align_self":"flex-start","_flex_size":"none","_element_width_laptop":"initial"},"elements":[{"id":"1590be07","settings":{"selected_icon":{"value":"fab fa-raspberry-pi","library":"fa-brands"},"title_text":"Fruits + Sweeteners","description_text":"Berries are a popular staple when keto dieting since they're one of the few fruits you can enjoy. Like vegetables, they are high in fiber, minerals, and vitamins. Avocados and tomatoes are other fruits acceptable on this healthy diet meal plan.\n\nSweeteners on a ketogenic diet include monk fruit, stevia, xylitol, and sucralose. Though acceptable to consume, sweeteners should be used in moderation.","text_align":"center","title_color":"#FFFFFF","_element_width":"initial","_element_width_mobile":"initial","_element_custom_width":{"unit":"%","size":45,"sizes":[]},"_element_custom_width_mobile":{"unit":"%","size":45,"sizes":[]},"icon_space":{"unit":"px","size":0,"sizes":[]},"icon_size":{"unit":"px","size":40,"sizes":[]},"_padding":{"unit":"px","top":"30","right":"0","bottom":"30","left":"0","isLinked":false},"_element_width_laptop":"initial","_element_custom_width_laptop":{"unit":"px","size":772.219},"_flex_size":"none","__globals__":{"primary_color":"globals\/colors?id=accent","description_typography_typography":"globals\/typography?id=text","description_color":"globals\/colors?id=b97fcda","title_typography_typography":"globals\/typography?id=secondary"}},"elements":[],"isInner":false,"widgetType":"icon-box","elType":"widget"},{"id":"65699611","settings":{"selected_icon":{"value":"fas fa-piggy-bank","library":"fa-solid"},"title_text":"meats","description_text":"Plenty of meat and poultry is encouraged to consume while eating keto. Meat is naturally carbohydrate-deficient, making it an excellent option for a diet requiring low-carb intake. Good Housekeeping states, \"Naturally devoid of all carbohydrates, all kinds of meat and poultry are used in keto diet plans \u2014 including fatty cuts of beef and pork, which are rich in a suite of minerals and B vitamins.\"\n\nMeats you can eat include beef, poultry, fish, pork, and shellfish. If you hope to follow a vegan keto diet plan, consider soybeans a rich protein source.","text_align":"center","title_color":"#FFFFFF","_element_width":"initial","_element_width_mobile":"initial","_element_custom_width":{"unit":"%","size":45,"sizes":[]},"_element_custom_width_mobile":{"unit":"%","size":45,"sizes":[]},"icon_space":{"unit":"px","size":0,"sizes":[]},"icon_size":{"unit":"px","size":40,"sizes":[]},"_padding":{"unit":"px","top":"30","right":"0","bottom":"30","left":"0","isLinked":false},"_element_width_laptop":"initial","_element_custom_width_laptop":{"unit":"px","size":1152.62},"_flex_size":"none","__globals__":{"primary_color":"globals\/colors?id=42c0f4b","description_typography_typography":"globals\/typography?id=text","description_color":"globals\/colors?id=b97fcda","title_typography_typography":"globals\/typography?id=secondary"}},"elements":[],"isInner":false,"widgetType":"icon-box","elType":"widget"},{"id":"3ab36d59","settings":{"selected_icon":{"value":"fas fa-cheese","library":"fa-solid"},"title_text":"Dairy","description_text":"This food group is significant in keto. Cheese is often included in keto recipes as it's naturally low in carbs, high in fat, and super flavorful. Eggs are another great source of fat and protein. This popular keto breakfast food also offers calcium, minerals, and antioxidants.","text_align":"center","title_color":"#FFFFFF","_element_width":"initial","_element_width_mobile":"initial","_element_custom_width":{"unit":"%","size":45,"sizes":[]},"_element_custom_width_mobile":{"unit":"%","size":45,"sizes":[]},"icon_space":{"unit":"px","size":0,"sizes":[]},"icon_size":{"unit":"px","size":40,"sizes":[]},"_padding":{"unit":"px","top":"30","right":"0","bottom":"30","left":"0","isLinked":false},"_element_width_laptop":"initial","_element_custom_width_laptop":{"unit":"px","size":799.219},"_flex_size":"none","__globals__":{"primary_color":"globals\/colors?id=accent","title_typography_typography":"globals\/typography?id=secondary","description_color":"globals\/colors?id=b97fcda","description_typography_typography":"globals\/typography?id=text"}},"elements":[],"isInner":false,"widgetType":"icon-box","elType":"widget"}],"isInner":false,"elType":"container"}],"isInner":false,"elType":"container"}],"isInner":false,"elType":"container"}],"settings":{"content_wrapper_html_tag":"section"},"metadata":[],"location":""}