{"content":[{"id":"5d1b893f","settings":{"flex_direction":"column"},"elements":[{"id":"52605902","settings":[],"elements":[{"id":"3208bba5","settings":{"image":{"url":"https:\/\/emeals.com\/meal-planning\/wp-content\/uploads\/2023\/05\/Meal-planning-made-easy-with-eMeals.webp","id":1869,"size":"","alt":"showing a picture of emeals of meal planning made easy from eMeals","source":"library"}},"elements":[],"isInner":false,"widgetType":"image","elType":"widget"}],"isInner":false,"elType":"container"}],"isInner":false,"elType":"container"},{"id":"59c7d0e","settings":{"flex_direction":"row","min_height":{"unit":"px","size":490,"sizes":[]},"flex_justify_content":"center","flex_align_items":"flex-start","background_background":"classic","background_image":{"url":"https:\/\/emeals.com\/meal-planning\/wp-content\/uploads\/2023\/05\/emeals_app.webp","id":1872,"size":"large","alt":"showing a picture of emeals of eMeals Best Meal Planning App","source":"library"},"background_position":"center center","background_repeat":"no-repeat","background_size":"contain","boxed_width":{"unit":"px","size":988,"sizes":[]}},"elements":[{"id":"30ac9a66","settings":{"content_width":"full","width":{"unit":"%","size":50,"sizes":[]},"flex_justify_content":"center","flex_align_items":"center","background_background":"classic","_flex_align_self":"center","__globals__":{"background_color":"globals\/colors?id=b97fcda"}},"elements":[{"id":"24a9aa20","settings":{"image":{"url":"https:\/\/emeals.com\/meal-planning\/wp-content\/uploads\/2023\/01\/influencer-image-1.jpeg","id":436,"size":"","alt":"eMeals customer and her daughter holding a walmart bag for eMeals","source":"library"},"_box_shadow_box_shadow_type":"yes","_box_shadow_box_shadow":{"horizontal":-5,"vertical":5,"blur":20,"spread":2,"color":"rgba(76.5, 76.5, 76.5, 0.5)"}},"elements":[],"isInner":false,"widgetType":"image","elType":"widget"}],"isInner":false,"elType":"container"},{"id":"2ff8d6f4","settings":{"content_width":"full","width":{"unit":"%","size":75,"sizes":[]},"flex_justify_content":"center","flex_align_items":"center","background_background":"classic","_flex_align_self":"center","__globals__":{"background_color":""}},"elements":[{"id":"5204423e","settings":[],"elements":[],"isInner":false,"widgetType":"spacer","elType":"widget"}],"isInner":false,"elType":"container"},{"id":"4e389c18","settings":{"content_width":"full","width":{"unit":"%","size":50,"sizes":[]},"flex_justify_content":"center","flex_align_items":"center","background_background":"classic","_flex_align_self":"center","__globals__":{"background_color":"globals\/colors?id=b97fcda"}},"elements":[{"id":"1b5a79f1","settings":{"image":{"url":"https:\/\/emeals.com\/meal-planning\/wp-content\/uploads\/2023\/02\/IMG_20221207_082735-1.jpg","id":595,"size":"","alt":"eMeals customer and her baby holding a walmart bag for eMeals","source":"library"},"_box_shadow_box_shadow_type":"yes","_box_shadow_box_shadow":{"horizontal":5,"vertical":5,"blur":20,"spread":2,"color":"rgba(91.8, 91.8, 91.8, 0.5)"}},"elements":[],"isInner":false,"widgetType":"image","elType":"widget"}],"isInner":false,"elType":"container"}],"isInner":false,"elType":"container"},{"id":"94669db","settings":{"flex_direction":"column"},"elements":[{"id":"2f481da5","settings":{"flex_align_items":"center"},"elements":[{"id":"6f6fa0ed","settings":{"title":"Frequently Asked Questions","align":"center","__globals__":{"typography_typography":"globals\/typography?id=secondary"}},"elements":[],"isInner":false,"widgetType":"heading","elType":"widget"},{"id":"37bd1c2d","settings":{"tabs":[{"tab_title":"Who benefits from meal planning?","tab_content":"<p>Everyone needs weekly menu planning, especially busy moms and families, to simplify life and save time. Meal planning also benefits busy families who want to save money and time. eMeals eliminates the stress of deciding what to make for dinner.<\/p><p>We offer access to thousands of recipes and custom grocery lists. These recipes are easy to follow. This will help you plan simple, healthy menus that can be made quickly with a few ingredients.<\/p><p>Our grocery shopping partners and delivery\/pickup options make it easy to get all your ingredients. They can be delivered right to your door. It has never been simpler.<\/p><p>eMeals helps you plan easy and nutritious dishes. You don't need to use many ingredients or spend long hours in the kitchen. Because meal planning doesn't need to be stressful or time-consuming! Our meal planner app will take care of the meal planning so you can focus on the things that matter most.<\/p>","_id":"8ff1400"},{"tab_title":"What does your meal plan app offer?","tab_content":"<p>Our meal prep app offers busy moms and families a complete end-to-end solution for stress-free weekly meals. It features 15 weekly meal plans that make grocery store shopping, cooking, and eating simple and enjoyable every day of the week.<\/p><p>This diet plan app is easy to use. It includes grocery pickup or delivery options. These options make weekly meal planner tasks quick and stress-free.<\/p><p>Plus, we offer free meal prep resources to help you save time in the kitchen. Our diet plans are specifically curated by our in-house expert chefs of registered dietitians. With eMeals, you can experience true meal planning success with minimal effort!<\/p>","_id":"aade254"},{"_id":"89d2cc5","tab_title":"How can our meal planner help you and your family?","tab_content":"<p>We want meals to be more fun for you and your loved ones. Which is why eMeals takes on the hard work that comes with weekly menu organization.<\/p><h3>Common questions our meal planning service helps answer include:<\/h3><ul><li><h4>What should I make for dinner?<\/h4><\/li><li><h4>What ingredients do I need to buy?<\/h4><\/li><li><h4>How do I plan meals and grocery shop efficiently?<\/h4><\/li><li><h4>Where can I find recipe ideas for my diet plan?<\/h4><\/li><\/ul><p>With eMeals, you can worry less about having healthy meals for your family. Our meal plans provide you with easy-to-follow recipes and shopping lists, making meal planning stress free.<\/p><p>We also offer free resources such as our weekly meal plan template and custom 7-day diet plan PDFs. These offer tips for streamlining and simplifying your meal prep process.<\/p>"},{"_id":"17bf4e7","tab_title":"How do I choose meals my family will enjoy?","tab_content":"<p>At eMeals, we understand how difficult it can be to please everyone in the family at breakfast, lunch, and dinner - that's why we've created a selection of 15 meal plans for you to choose from. Each plan includes weekly meals, grocery lists, recipes, and more \u2013 all specifically designed with busy families in mind.<\/p><p>They are also updated weekly with new and exciting meal inspiration. Whether you're looking for healthy options to lose weight or classic favorites to please picky eaters, eMeals makes meal planning easy and fun!<\/p>"},{"_id":"10139b2","tab_title":"Can I plan meals to meet my diet goals?","tab_content":"<p>Absolutely! Our meal plans are designed to help you reach your diet goals. Whether you want to eat healthier, save money, gluten-free, or even go fully plant-based, we have meal plans that fit your needs.<\/p><p>We also provide nutritional information on all our meals and recipes so you can keep track of your progress. Plus, our flexible search features allow you to customize each of our ingredients for an even more tailored result.<\/p>"},{"_id":"f584be4","tab_title":"Is your meal planning service affordable?","tab_content":"<p>It is! Our meal planning service is designed to be affordable for busy moms and families. With our 7-day free trial, you can try out our meal planning app before committing to a full subscription. Plus, you'll never have to worry about hidden or extra fees with eMeals\u2014our pricing breaks down everything you get in one simple, easy-to-understand payment plan.<\/p><p>Pay as low as $4.99 a month for a 12-month subscription. You can also select a 3-month subscription for $35.99. Our customers tell us that they save an average of $2,000 yearly on food costs! But if you\u2019re unsure whether eMeals is a good fit, you can <strong>try it FREE<\/strong> for 14 days to see for yourself!<\/p>"},{"_id":"c668328","tab_title":"Where can I find and download your meal planning app?","tab_content":"<p>Our meal planning app is available on any mobile device (iOS and Android) or desktop. Simply search for \"eMeals\" in your <a href=\"https:\/\/apps.apple.com\/us\/app\/emeals-meal-planning-grocery\/id575756462\" target=\"_blank\" rel=\"noopener noreferrer\">App Store<\/a> or <a href=\"https:\/\/play.google.com\/store\/apps\/details?id=com.emeals&amp;hl=en\" target=\"_blank\" rel=\"noopener noreferrer\">Google Play<\/a>, download the free app, and start planning your meals today. Don't forget to explore all of the amazing meal prep resources we offer too!<\/p>"}],"title_html_tag":"h2","faq_schema":"yes","icon_space":{"unit":"px","size":0,"sizes":[]},"_attributes":"title | eMeals frequently asked questions for meal planning made easy","__globals__":{"title_typography_typography":"globals\/typography?id=primary","content_typography_typography":"globals\/typography?id=text","icon_color":"globals\/colors?id=secondary","icon_active_color":"globals\/colors?id=42c0f4b","title_color":"globals\/colors?id=secondary"}},"elements":[],"isInner":false,"widgetType":"accordion","elType":"widget"}],"isInner":false,"elType":"container"}],"isInner":false,"elType":"container"}],"settings":[],"metadata":[]}