{"content":[{"id":"6e1948a7","settings":{"content_width":{"unit":"px","size":1140,"sizes":[]},"background_background":"classic","border_border":"none","border_width":{"unit":"px","top":"0","right":"0","bottom":"0","left":"0","isLinked":true},"border_radius":{"unit":"px","top":"3","right":"3","bottom":"3","left":"3","isLinked":true},"padding":{"unit":"px","top":"5","right":"5","bottom":"5","left":"5","isLinked":true},"__globals__":{"border_color":"globals\/colors?id=42c0f4b","background_color":""},"border_color":"#99CA3C"},"elements":[{"id":"3fe8485f","settings":{"_column_size":100,"_inline_size":null},"elements":[{"id":"105c4ab4","settings":[],"elements":[{"id":"1a9c00c4","settings":{"space":{"unit":"px","size":10,"sizes":[]}},"elements":[],"isInner":false,"widgetType":"spacer","elType":"widget"}],"isInner":false,"elType":"container"}],"isInner":false,"elType":"column"}],"isInner":false,"elType":"section"},{"id":"33d5f021","settings":{"layout":"full_width","flex_gap":{"size":0,"unit":"px"},"min_height":{"unit":"px","size":100,"sizes":[]},"content_position":"middle","padding":{"unit":"%","top":"0","right":"8","bottom":"0","left":"8","isLinked":""},"background_background":"classic","background_motion_fx_opacity_range":{"unit":"%","size":"","sizes":{"start":"0","end":1}},"margin":{"unit":"%","top":"0","right":0,"bottom":"5","left":0,"isLinked":false},"z_index":"95","sticky":"top","__globals__":[],"padding_tablet":{"unit":"%","top":"0","right":"5","bottom":"0","left":"5","isLinked":""},"padding_mobile":{"unit":"%","top":"","right":"","bottom":"","left":"","isLinked":"1"},"background_motion_fx_range":"page","margin_mobile":{"unit":"%","top":"","right":0,"bottom":"","left":0,"isLinked":true},"_title":"Header","min_height_tablet":{"unit":"px","size":85,"sizes":[]},"structure":"30","margin_tablet":{"unit":"%","top":"","right":"","bottom":"","left":"","isLinked":true},"min_height_mobile":{"unit":"px","size":65,"sizes":[]},"flex_direction":"row","flex_align_items":"stretch","content_width":"full","background_color":"#FFFFFF","flex_direction_mobile":"column"},"elements":[{"id":"77e4eea","settings":{"_column_size":33,"width":{"size":25,"unit":"%"},"width_tablet":{"size":15,"unit":"%"},"width_mobile":{"size":20,"unit":"%"},"content_width":"full","flex_direction":"column","flex_justify_content":"center","flex_gap":{"unit":"px","size":20,"sizes":[]},"padding":{"unit":"px","top":"0","right":"0","bottom":"0","left":"0","isLinked":false},"width_laptop":{"unit":"px","size":161.523},"_flex_size":"none","_element_width_laptop":"initial","_flex_align_self_mobile":"center","hide_tablet":"hidden-tablet","hide_mobile":"hidden-mobile"},"elements":[{"id":"b014520","settings":{"__dynamic__":{"image":"[elementor-tag id=\"\" name=\"site-logo\" settings=\"%7B%7D\"]"},"width":{"unit":"%","size":100,"sizes":[]},"css_filters_brightness":{"unit":"px","size":0,"sizes":[]},"css_filters_saturate":{"unit":"px","size":0,"sizes":[]},"height":{"unit":"px","size":34,"sizes":[]},"object-fit":"contain","width_tablet":{"unit":"px","size":"","sizes":[]},"width_mobile":{"unit":"px","size":"","sizes":[]},"height_tablet":{"unit":"px","size":27,"sizes":[]},"height_mobile":{"unit":"px","size":20,"sizes":[]},"align":"left","image":{"id":1831,"url":"https:\/\/emeals.com\/meal-planning\/wp-content\/uploads\/2023\/05\/placeholder-4.png"},"text_color":"#324A6D","caption_typography_typography":"custom","caption_typography_font_family":"Poppins","caption_typography_font_size":{"unit":"px","size":16,"sizes":[]},"caption_typography_font_size_tablet":{"unit":"px","size":14,"sizes":[]},"caption_typography_font_weight":"300","caption_typography_text_transform":"none","caption_typography_font_style":"normal","caption_typography_text_decoration":"none","caption_typography_line_height":{"unit":"em","size":1.5,"sizes":[]},"caption_typography_letter_spacing":{"unit":"px","size":0,"sizes":[]},"caption_typography_word_spacing":{"unit":"em","size":0,"sizes":[]},"__globals__":[],"link_to":"custom","link":{"url":"https:\/\/emeals.com\/","is_external":"on","nofollow":"","custom_attributes":"title | emeals logo"},"_flex_align_self":"center"},"elements":[],"isInner":false,"widgetType":"theme-site-logo","elType":"widget"}],"isInner":false,"elType":"container"},{"id":"cf7fc04","settings":{"_column_size":33,"width":{"size":50,"unit":"%"},"width_tablet":{"size":85,"unit":"%"},"width_mobile":{"size":33,"unit":"%"},"margin":{"unit":"%","top":"","right":"","bottom":"","left":"","isLinked":true},"margin_tablet":{"unit":"%","top":"","right":"","bottom":"","left":"","isLinked":true},"margin_mobile":{"unit":"%","top":"","right":"","bottom":"","left":"","isLinked":true},"padding":{"unit":"%","top":"0","right":"0","bottom":"0","left":"0","isLinked":false},"padding_tablet":{"unit":"%","top":"","right":"","bottom":"","left":"","isLinked":true},"padding_mobile":{"unit":"%","top":"","right":"","bottom":"","left":"","isLinked":true},"content_width":"full","flex_direction":"row","flex_justify_content":"center","flex_align_items":"center","flex_gap":{"unit":"px","size":2,"sizes":[]},"width_laptop":{"unit":"px","size":510.648},"_flex_size":"none","_element_width_laptop":"initial","_flex_align_self_mobile":"center"},"elements":[{"id":"541c7e74","settings":{"full_width":"stretch","pointer_width":{"unit":"px","size":1,"sizes":[]},"padding_horizontal_menu_item":{"unit":"px","size":"0","sizes":[]},"padding_vertical_menu_item":{"unit":"px","size":"5","sizes":[]},"menu_space_between":{"unit":"px","size":"30","sizes":[]},"__globals__":{"menu_typography_typography":"","color_menu_item":"globals\/colors?id=primary","color_menu_item_hover":"globals\/colors?id=42c0f4b"},"animation_text":"none","padding_vertical_dropdown_item_mobile":{"unit":"px","size":"14","sizes":[]},"dropdown_top_distance_mobile":{"unit":"px","size":"15","sizes":[]},"toggle_size_mobile":{"unit":"px","size":43,"sizes":[]},"color_menu_item_active":"#324A6D","color_dropdown_item":"#1C244B","background_color_dropdown_item":"#F3F5F8","background_color_dropdown_item_hover":"#F9FAFD","background_color_dropdown_item_active":"#F9FAFD","toggle_color":"#467FF7","toggle_background_color":"#02010100","align_items":"center","dropdown":"mobile","toggle_align":"right","menu_typography_typography":"custom","menu_typography_font_family":"Poppins","menu_typography_font_size":{"unit":"px","size":14,"sizes":[]},"menu_typography_font_weight":"600","menu_typography_text_transform":"capitalize","menu_typography_text_decoration":"none","menu_typography_line_height":{"unit":"em","size":1.1,"sizes":[]},"menu_typography_letter_spacing":{"unit":"px","size":0.3,"sizes":[]},"pointer_color_menu_item_hover":"#324A6D","pointer_color_menu_item_active":"#324A6D","nav_menu_divider_color":"#324A6D","dropdown_typography_typography":"custom","dropdown_typography_font_family":"Poppins","dropdown_typography_font_size":{"unit":"px","size":16,"sizes":[]},"dropdown_typography_font_size_tablet":{"unit":"px","size":14,"sizes":[]},"dropdown_typography_font_weight":"400","dropdown_typography_text_transform":"capitalize","dropdown_typography_font_style":"normal","dropdown_typography_text_decoration":"none","dropdown_typography_letter_spacing":{"unit":"px","size":0,"sizes":[]},"dropdown_typography_word_spacing":{"unit":"em","size":0,"sizes":[]},"dropdown_typography_line_height":{"unit":"em","size":1,"sizes":[]},"menu":"meal-planning-header","pointer":"text","menu_typography_font_size_mobile":{"unit":"px","size":22,"sizes":[]},"_attributes":"title | meal planning header navigation bar","menu_id":9},"elements":[],"isInner":false,"widgetType":"nav-menu","elType":"widget"}],"isInner":false,"elType":"container"},{"id":"265b301","settings":{"_column_size":33,"width":{"size":25,"unit":"%"},"width_tablet":{"size":85,"unit":"%"},"width_mobile":{"size":68,"unit":"%"},"margin":{"unit":"%","top":"","right":"","bottom":"","left":"","isLinked":true},"margin_tablet":{"unit":"%","top":"","right":"","bottom":"","left":"","isLinked":true},"margin_mobile":{"unit":"%","top":"","right":"","bottom":"","left":"","isLinked":true},"padding":{"unit":"%","top":"0","right":"0","bottom":"0","left":"0","isLinked":false},"padding_tablet":{"unit":"%","top":"","right":"","bottom":"","left":"","isLinked":true},"padding_mobile":{"unit":"%","top":"","right":"","bottom":"","left":"","isLinked":true},"content_width":"full","flex_direction":"row","flex_justify_content":"flex-end","flex_align_items":"center","flex_gap":{"unit":"px","size":20,"sizes":[]},"hide_mobile":"hidden-mobile","_flex_align_self_mobile":"center"},"elements":[{"id":"3ac6751","settings":{"text":"Try FREE For 14 Days","align":"right","button_text_color":"#FFFFFF","border_border":"solid","border_width":{"unit":"px","top":"1","right":"1","bottom":"1","left":"1","isLinked":"1"},"border_radius":{"unit":"px","top":"8","right":"8","bottom":"8","left":"8","isLinked":"1"},"text_padding":{"unit":"px","top":"8","right":"14","bottom":"8","left":"14","isLinked":""},"__globals__":{"typography_typography":"","border_color":"globals\/colors?id=42c0f4b","background_color":"globals\/colors?id=42c0f4b","hover_color":"globals\/colors?id=948b3b5","button_background_hover_color":"globals\/colors?id=secondary","button_hover_border_color":"globals\/colors?id=secondary"},"text_padding_tablet":{"unit":"px","top":"14","right":"35","bottom":"14","left":"35","isLinked":false},"text_padding_mobile":{"unit":"px","top":"12","right":"25","bottom":"12","left":"25","isLinked":false},"link":{"url":"https:\/\/emeals.com\/account\/join_account.php?","is_external":"on","nofollow":"","custom_attributes":"title | try emeals free for 14 days"},"__dynamic__":[],"typography_typography":"custom","typography_font_size":{"unit":"px","size":14,"sizes":[]},"typography_font_weight":"600","typography_text_transform":"none","typography_text_decoration":"none","typography_line_height":{"unit":"em","size":1.4,"sizes":[]},"typography_letter_spacing":{"unit":"px","size":0.2,"sizes":[]},"_flex_size":"grow","typography_font_size_mobile":{"unit":"px","size":16,"sizes":[]}},"elements":[],"isInner":false,"widgetType":"button","elType":"widget"}],"isInner":false,"elType":"container"}],"isInner":false,"elType":"container"},{"id":"2324a4f0","settings":{"flex_direction":"row","boxed_width":{"unit":"%","size":50,"sizes":[]},"shape_divider_bottom_width":{"unit":"%","size":197,"sizes":[]},"shape_divider_bottom_height":{"unit":"px","size":144,"sizes":[]},"shape_divider_bottom_negative":"yes","__globals__":{"shape_divider_top_color":"globals\/colors?id=80fb6de","shape_divider_bottom_color":"globals\/colors?id=80fb6de"},"background_background":"classic","background_image":{"url":"https:\/\/emeals.com\/meal-planning\/wp-content\/uploads\/2023\/02\/fruit-and-vegatable-background-image.png","id":1042,"size":"","alt":"fruit and veggie background graphic","source":"library"},"boxed_width_laptop":{"unit":"%","size":"","sizes":[]},"boxed_width_tablet":{"unit":"%","size":"","sizes":[]},"boxed_width_mobile":{"unit":"%","size":"","sizes":[]}},"elements":[{"id":"2449ff3d","settings":{"content_width":"full","width":{"unit":"%","size":100,"sizes":[]},"flex_justify_content":"center","flex_align_items":"center","_flex_align_self":"center"},"elements":[{"id":"4bc6e146","settings":{"image":{"url":"https:\/\/emeals.com\/meal-planning\/wp-content\/uploads\/2023\/05\/Meal-planning-made-easy-with-eMeals.webp","id":1869,"size":"","alt":"showing a picture of emeals of meal planning made easy from eMeals","source":"library"}},"elements":[],"isInner":false,"widgetType":"image","elType":"widget"},{"id":"1ae263f1","settings":{"slides":[{"image":{"url":"https:\/\/emeals.com\/meal-planning\/wp-content\/uploads\/2023\/02\/large_peanut-vegetable-noodles.webp","id":1066,"alt":"showing a picture of emeals of peanut vegetable noodle recipe","source":"library","size":""},"_id":"0cf6c70"},{"image":{"url":"https:\/\/emeals.com\/meal-planning\/wp-content\/uploads\/2023\/02\/BakedPotatoSoup.webp","id":1065,"alt":"showing a picture of emeals baked potato soup","source":"library","size":""},"_id":"d4ce1c0"},{"image":{"url":"https:\/\/emeals.com\/meal-planning\/wp-content\/uploads\/2023\/02\/eMeals-Easy-Chicken-Noodle-Bowl-Recipe-scaled.webp","id":1064,"alt":"showing a picture of emeals chicken soup","source":"library","size":""},"_id":"ec189c6"},{"image":{"url":"https:\/\/emeals.com\/meal-planning\/wp-content\/uploads\/2023\/02\/eMeals-East-Skillet-Beef-Tacos-Recipe-scaled-e1679665296426.webp","id":1061,"alt":"showing a picture of emealsbeef skillet taco recipe","source":"library","size":""},"_id":"d36fbdd"},{"image":{"url":"https:\/\/emeals.com\/meal-planning\/wp-content\/uploads\/2023\/02\/eMeals-Meatball-Baked-Ziti-Recipe-scaled.webp","id":1063,"alt":"showing a picture of emeals meatball baked ziti","source":"library","size":""},"_id":"a13e0f3"}],"slides_per_view":"3","height":{"unit":"px","size":300,"sizes":[]},"width":{"unit":"%","size":100,"sizes":[]},"space_between":{"unit":"px","size":4,"sizes":[]},"arrows_size":{"unit":"px","size":22,"sizes":[]},"pagination_size":{"unit":"px","size":9,"sizes":[]},"play_icon_text_shadow_text_shadow":{"horizontal":38,"vertical":0,"blur":10,"color":"rgba(0,0,0,0.3)"},"__globals__":{"arrows_color":"globals\/colors?id=b97fcda","pagination_color_inactive":"globals\/colors?id=42c0f4b","play_icon_color":"globals\/colors?id=secondary","lightbox_ui_hover_color":"globals\/colors?id=b97fcda"}},"elements":[],"isInner":false,"widgetType":"media-carousel","elType":"widget"},{"id":"7ab69bcd","settings":{"editor":"<p>With eMeals you'll get 15 meal planning options that work for any busy lifestyle. Whether you want to cook healthy meals on a budget, feed your family nutritious meals without the stress, or try out paleo, keto or vegetarian eating plans, we've got you covered. Our recipes are all easy to follow with simple ingredients that can be ordered through our convenient grocery pickup and delivery services. Plus, you get access to additional meal prep resources to make dinner time easier than ever!<\/p>","_padding":{"unit":"px","top":"14","right":"14","bottom":"14","left":"14","isLinked":true},"_background_background":"classic","_border_radius":{"unit":"px","top":"16","right":"16","bottom":"16","left":"16","isLinked":true},"_box_shadow_box_shadow":{"horizontal":2,"vertical":2,"blur":10,"spread":5,"color":"rgba(142.8, 142.8, 142.8, 0.5)"},"__globals__":{"_background_color":"","typography_typography":"globals\/typography?id=text"},"_padding_mobile":{"unit":"px","top":"5","right":"5","bottom":"5","left":"5","isLinked":true}},"elements":[],"isInner":false,"widgetType":"text-editor","elType":"widget"}],"isInner":false,"elType":"container"},{"id":"7f7dbc36","settings":{"space":{"unit":"px","size":10,"sizes":[]}},"elements":[],"isInner":false,"widgetType":"spacer","elType":"widget"}],"isInner":false,"elType":"container"},{"id":"6b6bb831","settings":{"flex_direction":"column","background_background":"classic","background_image":{"url":"https:\/\/emeals.com\/meal-planning\/wp-content\/uploads\/2023\/02\/fruit-and-vegatable-background-image.png","id":1042,"size":"","alt":"fruit and veggie background graphic","source":"library"}},"elements":[{"id":"67422c59","settings":{"flex_align_items":"center","background_background":"classic","background_image":{"url":"https:\/\/emeals.com\/meal-planning\/wp-content\/uploads\/2023\/02\/fruit-and-vegatable-background-image.png","id":1042,"size":"","alt":"fruit and veggie background graphic","source":"library"}},"elements":[{"id":"5f702d69","settings":[],"elements":[],"isInner":false,"widgetType":"spacer","elType":"widget"},{"id":"50736c31","settings":{"title":"Meal Planning Made Easy","align":"center","__globals__":{"typography_typography":""},"typography_typography":"custom","typography_font_size":{"unit":"px","size":32,"sizes":[]},"typography_font_size_mobile":{"unit":"px","size":32,"sizes":[]},"typography_font_weight":"700","typography_text_transform":"none","typography_font_style":"normal","typography_text_decoration":"none","typography_line_height":{"unit":"em","size":1.2,"sizes":[]},"typography_letter_spacing":{"unit":"px","size":0,"sizes":[]},"header_size":"h1"},"elements":[],"isInner":false,"widgetType":"heading","elType":"widget"},{"id":"3a13414b","settings":{"title":"Frequently Asked Questions | eMeals","align":"center","__globals__":{"typography_typography":""},"typography_typography":"custom","typography_font_size":{"unit":"px","size":32,"sizes":[]},"typography_font_size_mobile":{"unit":"px","size":32,"sizes":[]},"typography_font_weight":"700","typography_text_transform":"none","typography_font_style":"normal","typography_text_decoration":"none","typography_line_height":{"unit":"em","size":1.2,"sizes":[]},"typography_letter_spacing":{"unit":"px","size":0,"sizes":[]},"header_size":"h1"},"elements":[],"isInner":false,"widgetType":"heading","elType":"widget"},{"id":"6c2b7b14","settings":[],"elements":[],"isInner":false,"widgetType":"spacer","elType":"widget"},{"id":"4ed94e03","settings":{"tabs":[{"tab_title":"Who benefits from meal planning?","tab_content":"<p>Everyone needs weekly menu planning, especially busy moms and families, to simplify life and save time. Meal planning also benefits busy families who want to save money and time. eMeals eliminates the stress of deciding what to make for dinner.<\/p><p>We offer access to thousands of recipes and custom grocery lists. These recipes are easy to follow. This will help you plan simple, healthy menus that can be made quickly with a few ingredients.<\/p><p>Our grocery shopping partners and delivery\/pickup options make it easy to get all your ingredients. They can be delivered right to your door. It has never been simpler.<\/p><p>eMeals helps you plan easy and nutritious dishes. You don't need to use many ingredients or spend long hours in the kitchen. Because meal planning doesn't need to be stressful or time-consuming! Our meal planner app will take care of the meal planning so you can focus on the things that matter most.<\/p>","_id":"8ff1400"},{"tab_title":"What does your meal plan app offer?","tab_content":"<p>Our meal prep app offers busy moms and families a complete end-to-end solution for stress-free weekly meals. It features 15 weekly meal plans that make grocery store shopping, cooking, and eating simple and enjoyable every day of the week.<\/p><p>This diet plan app is easy to use. It includes grocery pickup or delivery options. These options make weekly meal planner tasks quick and stress-free.<\/p><p>Plus, we offer free meal prep resources to help you save time in the kitchen. Our diet plans are specifically curated by our in-house expert chefs of registered dietitians. With eMeals, you can experience true meal planning success with minimal effort!<\/p>","_id":"aade254"},{"_id":"89d2cc5","tab_title":"How can our meal planner help you and your family?","tab_content":"<p>We want meals to be more fun for you and your loved ones. Which is why eMeals takes on the hard work that comes with weekly menu organization.<\/p><h3>Common questions our meal planning service helps answer include:<\/h3><ul><li><h4>What should I make for dinner?<\/h4><\/li><li><h4>What ingredients do I need to buy?<\/h4><\/li><li><h4>How do I plan meals and grocery shop efficiently?<\/h4><\/li><li><h4>Where can I find recipe ideas for my diet plan?<\/h4><\/li><\/ul><p>With eMeals, you can worry less about having healthy meals for your family. Our meal plans provide you with easy-to-follow recipes and shopping lists, making meal planning stress free.<\/p><p>We also offer free resources such as our weekly meal plan template and custom 7-day diet plan PDFs. These offer tips for streamlining and simplifying your meal prep process.<\/p>"},{"_id":"17bf4e7","tab_title":"How do I choose meals my family will enjoy?","tab_content":"<p>At eMeals, we understand how difficult it can be to please everyone in the family at breakfast, lunch, and dinner - that's why we've created a selection of 15 meal plans for you to choose from. Each plan includes weekly meals, grocery lists, recipes, and more \u2013 all specifically designed with busy families in mind.<\/p><p>They are also updated weekly with new and exciting meal inspiration. Whether you're looking for healthy options to lose weight or classic favorites to please picky eaters, eMeals makes meal planning easy and fun!<\/p>"},{"_id":"10139b2","tab_title":"Can I plan meals to meet my diet goals?","tab_content":"<p>Absolutely! Our meal plans are designed to help you reach your diet goals. Whether you want to eat healthier, save money, gluten-free, or even go fully plant-based, we have meal plans that fit your needs.<\/p><p>We also provide nutritional information on all our meals and recipes so you can keep track of your progress. Plus, our flexible search features allow you to customize each of our ingredients for an even more tailored result.<\/p>"},{"_id":"f584be4","tab_title":"Is your meal planning service affordable?","tab_content":"<p>It is! Our meal planning service is designed to be affordable for busy moms and families. With our 7-day free trial, you can try out our meal planning app before committing to a full subscription. Plus, you'll never have to worry about hidden or extra fees with eMeals\u2014our pricing breaks down everything you get in one simple, easy-to-understand payment plan.<\/p><p>Pay as low as $4.99 a month for a 12-month subscription. You can also select a 3-month subscription for $35.99. Our customers tell us that they save an average of $2,000 yearly on food costs! But if you\u2019re unsure whether eMeals is a good fit, you can <strong>try it FREE<\/strong> for 14 days to see for yourself!<\/p>"},{"_id":"c668328","tab_title":"Where can I find and download your meal planning app?","tab_content":"<p>Our meal planning app is available on any mobile device (iOS and Android) or desktop. Simply search for \"eMeals\" in your <a href=\"https:\/\/apps.apple.com\/us\/app\/emeals-meal-planning-grocery\/id575756462\" target=\"_blank\" rel=\"noopener noreferrer\">App Store<\/a> or <a href=\"https:\/\/play.google.com\/store\/apps\/details?id=com.emeals&amp;hl=en\" target=\"_blank\" rel=\"noopener noreferrer\">Google Play<\/a>, download the free app, and start planning your meals today. Don't forget to explore all of the amazing meal prep resources we offer too!<\/p>"}],"title_html_tag":"h2","faq_schema":"yes","icon_space":{"unit":"px","size":0,"sizes":[]},"_attributes":"title | eMeals frequently asked questions for meal planning made easy","__globals__":{"title_typography_typography":"","content_typography_typography":"globals\/typography?id=text","icon_color":"globals\/colors?id=42c0f4b","icon_active_color":"globals\/colors?id=secondary","title_color":"globals\/colors?id=secondary","border_color":"globals\/colors?id=80fb6de"},"selected_icon":{"value":"fas fa-caret-right","library":"fa-solid"},"title_color":"#303C4B","title_typography_typography":"custom","title_typography_font_size":{"unit":"px","size":18,"sizes":[]},"title_typography_font_size_mobile":{"unit":"px","size":30,"sizes":[]},"title_typography_font_weight":"700","title_typography_text_transform":"capitalize","title_typography_text_decoration":"none","title_typography_line_height":{"unit":"em","size":1.2,"sizes":[]},"title_typography_letter_spacing":{"unit":"px","size":0,"sizes":[]},"icon_color":"#99CA3C","icon_active_color":"#303C4B","icon_space_mobile":{"unit":"px","size":8,"sizes":[]},"content_typography_typography":"custom","content_typography_font_family":"Poppins","content_typography_font_size":{"unit":"px","size":16,"sizes":[]},"content_typography_font_weight":"400","content_typography_text_transform":"none","content_typography_font_style":"normal","content_typography_text_decoration":"none","content_typography_line_height":{"unit":"em","size":1.6,"sizes":[]},"content_typography_letter_spacing":{"unit":"px","size":0.2,"sizes":[]},"selected_active_icon":{"value":"fas fa-sort-down","library":"fa-solid"},"border_width":{"unit":"px","size":2,"sizes":[]},"title_typography_font_style":"normal","content_padding":{"unit":"px","top":"10","right":"10","bottom":"10","left":"10","isLinked":true}},"elements":[],"isInner":false,"widgetType":"accordion","elType":"widget"},{"id":"67bc0b91","settings":{"width":{"unit":"%","size":16,"sizes":[]},"align":"center","text":"Divider","weight":{"unit":"px","size":3,"sizes":[]},"gap":{"unit":"px","size":35,"sizes":[]},"_flex_align_self":"center","_background_background":"classic","__globals__":{"color":"globals\/colors?id=b97fcda","_background_color":""},"color":"#FFFFFF"},"elements":[],"isInner":false,"widgetType":"divider","elType":"widget"}],"isInner":false,"elType":"container"}],"isInner":false,"elType":"container"},{"id":"22157b90","settings":{"flex_direction":"column","background_background":"classic","__globals__":{"background_color":"globals\/colors?id=42c0f4b","shape_divider_top_color":"globals\/colors?id=b97fcda"},"shape_divider_top":"waves","shape_divider_top_width":{"unit":"%","size":116,"sizes":[]},"shape_divider_top_height":{"unit":"px","size":35,"sizes":[]},"shape_divider_top_flip":"yes","shape_divider_top_negative":"yes"},"elements":[{"id":"39acc244","settings":{"space":{"unit":"px","size":63,"sizes":[]}},"elements":[],"isInner":false,"widgetType":"spacer","elType":"widget"}],"isInner":false,"elType":"container"},{"id":"1cda92d2","settings":{"flex_direction":"column","background_background":"classic","__globals__":{"background_color":"globals\/colors?id=42c0f4b"}},"elements":[{"id":"111df532","settings":{"width":{"unit":"%","size":16,"sizes":[]},"align":"center","text":"Divider","weight":{"unit":"px","size":3,"sizes":[]},"gap":{"unit":"px","size":35,"sizes":[]},"_flex_align_self":"center","_background_background":"classic","__globals__":{"color":"globals\/colors?id=b97fcda","_background_color":"globals\/colors?id=42c0f4b"}},"elements":[],"isInner":false,"widgetType":"divider","elType":"widget"}],"isInner":false,"elType":"container"},{"id":"6d12a3cc","settings":{"flex_direction":"column","background_background":"classic","__globals__":{"background_color":"globals\/colors?id=42c0f4b"}},"elements":[{"id":"42f22b68","settings":{"title":"Meal Prep In the #1 Meal Planning App","align":"center","title_color":"#FFFFFF","typography_typography":"custom","typography_font_size":{"unit":"px","size":36,"sizes":[]},"typography_font_size_mobile":{"unit":"px","size":30,"sizes":[]},"typography_font_weight":"700","typography_text_transform":"capitalize","typography_font_style":"normal","typography_text_decoration":"none","typography_line_height":{"unit":"em","size":1.2,"sizes":[]},"typography_letter_spacing":{"unit":"px","size":0,"sizes":[]},"__globals__":{"typography_typography":"","title_color":"globals\/colors?id=b97fcda"}},"elements":[],"isInner":false,"widgetType":"heading","elType":"widget"},{"id":"5ab2ceed","settings":{"image":{"url":"https:\/\/emeals.com\/meal-planning\/wp-content\/uploads\/2023\/05\/emeals_app.webp","id":1872,"size":"","alt":"showing a picture of emeals of eMeals Best Meal Planning App","source":"library"},"align":"center","width":{"unit":"%","size":100,"sizes":[]},"space":{"unit":"%","size":100,"sizes":[]},"height":{"unit":"px","size":415,"sizes":[]},"caption_space":{"unit":"px","size":0,"sizes":[]},"_flex_align_self":"center","__globals__":{"caption_typography_typography":"globals\/typography?id=accent","text_color":"globals\/colors?id=b97fcda"},"width_mobile":{"unit":"%","size":100,"sizes":[]},"height_mobile":{"unit":"%","size":100,"sizes":[]}},"elements":[],"isInner":false,"widgetType":"image","elType":"widget"}],"isInner":false,"elType":"container"},{"id":"42bd46c6","settings":{"flex_direction":"column","width":{"unit":"%","size":100,"sizes":[]},"boxed_width":{"unit":"%","size":100,"sizes":[]},"boxed_width_laptop":{"unit":"%","size":"","sizes":[]},"boxed_width_tablet":{"unit":"%","size":"","sizes":[]},"boxed_width_mobile":{"unit":"%","size":"","sizes":[]},"flex_justify_content":"flex-start","flex_align_items":"center","flex_gap":{"unit":"px","size":0,"sizes":[]},"background_background":"classic","background_image":{"url":"","id":"","size":"","alt":"","source":"library"},"background_position":"bottom left","background_repeat":"no-repeat","background_size":"contain","background_bg_width":{"unit":"%","size":33,"sizes":[]},"_flex_align_self":"flex-start","__globals__":{"background_color":"globals\/colors?id=42c0f4b"}},"elements":[{"id":"754b0518","settings":{"content_width":"full","width":{"unit":"%","size":100},"boxed_width":{"unit":"%","size":"","sizes":[]},"boxed_width_laptop":{"unit":"%","size":"","sizes":[]},"boxed_width_tablet":{"unit":"%","size":"","sizes":[]},"boxed_width_mobile":{"unit":"%","size":"","sizes":[]},"flex_direction":"column","flex_justify_content":"center","flex_align_items":"center","flex_gap":{"unit":"px","size":10,"sizes":[]},"background_background":"classic","background_image":{"url":"","id":"","size":"","alt":"","source":"library"},"background_position":"bottom left","background_repeat":"no-repeat","background_size":"contain","_flex_align_self":"center","_flex_size":"none","_element_width":"initial"},"elements":[{"id":"1fb52222","settings":{"title":"Download The App Today!","header_size":"h3","align":"center","title_color":"#FFFFFF","typography_typography":"custom","typography_font_size":{"unit":"px","size":28,"sizes":[]},"typography_font_size_mobile":{"unit":"px","size":23,"sizes":[]},"typography_font_weight":"600","typography_text_transform":"none","typography_text_decoration":"none","typography_line_height":{"unit":"em","size":1.4,"sizes":[]},"typography_letter_spacing":{"unit":"px","size":0.2,"sizes":[]},"__globals__":{"typography_typography":"","title_color":"globals\/colors?id=b97fcda"}},"elements":[],"isInner":false,"widgetType":"heading","elType":"widget"},{"id":"68d47fc3","settings":{"space":{"unit":"px","size":10,"sizes":[]}},"elements":[],"isInner":false,"widgetType":"spacer","elType":"widget"}],"isInner":false,"elType":"container"},{"id":"54734173","settings":{"content_width":"full","width":{"unit":"%","size":100,"sizes":[]},"flex_direction":"row","flex_justify_content":"center","flex_align_items":"center","flex_gap":{"unit":"px","size":10,"sizes":[]}},"elements":[{"id":"746c7fa0","settings":{"text":"Find eMeals on Google Play","align":"center","border_border":"none","_flex_align_self":"center","__globals__":{"typography_typography":"globals\/typography?id=accent","background_color":"globals\/colors?id=secondary","button_background_hover_color":"globals\/colors?id=b97fcda","hover_color":"globals\/colors?id=secondary"}},"elements":[],"isInner":false,"widgetType":"button","elType":"widget"},{"id":"581d9ab1","settings":{"text":"Find eMeals on Apple","align":"center","border_border":"none","__globals__":{"typography_typography":"globals\/typography?id=accent","background_color":"globals\/colors?id=secondary","button_text_color":"globals\/colors?id=b97fcda","hover_color":"globals\/colors?id=secondary","button_background_hover_color":"globals\/colors?id=b97fcda"}},"elements":[],"isInner":false,"widgetType":"button","elType":"widget"}],"isInner":false,"elType":"container"}],"isInner":false,"elType":"container"},{"id":"35978f8e","settings":{"flex_direction":"column","width":{"unit":"%","size":100,"sizes":[]},"boxed_width":{"unit":"%","size":100,"sizes":[]},"boxed_width_laptop":{"unit":"%","size":"","sizes":[]},"boxed_width_tablet":{"unit":"%","size":"","sizes":[]},"boxed_width_mobile":{"unit":"%","size":"","sizes":[]},"flex_justify_content":"flex-start","flex_align_items":"center","flex_gap":{"unit":"px","size":0,"sizes":[]},"background_background":"classic","background_image":{"url":"","id":"","size":"","alt":"","source":"library"},"background_position":"bottom left","background_repeat":"no-repeat","background_size":"contain","background_bg_width":{"unit":"%","size":33,"sizes":[]},"_flex_align_self":"flex-start","__globals__":{"background_color":"globals\/colors?id=42c0f4b"}},"elements":[{"id":"4ae335af","settings":{"content_width":"full","width":{"unit":"%","size":100},"boxed_width":{"unit":"%","size":"","sizes":[]},"boxed_width_laptop":{"unit":"%","size":"","sizes":[]},"boxed_width_tablet":{"unit":"%","size":"","sizes":[]},"boxed_width_mobile":{"unit":"%","size":"","sizes":[]},"flex_direction":"column","flex_justify_content":"center","flex_align_items":"center","flex_gap":{"unit":"px","size":10,"sizes":[]},"background_background":"classic","background_image":{"url":"","id":"","size":"","alt":"","source":"library"},"background_position":"bottom left","background_repeat":"no-repeat","background_size":"contain","_flex_align_self":"center","_flex_size":"none","_element_width":"initial"},"elements":[{"id":"2a3ea4a4","settings":{"width":{"unit":"%","size":16,"sizes":[]},"align":"center","text":"Divider","weight":{"unit":"px","size":3,"sizes":[]},"gap":{"unit":"px","size":35,"sizes":[]},"_flex_align_self":"center","_background_background":"classic","__globals__":{"color":"globals\/colors?id=b97fcda","_background_color":"globals\/colors?id=42c0f4b"}},"elements":[],"isInner":false,"widgetType":"divider","elType":"widget"},{"id":"746e251d","settings":{"space":{"unit":"px","size":10,"sizes":[]}},"elements":[],"isInner":false,"widgetType":"spacer","elType":"widget"}],"isInner":false,"elType":"container"}],"isInner":false,"elType":"container"},{"id":"31ee7065","settings":{"flex_direction":"column","background_background":"classic","background_image":{"url":"","id":"","size":"","alt":"fruit and veggie background graphic","source":"library"},"__globals__":{"background_color":"globals\/colors?id=b97fcda","shape_divider_bottom_color":"globals\/colors?id=b97fcda","shape_divider_top_color":"globals\/colors?id=42c0f4b"},"shape_divider_top":"waves","shape_divider_top_height":{"unit":"px","size":32,"sizes":[]},"shape_divider_bottom_height":{"unit":"px","size":0,"sizes":[]}},"elements":[{"id":"6eed922c","settings":[],"elements":[],"isInner":false,"widgetType":"spacer","elType":"widget"},{"id":"3c289890","settings":[],"elements":[{"id":"37563cb0","settings":{"title":"eMeals Customer Reviews","align":"center","__globals__":{"typography_typography":"globals\/typography?id=secondary"}},"elements":[],"isInner":false,"widgetType":"heading","elType":"widget"}],"isInner":false,"elType":"container"}],"isInner":false,"elType":"container"},{"id":"7db44ae4","settings":{"layout":"full_width","flex_gap":{"size":50,"unit":"px"},"min_height":{"unit":"vh","size":"","sizes":[]},"background_background":"classic","padding":{"unit":"%","top":"2","right":"2","bottom":"2","left":"2","isLinked":true},"padding_tablet":{"unit":"%","top":"10","right":"2","bottom":"10","left":"2","isLinked":""},"padding_mobile":{"unit":"%","top":"20","right":"5","bottom":"20","left":"5","isLinked":""},"_title":"Team","flex_direction":"row","min_height_tablet":{"unit":"vh","size":"","sizes":[]},"min_height_mobile":{"unit":"vh","size":"","sizes":[]},"flex_justify_content":"center","__globals__":{"background_color":"globals\/colors?id=b97fcda","shape_divider_top_color":"globals\/colors?id=b97fcda"},"background_image":{"url":"","id":"","size":"","alt":"fruit and veggie background graphic","source":"library"},"shape_divider_top_color":"#FFFFFF","shape_divider_top_height":{"unit":"px","size":277,"sizes":[]}},"elements":[{"id":"536511c6","settings":{"boxed_width":{"unit":"px","size":650,"sizes":[]},"flex_direction":"column","flex_gap":{"unit":"px","size":10,"sizes":[]},"padding":{"unit":"px","top":"0","right":"0","bottom":"0","left":"0","isLinked":true}},"elements":[{"id":"4350f53b","settings":{"testimonial_content":"\"We love e-meals! The majority of the recipes are huge hits with our family. The ease of creating a list and ordering groceries to be delivered is what makes this a huge time saver. We have saved money on our groceries by being able to meal plan! I was skeptical at first- but now I recommend to everyone I know!\"","testimonial_image":{"url":"https:\/\/emeals.com\/meal-planning\/wp-content\/uploads\/2023\/01\/influencer-image-1.jpeg","id":436,"size":"","alt":"","source":"library"},"testimonial_name":"Kate","testimonial_job":"eMeals Customer","__dynamic__":[],"__globals__":{"content_typography_typography":"globals\/typography?id=text","name_typography_typography":"globals\/typography?id=accent"},"link":{"url":"","is_external":"on","nofollow":"","custom_attributes":"alt | Kate and daughter holding a walmart bag for eMeals"}},"elements":[],"isInner":false,"widgetType":"testimonial","elType":"widget"}],"isInner":false,"elType":"container"},{"id":"69cf1405","settings":{"boxed_width":{"unit":"px","size":650,"sizes":[]},"flex_direction":"column","flex_gap":{"unit":"px","size":10,"sizes":[]},"padding":{"unit":"px","top":"0","right":"0","bottom":"0","left":"0","isLinked":true}},"elements":[{"id":"43f200ed","settings":{"testimonial_content":"\"As a working mom, eMeals saves me time each weekend. Because it is linked with the Walmart app, I can easily add what I need to my cart. EMeals has been a game changer for me!!\"","testimonial_image":{"url":"https:\/\/emeals.com\/meal-planning\/wp-content\/uploads\/2023\/01\/323073470_687971473041740_3083981506158491857_n.jpg","id":405,"size":"","alt":"","source":"library"},"testimonial_name":"Lindsay","testimonial_job":"eMeals Customer","__dynamic__":[],"__globals__":{"content_typography_typography":"globals\/typography?id=text","name_typography_typography":"globals\/typography?id=accent"},"link":{"url":"","is_external":"on","nofollow":"","custom_attributes":"alt | Lindsay holding a walmart bag for eMeals"}},"elements":[],"isInner":false,"widgetType":"testimonial","elType":"widget"}],"isInner":false,"elType":"container"},{"id":"1f54a25d","settings":{"boxed_width":{"unit":"px","size":650,"sizes":[]},"flex_direction":"column","flex_gap":{"unit":"px","size":10,"sizes":[]},"padding":{"unit":"px","top":"0","right":"0","bottom":"0","left":"0","isLinked":true}},"elements":[{"id":"a13b68a","settings":{"testimonial_content":"\"In a life of caring for six kids (26 to 8 years old) there is little time for meal planing and shopping. eMeals keeps us on track with easy healthy recipes any kid can follow! We eat healthy and at home because of this amazing service. Worth every penny!\"","testimonial_image":{"url":"https:\/\/emeals.com\/meal-planning\/wp-content\/uploads\/2023\/02\/influencer-quote-2.jpeg","id":596,"size":"","alt":"","source":"library"},"testimonial_name":"Jana","testimonial_job":"eMeals Customer","__dynamic__":[],"__globals__":{"content_typography_typography":"globals\/typography?id=text","name_typography_typography":"globals\/typography?id=accent"},"link":{"url":"","is_external":"on","nofollow":"","custom_attributes":"alt | Jana holding a walmart bag for eMeals"}},"elements":[],"isInner":false,"widgetType":"testimonial","elType":"widget"}],"isInner":false,"elType":"container"}],"isInner":false,"elType":"container"},{"id":"68946fc2","settings":{"flex_direction":"column"},"elements":[{"id":"1d0e0189","settings":[],"elements":[],"isInner":false,"widgetType":"spacer","elType":"widget"}],"isInner":false,"elType":"container"},{"id":"f87e2fe","settings":{"content_position":"middle","background_background":"classic","margin":{"unit":"px","top":"","right":0,"bottom":"","left":0,"isLinked":true},"padding":{"unit":"px","top":"30","right":"0","bottom":"30","left":"0","isLinked":false},"padding_tablet":{"unit":"px","top":"30","right":"20","bottom":"30","left":"20","isLinked":false},"padding_mobile":{"unit":"px","top":"25","right":"20","bottom":"25","left":"20","isLinked":false},"html_tag":"footer","flex_direction":"column","flex_gap":{"size":50,"unit":"px"},"flex_gap_mobile":{"unit":"px","size":40,"sizes":[]},"_title":"Footer","flex_justify_content":"center","_flex_align_self":"center","__globals__":{"background_color":"globals\/colors?id=80fb6de"}},"elements":[{"id":"4a7cd88b","settings":{"content_position":"middle","structure":"20","border_border":"dotted","border_width":{"unit":"px","top":"0","right":"0","bottom":"1","left":"0","isLinked":false},"border_color":"#9b9b9b","padding":{"unit":"px","top":"0","right":"0","bottom":"30","left":"0","isLinked":false},"flex_direction":"row","flex_align_items":"stretch","flex_gap":{"size":0,"unit":"px"},"content_width":"full"},"elements":[{"id":"73c25b68","settings":{"_column_size":50,"width":{"size":null,"unit":"%"},"width_mobile":{"size":30,"unit":"%"},"content_width":"full","flex_direction":"row","flex_justify_content":"center","flex_align_items":"center","padding":{"unit":"px","top":"0","right":"0","bottom":"0","left":"0","isLinked":true}},"elements":[{"id":"329094f6","settings":{"align_items":"left","animation_line":"drop-out","animation_text":"none","color_menu_item_hover":"#000000","pointer_color_menu_item_hover":"#00ce1b","menu_typography_typography":"custom","menu_typography_font_size":{"unit":"px","size":15},"pointer_width":{"unit":"px","size":1},"color_dropdown_item":"#000000","background_color_dropdown_item":"#eaeaea","color_dropdown_item_hover":"#00ce1b","background_color_dropdown_item_hover":"#ededed","dropdown_typography_typography":"custom","dropdown_typography_font_size":{"unit":"px","size":15},"toggle_color":"#000000","toggle_color_hover":"#00ce1b","toggle_size":{"unit":"px","size":30},"toggle_border_width":{"unit":"px","size":0},"toggle_border_radius":{"unit":"px","size":0},"pointer":"none","dropdown":"mobile","menu_typography_font_size_tablet":{"unit":"px","size":13},"menu_typography_font_weight":"500","padding_horizontal_menu_item":{"unit":"px","size":0},"menu_space_between":{"unit":"px","size":31},"toggle_align":"left","full_width":"stretch","text_align":"center","dropdown_top_distance_mobile":{"unit":"px","size":40},"toggle_background_color":"rgba(0,0,0,0)","menu":"footer-menu","_attributes":"Title | meal planning footer navigation bar","menu_id":164},"elements":[],"isInner":false,"widgetType":"nav-menu","elType":"widget"}],"isInner":false,"elType":"container"}],"isInner":false,"elType":"container"},{"id":"bc5268d","settings":{"content_position":"middle","structure":"20","flex_direction":"row","flex_align_items":"center","flex_gap":{"size":0,"unit":"px"},"content_width":"full","flex_justify_content":"space-between","flex_gap_mobile":{"unit":"px","size":20,"sizes":[]},"padding":{"unit":"px","top":"0","right":"0","bottom":"0","left":"0","isLinked":true}},"elements":[{"id":"55946f84","settings":{"_column_size":50,"width":{"size":null,"unit":"%"},"content_width":"full","flex_direction":"row","flex_direction_mobile":"column","flex_justify_content":"flex-start","flex_align_items":"center","padding":{"unit":"px","top":"0","right":"0","bottom":"0","left":"0","isLinked":true},"width_laptop":{"unit":"px","size":752},"_flex_size":"none","_element_width_laptop":"initial"},"elements":[{"id":"fb4e5e1","settings":{"title":"Copyright 2002-2023, eMeals Inc. The eMeals name and logo is a trademark of eMeals Inc. All Rights Reserved","title_color":"#54595f","typography_typography":"custom","typography_font_size":{"unit":"px","size":13},"typography_font_weight":"300","align":"left","align_mobile":"center","typography_line_height_mobile":{"unit":"px","size":19},"header_size":"p","_attributes":"Title | meal planning footer copyright"},"elements":[],"isInner":false,"widgetType":"heading","elType":"widget"}],"isInner":false,"elType":"container"},{"id":"6baf1b26","settings":{"_column_size":50,"width":{"size":null,"unit":"%"},"content_width":"full","flex_direction":"row-reverse","flex_direction_mobile":"column","flex_justify_content":"flex-start","flex_align_items":"center","padding":{"unit":"px","top":"0","right":"0","bottom":"0","left":"0","isLinked":true}},"elements":[{"id":"283fe1fa","settings":{"__dynamic__":{"image":"[elementor-tag id=\"\" name=\"site-logo\" settings=\"%7B%7D\"]"},"width":{"unit":"%","size":76,"sizes":[]}},"elements":[],"isInner":false,"widgetType":"theme-site-logo","elType":"widget"}],"isInner":false,"elType":"container"}],"isInner":false,"elType":"container"}],"isInner":false,"elType":"container"}],"settings":{"content_wrapper_html_tag":"main","background_background":"classic","background_color":"#FFFFFF"},"metadata":[]}