{"content":[{"id":"38bebcc4","settings":{"content_width":{"unit":"px","size":1140,"sizes":[]},"background_background":"classic","border_border":"none","border_width":{"unit":"px","top":"0","right":"0","bottom":"0","left":"0","isLinked":true},"border_radius":{"unit":"px","top":"3","right":"3","bottom":"3","left":"3","isLinked":true},"padding":{"unit":"px","top":"5","right":"5","bottom":"5","left":"5","isLinked":true},"__globals__":{"border_color":"globals\/colors?id=42c0f4b","background_color":""},"border_color":"#99CA3C"},"elements":[{"id":"1a43c4e3","settings":{"_column_size":100,"_inline_size":null},"elements":[{"id":"bbf1456","settings":[],"elements":[],"isInner":false,"widgetType":"spacer","elType":"widget"},{"id":"12993585","settings":{"title":"Share with others","align":"center","title_color":"#99CA3C","_border_border":"none","__globals__":{"typography_typography":"globals\/typography?id=primary","title_color":"globals\/colors?id=primary"},"__dynamic__":[],"header_size":"h3"},"elements":[],"isInner":false,"widgetType":"heading","elType":"widget"},{"id":"397f4eb7","elType":"widget","settings":{"share_buttons":[{"_id":"76eac17","__dynamic__":[]},{"button":"twitter","_id":"b65550b"},{"_id":"a87ef5c","button":"pinterest"},{"_id":"7e72c35","button":"email"}],"skin":"framed","shape":"rounded","alignment":"center","column_gap":{"unit":"px","size":2,"sizes":[]},"row_gap":{"unit":"px","size":5,"sizes":[]},"button_size":{"unit":"px","size":0.85,"sizes":[]},"icon_size":{"unit":"em","size":2.5,"sizes":[]},"button_height":{"unit":"em","size":4.6,"sizes":[]},"border_size":{"unit":"px","size":0,"sizes":[]},"color_source":"custom","primary_color":"#303C4B","secondary_color":"#FFFFFF","typography_typography":"custom","typography_font_size":{"unit":"px","size":11,"sizes":[]},"typography_font_size_mobile":{"unit":"px","size":20,"sizes":[]},"typography_font_weight":"600","typography_text_transform":"none","typography_letter_spacing":{"unit":"px","size":0,"sizes":[]},"typography_word_spacing":{"unit":"em","size":"","sizes":[]},"_transform_scale_popover_hover":"transform","_transform_scale_effect_hover":{"unit":"px","size":1,"sizes":[]},"_transform_transition_hover":{"unit":"px","size":2639,"sizes":[]},"motion_fx_transform_x_anchor_point":"center","motion_fx_transform_y_anchor_point":"center","__globals__":{"primary_color":"globals\/colors?id=secondary","secondary_color":"globals\/colors?id=b97fcda","typography_typography":"","primary_color_hover":"globals\/colors?id=42c0f4b","secondary_color_hover":"globals\/colors?id=b97fcda"},"typography_line_height":{"unit":"em","size":1.2,"sizes":[]},"__dynamic__":{"_element_id":"[elementor-tag id=\"abc8116\" name=\"shortcode\" settings=\"%7B%7D\"]","_css_classes":"[elementor-tag id=\"eb5dfdb\" name=\"shortcode\" settings=\"%7B%7D\"]","_attributes":"[elementor-tag id=\"6f571fb\" name=\"featured-image-data\" settings=\"%7B%22attachment_data%22%3A%22src%22%7D\"]"},"_border_border":"none"},"elements":[],"widgetType":"share-buttons"},{"id":"3723f6c3","settings":[],"elements":[],"isInner":false,"widgetType":"spacer","elType":"widget"}],"isInner":false,"elType":"column"}],"isInner":false,"elType":"section"}],"settings":{"content_wrapper_html_tag":"header"},"metadata":[],"location":""}