{"content":[{"id":"34420865","settings":{"flex_direction":"column"},"elements":[{"id":"5471244c","settings":{"boxed_width":{"unit":"%","size":71,"sizes":[]},"boxed_width_laptop":{"unit":"%","size":"","sizes":[]},"boxed_width_tablet":{"unit":"%","size":"","sizes":[]},"boxed_width_mobile":{"unit":"%","size":"","sizes":[]}},"elements":[{"id":"cfef7d2","settings":[],"elements":[],"isInner":false,"widgetType":"spacer","elType":"widget"},{"id":"222b53c","settings":{"image":{"url":"https:\/\/emeals.com\/meal-planning\/wp-content\/uploads\/2023\/05\/Meal-planning-made-easy-with-eMeals.webp","id":1869,"size":"","alt":"showing a picture of emeals of meal planning made easy from eMeals","source":"library"},"width":{"unit":"%","size":100,"sizes":[]}},"elements":[],"isInner":false,"widgetType":"image","elType":"widget"},{"id":"6b42a76","settings":{"text":"View All Things Meal Planning  ","link":{"url":"https:\/\/www.emeals.com","is_external":"on","nofollow":"","custom_attributes":"title | eMeals home page"},"align":"center"},"elements":[],"isInner":false,"widgetType":"button","elType":"widget"}],"isInner":false,"elType":"container"},{"id":"299984ee","settings":[],"elements":[],"isInner":false,"widgetType":"spacer","elType":"widget"}],"isInner":false,"elType":"container"}],"settings":{"padding":{"unit":"px","top":"0","right":"0","bottom":"0","left":"0","isLinked":true},"background_background":"classic","content_wrapper_html_tag":"header","__globals__":{"background_color":"globals\/colors?id=b97fcda"}},"metadata":[]}