{"content":[],"settings":{"template":"default","system_colors":[{"_id":"primary","title":"Primary","color":"#4B4B4B"},{"_id":"secondary","title":"Secondary","color":"#303C4B"},{"_id":"text","title":"Text","color":"#383838"},{"_id":"accent","title":"Accent","color":"#FF9600"}],"custom_colors":[{"_id":"948b3b5","title":"Background","color":"#FFFFFF"},{"_id":"b97fcda","title":"White","color":"#FFFFFF"},{"_id":"42c0f4b","title":"GREEN","color":"#99CA3C"},{"_id":"80fb6de","title":"light gray","color":"#EDF0F3"}],"system_typography":[{"_id":"primary","title":"Primary","typography_typography":"custom","typography_font_family":"Poppins","typography_font_weight":"700","typography_font_size":{"unit":"px","size":23,"sizes":[]},"typography_letter_spacing":{"unit":"px","size":0,"sizes":[]},"typography_line_height":{"unit":"em","size":1.6,"sizes":[]},"typography_text_decoration":"none","typography_text_transform":"capitalize","typography_font_size_mobile":{"unit":"px","size":22,"sizes":[]}},{"_id":"secondary","title":"Secondary","typography_typography":"custom","typography_font_weight":"700","typography_font_size":{"unit":"px","size":32,"sizes":[]},"typography_line_height":{"unit":"em","size":1.2,"sizes":[]},"typography_letter_spacing":{"unit":"px","size":0,"sizes":[]},"typography_font_style":"normal","typography_text_transform":"none","typography_text_decoration":"none","typography_font_size_mobile":{"unit":"px","size":30,"sizes":[]}},{"_id":"text","title":"Text","typography_typography":"custom","typography_font_family":"Poppins","typography_font_weight":"400","typography_line_height":{"unit":"em","size":1.5,"sizes":[]},"typography_font_size":{"unit":"px","size":16,"sizes":[]},"typography_letter_spacing":{"unit":"px","size":0.2,"sizes":[]},"typography_text_transform":"none","typography_font_style":"normal","typography_text_decoration":"none"},{"_id":"accent","title":"Accent","typography_typography":"custom","typography_font_weight":"600","typography_line_height":{"unit":"em","size":1.4,"sizes":[]},"typography_font_size":{"unit":"px","size":16,"sizes":[]},"typography_letter_spacing":{"unit":"px","size":0.2,"sizes":[]},"typography_font_size_mobile":{"unit":"px","size":16,"sizes":[]},"typography_text_decoration":"none"}],"custom_typography":[],"default_generic_fonts":"Sans-serif","page_title_selector":"h1.entry-title","hello_footer_copyright_text":"Copyright 2002-2023, eMeals Inc. The eMeals name and logo is a trademark of eMeals Inc. All Rights Reserved. ","activeItemIndex":1,"viewport_md":761,"viewport_lg":941,"body_background_background":"classic","body_background_image":{"url":"https:\/\/emeals.com\/meal-planning\/wp-content\/uploads\/2023\/02\/fruit-and-vegatable-background-image.png","id":1042,"size":"large","alt":"fruit and veggie background graphic","source":"library"},"body_background_size":"initial","hello_header_tagline_display":"","__globals__":{"body_background_color":"globals\/colors?id=b97fcda","link_normal_color":"","h1_color":"","h2_color":"","h2_typography_typography":"globals\/typography?id=primary","button_text_color":"globals\/colors?id=b97fcda","button_background_color":"globals\/colors?id=42c0f4b","button_hover_text_color":"globals\/colors?id=b97fcda","button_hover_background_color":"globals\/colors?id=secondary","hello_footer_background_color":"","hello_footer_copyright_color":"globals\/colors?id=text","hello_footer_tagline_color":"globals\/colors?id=b97fcda","h3_color":"globals\/colors?id=secondary","link_hover_color":"","link_hover_typography_typography":"","h4_color":"","h5_color":"","h6_color":"","link_normal_typography_typography":"globals\/typography?id=accent","body_typography_typography":"globals\/typography?id=text","body_color":"globals\/colors?id=text","h6_typography_typography":"globals\/typography?id=primary","button_typography_typography":"globals\/typography?id=accent","h1_typography_typography":"globals\/typography?id=primary","h3_typography_typography":"globals\/typography?id=primary","h5_typography_typography":"globals\/typography?id=accent","hello_footer_tagline_typography_typography":"globals\/typography?id=text","lightbox_color":"globals\/colors?id=b97fcda","lightbox_ui_color":"globals\/colors?id=b97fcda","lightbox_ui_color_hover":"globals\/colors?id=b97fcda","lightbox_text_color":"globals\/colors?id=secondary","form_label_typography_typography":"globals\/typography?id=primary","form_label_color":"globals\/colors?id=secondary","form_field_typography_typography":"globals\/typography?id=primary","hello_footer_background_color_b":"globals\/colors?id=b97fcda","hello_header_background_color":"globals\/colors?id=b97fcda","mobile_browser_background":"globals\/colors?id=b97fcda","hello_footer_menu_color":"globals\/colors?id=text","hello_footer_menu_typography_typography":"globals\/typography?id=text","hello_header_menu_color":"globals\/colors?id=secondary","hello_header_menu_toggle_color":"globals\/colors?id=accent","hello_header_menu_typography_typography":"globals\/typography?id=accent","form_field_focus_text_color":"globals\/colors?id=text","settings_page_transitions_background_color":"globals\/colors?id=secondary","settings_page_transitions_preloader_color":"globals\/colors?id=accent","h4_typography_typography":"globals\/typography?id=accent","form_field_background_color":"globals\/colors?id=b97fcda","form_field_text_color":"globals\/colors?id=text","form_field_accent_color":"globals\/colors?id=secondary","body_background_color_b":"globals\/colors?id=948b3b5","button_border_color":"globals\/colors?id=42c0f4b"},"body_color":"#383838","link_normal_color":"#7CBD00","h1_color":"#2E2E2E","h2_typography_typography":"custom","h2_typography_font_size":{"unit":"px","size":36,"sizes":[]},"h2_typography_font_weight":"500","button_typography_typography":"custom","button_text_color":"#FFFFFF","button_background_color":"#99CA3C","button_border_radius":{"unit":"px","top":"4","right":"4","bottom":"4","left":"4","isLinked":true},"button_hover_text_color":"#FFFFFF","button_padding":{"unit":"px","top":"8","right":"14","bottom":"8","left":"14","isLinked":false},"hello_header_logo_width":{"unit":"px","size":94,"sizes":[]},"image_hover_opacity":{"unit":"px","size":0.92,"sizes":[]},"image_hover_transition":{"unit":"px","size":0,"sizes":[]},"hello_header_gap":{"unit":"px","size":1,"sizes":[]},"hello_footer_background_background":"classic","link_hover_color":"#303C4B","h3_color":"#303C4B","h4_color":"#303C4B","h4_typography_typography":"custom","h4_typography_font_size":{"unit":"px","size":24,"sizes":[]},"h4_typography_font_weight":"600","h5_color":"#303C4B","h6_color":"#9F9F9F","h6_typography_typography":"custom","container_width":{"unit":"px","size":1140,"sizes":[]},"viewport_mobile":760,"hello_header_custom_width":{"unit":"px","size":1140,"sizes":[]},"hello_footer_layout":"stacked","hello_footer_custom_width":{"unit":"px","size":1179,"sizes":[]},"hello_footer_gap":{"unit":"px","size":0,"sizes":[]},"hello_footer_background_color":"#F2F2F2","hello_footer_background_image":{"url":"","id":"","size":"","alt":"","source":"library"},"hello_footer_background_repeat":"no-repeat","hello_footer_background_size":"cover","hello_footer_background_bg_width":{"unit":"%","size":17,"sizes":[]},"hello_footer_logo_width":{"unit":"px","size":140,"sizes":[]},"hello_footer_tagline_color":"#FFFFFF","hello_footer_tagline_typography_typography":"custom","hello_footer_tagline_typography_font_family":"Poppins","hello_footer_tagline_typography_font_size":{"unit":"px","size":16,"sizes":[]},"hello_footer_tagline_typography_font_weight":"400","hello_footer_copyright_color":"#383838","hello_footer_copyright_typography_typography":"custom","hello_footer_copyright_typography_font_family":"Poppins","hello_footer_copyright_typography_font_size":{"unit":"px","size":10,"sizes":[]},"hello_footer_copyright_typography_font_weight":"500","link_normal_typography_typography":"custom","link_normal_typography_font_size":{"unit":"px","size":16,"sizes":[]},"link_normal_typography_line_height":{"unit":"em","size":1.4,"sizes":[]},"h2_typography_line_height":{"unit":"px","size":46,"sizes":[]},"h4_typography_line_height":{"unit":"px","size":36,"sizes":[]},"h6_typography_line_height":{"unit":"em","size":1.6,"sizes":[]},"button_typography_line_height":{"unit":"em","size":1.4,"sizes":[]},"form_field_typography_line_height":{"unit":"em","size":1.6,"sizes":[]},"hello_header_title_typography_line_height":{"unit":"em","size":"","sizes":[]},"hello_header_title_typography_word_spacing":{"unit":"em","size":"","sizes":[]},"hello_header_tagline_typography_line_height":{"unit":"em","size":"","sizes":[]},"hello_header_tagline_typography_word_spacing":{"unit":"em","size":"","sizes":[]},"hello_footer_title_typography_line_height":{"unit":"em","size":"","sizes":[]},"hello_footer_title_typography_word_spacing":{"unit":"em","size":"","sizes":[]},"hello_footer_tagline_typography_line_height":{"unit":"em","size":1.6,"sizes":[]},"hello_footer_tagline_typography_word_spacing":{"unit":"em","size":"","sizes":[]},"hello_footer_copyright_typography_line_height":{"unit":"em","size":"","sizes":[]},"hello_footer_copyright_typography_word_spacing":{"unit":"em","size":"","sizes":[]},"link_normal_typography_font_weight":"600","link_normal_typography_letter_spacing":{"unit":"px","size":0.2,"sizes":[]},"paragraph_spacing":{"unit":"px","size":10,"sizes":[]},"h6_typography_font_size":{"unit":"px","size":20,"sizes":[]},"h6_typography_font_weight":"700","h6_typography_letter_spacing":{"unit":"px","size":0,"sizes":[]},"button_typography_font_size":{"unit":"px","size":16,"sizes":[]},"button_typography_font_weight":"600","button_typography_letter_spacing":{"unit":"px","size":0.2,"sizes":[]},"button_hover_border_radius":{"unit":"px","top":"5","right":"5","bottom":"5","left":"5","isLinked":true},"h2_typography_letter_spacing":{"unit":"px","size":0,"sizes":[]},"button_hover_background_color":"#303C4B","button_typography_font_family":"Poppins","viewport_tablet":940,"lightbox_color":"#FFFFFF","lightbox_ui_color":"#FFFFFF","lightbox_ui_color_hover":"#FFFFFF","lightbox_text_color":"#303C4B","hello_footer_tagline_typography_letter_spacing":{"unit":"px","size":0.2,"sizes":[]},"h2_typography_text_transform":"capitalize","h2_typography_font_style":"normal","form_label_color":"#303C4B","form_field_typography_typography":"custom","form_field_typography_font_family":"Poppins","form_field_typography_font_size":{"unit":"px","size":20,"sizes":[]},"form_field_typography_font_weight":"700","form_field_typography_letter_spacing":{"unit":"px","size":0,"sizes":[]},"hello_header_background_background":"classic","hello_header_background_image":{"url":"","id":"","size":"","alt":"","source":"library"},"hello_header_background_repeat":"no-repeat","hello_header_background_size":"contain","hello_header_background_bg_width":{"unit":"%","size":69,"sizes":[]},"hello_footer_tagline_display":"","hello_footer_background_color_stop":{"unit":"%","size":20,"sizes":[]},"hello_footer_background_color_b":"#FFFFFF","hello_footer_background_color_b_stop":{"unit":"%","size":84,"sizes":[]},"h2_typography_font_size_mobile":{"unit":"px","size":22,"sizes":[]},"hello_header_background_image_mobile":{"url":"","id":"","alt":"","source":"library"},"hello_header_background_size_mobile":"contain","hello_header_logo_width_mobile":{"unit":"px","size":128,"sizes":[]},"mobile_browser_background":"#FFFFFF","hello_header_background_color":"#FFFFFF","hello_header_menu":"9","hello_header_menu_color":"#303C4B","hello_header_menu_toggle_color":"#FF9600","hello_footer_background_position":"center center","hello_footer_menu":"9","hello_footer_menu_color":"#383838","hello_footer_menu_typography_typography":"custom","hello_footer_menu_typography_font_family":"Poppins","hello_footer_menu_typography_font_size":{"unit":"px","size":16,"sizes":[]},"hello_footer_menu_typography_font_weight":"400","hello_footer_menu_typography_line_height":{"unit":"em","size":1.6,"sizes":[]},"hello_footer_menu_typography_letter_spacing":{"unit":"px","size":0.2,"sizes":[]},"hello_footer_menu_typography_word_spacing":{"unit":"em","size":"","sizes":[]},"h2_color":"#303C4B","h2_typography_font_family":"Poppins","form_field_focus_text_color":"#383838","settings_page_transitions_background_color":"#303C4B","settings_page_transitions_preloader_image":{"url":"https:\/\/emeals.com\/meal-planning\/wp-content\/uploads\/2023\/01\/emeals-logo.png","id":9,"size":"","alt":"","source":"library"},"settings_page_transitions_preloader_color":"#FF9600","settings_page_transitions_preloader_size":{"unit":"px","size":0,"sizes":[]},"settings_page_transitions_preloader_width":{"unit":"%","size":16,"sizes":[]},"settings_page_transitions_preloader_max_width":{"unit":"%","size":22,"sizes":[]},"settings_page_transitions_preloader_opacity":{"unit":"px","size":1,"sizes":[]},"hello_header_menu_typography_typography":"custom","hello_header_menu_typography_font_family":"Poppins","hello_header_menu_typography_font_size":{"unit":"px","size":16,"sizes":[]},"hello_header_menu_typography_font_weight":"600","hello_header_menu_typography_line_height":{"unit":"em","size":1.4,"sizes":[]},"hello_header_menu_typography_letter_spacing":{"unit":"px","size":0.2,"sizes":[]},"hello_header_menu_typography_word_spacing":{"unit":"em","size":"","sizes":[]},"button_typography_text_transform":"none","form_field_typography_text_transform":"capitalize","hello_header_menu_typography_text_transform":"none","hello_header_menu_typography_font_style":"normal","hello_footer_tagline_typography_text_transform":"none","hello_footer_tagline_typography_font_style":"normal","hello_footer_menu_typography_text_transform":"none","hello_footer_menu_typography_font_style":"normal","settings_page_transitions_background_background":"","h4_typography_font_family":"Poppins","h4_typography_letter_spacing":{"unit":"px","size":0.2,"sizes":[]},"h6_typography_font_family":"Poppins","lightbox_description_src":"","button_typography_text_decoration":"none","lightbox_enable_counter":"","lightbox_enable_fullscreen":"","lightbox_enable_zoom":"","lightbox_enable_share":"","form_field_typography_text_decoration":"none","form_field_background_color":"#FFFFFF","link_normal_typography_text_decoration":"none","h2_typography_text_decoration":"none","hello_header_menu_typography_text_decoration":"none","hello_footer_tagline_typography_text_decoration":"none","hello_footer_menu_typography_text_decoration":"none","container_width_tablet":{"unit":"%","size":100,"sizes":[]},"container_width_mobile":{"unit":"px","size":740,"sizes":[]},"hello_footer_width":"full-width","link_normal_typography_font_family":"Poppins","h4_typography_text_transform":"none","h4_typography_text_decoration":"none","h6_typography_text_transform":"capitalize","h6_typography_text_decoration":"none","settings_page_transitions_exit_animation":"fade-in","settings_page_transitions_animation_duration":{"unit":"ms","size":400,"sizes":[]},"link_normal_typography_text_transform":"none","link_normal_typography_font_style":"normal","button_typography_font_size_mobile":{"unit":"px","size":16,"sizes":[]},"lightbox_title_src":"","body_typography_typography":"custom","body_typography_font_family":"Poppins","body_typography_font_size":{"unit":"px","size":16,"sizes":[]},"body_typography_font_weight":"400","body_typography_text_transform":"none","body_typography_font_style":"normal","body_typography_text_decoration":"none","body_typography_line_height":{"unit":"em","size":1.6,"sizes":[]},"body_typography_letter_spacing":{"unit":"px","size":0.2,"sizes":[]},"link_hover_typography_typography":"custom","link_hover_typography_font_size":{"unit":"px","size":16,"sizes":[]},"link_hover_typography_font_weight":"600","link_hover_typography_text_transform":"none","link_hover_typography_text_decoration":"none","link_hover_typography_line_height":{"unit":"em","size":1.4,"sizes":[]},"link_hover_typography_letter_spacing":{"unit":"px","size":0.2,"sizes":[]},"h3_typography_typography":"custom","h3_typography_font_size":{"unit":"px","size":30,"sizes":[]},"h3_typography_font_weight":"700","h3_typography_text_transform":"capitalize","h3_typography_text_decoration":"none","h3_typography_line_height":{"unit":"px","size":40,"sizes":[]},"h3_typography_letter_spacing":{"unit":"px","size":0,"sizes":[]},"link_normal_typography_font_size_mobile":{"unit":"px","size":16,"sizes":[]},"link_hover_typography_font_size_mobile":{"unit":"px","size":16,"sizes":[]},"h3_typography_font_size_mobile":{"unit":"px","size":22,"sizes":[]},"hello_header_menu_typography_font_size_mobile":{"unit":"px","size":16,"sizes":[]},"container_padding":{"unit":"px","top":"10","right":"10","bottom":"10","left":"10","isLinked":true},"global_image_lightbox":"","h3_typography_font_family":"Poppins","form_label_typography_typography":"custom","form_label_typography_font_family":"Poppins","form_label_typography_font_size":{"unit":"px","size":20,"sizes":[]},"form_label_typography_font_weight":"700","form_label_typography_text_transform":"capitalize","form_label_typography_text_decoration":"none","form_label_typography_line_height":{"unit":"em","size":1.6,"sizes":[]},"form_label_typography_letter_spacing":{"unit":"px","size":0,"sizes":[]},"form_field_text_color":"#383838","form_field_accent_color":"#303C4B","body_background_color_stop":{"unit":"%","size":52,"sizes":[]},"body_background_position":"center center","body_background_repeat":"repeat","body_background_bg_width":{"unit":"%","size":25,"sizes":[]},"h4_typography_font_size_mobile":{"unit":"px","size":16,"sizes":[]},"body_background_color_b":"#FFFFFF","active_breakpoints":["viewport_mobile","viewport_tablet","viewport_laptop"],"button_border_border":"solid","button_border_width":{"unit":"px","top":"1","right":"1","bottom":"1","left":"1","isLinked":true},"button_border_color":"#99CA3C","body_background_color":"#FFFFFF","default_page_template":"elementor_canvas","stretched_section_container":"#body","hello_header_width":"full-width","space_between_widgets":{"unit":"px","size":10,"sizes":[]},"body_typography_font_size_mobile":{"unit":"px","size":14,"sizes":[]},"paragraph_spacing_mobile":{"unit":"px","size":30,"sizes":[]},"hello_header_menu_dropdown":"mobile","h6_typography_font_size_mobile":{"unit":"px","size":22,"sizes":[]},"form_label_typography_font_size_mobile":{"unit":"px","size":22,"sizes":[]},"form_field_typography_font_size_mobile":{"unit":"px","size":22,"sizes":[]},"image_css_filters_css_filter":"custom","h1_typography_typography":"custom","h1_typography_font_family":"Poppins","h1_typography_font_size":{"unit":"px","size":40,"sizes":[]},"h1_typography_font_weight":"700","h1_typography_text_transform":"capitalize","h1_typography_text_decoration":"none","h1_typography_line_height":{"unit":"px","size":54,"sizes":[]},"h1_typography_letter_spacing":{"unit":"px","size":0,"sizes":[]},"h5_typography_typography":"custom","h5_typography_font_size":{"unit":"px","size":22,"sizes":[]},"h5_typography_font_weight":"600","h5_typography_text_transform":"none","h5_typography_text_decoration":"none","h5_typography_line_height":{"unit":"px","size":36,"sizes":[]},"h5_typography_letter_spacing":{"unit":"px","size":0.2,"sizes":[]},"h1_typography_font_size_mobile":{"unit":"px","size":22,"sizes":[]},"h5_typography_font_size_mobile":{"unit":"px","size":16,"sizes":[]}},"metadata":[]}