[{"term_id":1,"name":"Meal Planning","slug":"meal-planning","taxonomy":"category","description":"Enjoy the fun of cooking without the stress of planning out healthy, home-cooked meals. Each week our app provides you with new recipe inspiration and automated shopping list with smart grocery pickup or delivery options. With 15 different meal and food style plans, there\u2019s sure to be enough inspiration to please everyone in your family. Meal planning made easy.\r\n\r\nMary, a valued eMeals customer, says \"I used to spend hours each week searching for new, healthy meals. Despite searching, we\u2019d often eat the same things over and over again. Dinnertime was something I no longer looked forward to. Thanks to eMeals, my meals are always fresh and exciting and are helping me reach my weight loss goals.\"\r\n\r\n<img class=\"size-medium wp-image-731\" src=\"https:\/\/emeals.com\/meal-planning\/wp-content\/uploads\/2023\/03\/Meal-Planning-Featured-Image-e1678137946558-300x300.webp\" alt=\"Featured image for eMeals meal planning made simple web page\" width=\"300\" height=\"300\" \/>","parent":0}]