[{"term_id":12,"name":"meal planning articles","slug":"meal-planning-articles","taxonomy":"post_tag","description":"","parent":0},{"term_id":11,"name":"meal planning tips","slug":"meal-planning-tips","taxonomy":"post_tag","description":"","parent":0},{"term_id":6,"name":"Trending Recipes","slug":"trending-recipes","taxonomy":"post_tag","description":"&nbsp;\r\n\r\n[caption id=\"attachment_173\" align=\"alignleft\" width=\"300\"]<img class=\"wp-image-173 size-medium\" src=\"https:\/\/emeals.com\/meal-planning\/wp-content\/uploads\/2023\/01\/26841498_10155930034894373_6219406037773366946_o-300x200.jpeg\" alt=\"Trending recipes and top meal plans chosen by customers from eMeals.\" width=\"300\" height=\"200\" \/> Trending recipes our readers' have chosen over the years as their favorites of all time. With 15 different meal and food style plans, there\u2019s sure to be enough inspiration to have your own trending recipe list.[\/caption]\r\n\r\neMeals best-selling meal plans that are simple, delicious, and popular among readers of all ages and lifestyles share have top trending recipes you'll want to try. Chosen among our readers, these recipes have been favorites for years.","parent":0}]