{"content":[{"id":"3d492447","settings":{"layout":"full_width","flex_gap":{"size":0,"unit":"px"},"min_height":{"unit":"px","size":100,"sizes":[]},"content_position":"middle","padding":{"unit":"%","top":"0","right":"8","bottom":"0","left":"8","isLinked":""},"background_background":"classic","background_motion_fx_opacity_range":{"unit":"%","size":"","sizes":{"start":"0","end":1}},"margin":{"unit":"%","top":"0","right":0,"bottom":"5","left":0,"isLinked":false},"z_index":"95","sticky":"top","__globals__":[],"padding_tablet":{"unit":"%","top":"0","right":"5","bottom":"0","left":"5","isLinked":""},"padding_mobile":{"unit":"%","top":"","right":"","bottom":"","left":"","isLinked":"1"},"background_motion_fx_range":"page","margin_mobile":{"unit":"%","top":"","right":0,"bottom":"","left":0,"isLinked":true},"_title":"Header","min_height_tablet":{"unit":"px","size":85,"sizes":[]},"structure":"30","margin_tablet":{"unit":"%","top":"","right":"","bottom":"","left":"","isLinked":true},"min_height_mobile":{"unit":"px","size":65,"sizes":[]},"flex_direction":"row","flex_align_items":"stretch","content_width":"full","background_color":"#FFFFFF","hide_mobile":"hidden-mobile","hide_laptop":"hidden-laptop","hide_tablet":"hidden-tablet"},"elements":[{"id":"21018853","settings":{"_column_size":33,"width":{"size":25,"unit":"%"},"width_tablet":{"size":15,"unit":"%"},"width_mobile":{"size":20,"unit":"%"},"content_width":"full","flex_direction":"column","flex_justify_content":"center","flex_gap":{"unit":"px","size":20,"sizes":[]},"padding":{"unit":"px","top":"0","right":"0","bottom":"0","left":"0","isLinked":false},"width_laptop":{"unit":"px","size":161.523},"_flex_size":"none","_element_width_laptop":"initial"},"elements":[{"id":"25284a6a","settings":{"__dynamic__":{"image":"[elementor-tag id=\"\" name=\"site-logo\" settings=\"%7B%7D\"]"},"width":{"unit":"%","size":100,"sizes":[]},"css_filters_brightness":{"unit":"px","size":0,"sizes":[]},"css_filters_saturate":{"unit":"px","size":0,"sizes":[]},"height":{"unit":"px","size":34,"sizes":[]},"object-fit":"contain","width_tablet":{"unit":"px","size":"","sizes":[]},"width_mobile":{"unit":"px","size":"","sizes":[]},"height_tablet":{"unit":"px","size":27,"sizes":[]},"height_mobile":{"unit":"px","size":20,"sizes":[]},"align":"left","image":{"id":1831,"url":"https:\/\/emeals.com\/meal-planning\/wp-content\/uploads\/2023\/05\/placeholder-4.png"},"text_color":"#324A6D","caption_typography_typography":"custom","caption_typography_font_family":"Poppins","caption_typography_font_size":{"unit":"px","size":16,"sizes":[]},"caption_typography_font_size_tablet":{"unit":"px","size":14,"sizes":[]},"caption_typography_font_weight":"300","caption_typography_text_transform":"none","caption_typography_font_style":"normal","caption_typography_text_decoration":"none","caption_typography_line_height":{"unit":"em","size":1.5,"sizes":[]},"caption_typography_letter_spacing":{"unit":"px","size":0,"sizes":[]},"caption_typography_word_spacing":{"unit":"em","size":0,"sizes":[]},"__globals__":[],"link_to":"custom","link":{"url":"https:\/\/emeals.com\/","is_external":"on","nofollow":"","custom_attributes":"title | emeals home page"},"_flex_align_self":"center"},"elements":[],"isInner":false,"widgetType":"theme-site-logo","elType":"widget"}],"isInner":false,"elType":"container"},{"id":"6fe28705","settings":{"_column_size":33,"width":{"size":50,"unit":"%"},"width_tablet":{"size":85,"unit":"%"},"width_mobile":{"size":33,"unit":"%"},"margin":{"unit":"%","top":"","right":"","bottom":"","left":"","isLinked":true},"margin_tablet":{"unit":"%","top":"","right":"","bottom":"","left":"","isLinked":true},"margin_mobile":{"unit":"%","top":"","right":"","bottom":"","left":"","isLinked":true},"padding":{"unit":"%","top":"0","right":"0","bottom":"0","left":"0","isLinked":false},"padding_tablet":{"unit":"%","top":"","right":"","bottom":"","left":"","isLinked":true},"padding_mobile":{"unit":"%","top":"","right":"","bottom":"","left":"","isLinked":true},"content_width":"full","flex_direction":"row","flex_justify_content":"center","flex_align_items":"center","flex_gap":{"unit":"px","size":2,"sizes":[]},"width_laptop":{"unit":"px","size":510.648},"_flex_size":"none","_element_width_laptop":"initial","_flex_align_self_mobile":"center"},"elements":[{"id":"3613ac38","settings":{"full_width":"stretch","pointer_width":{"unit":"px","size":1,"sizes":[]},"padding_horizontal_menu_item":{"unit":"px","size":"0","sizes":[]},"padding_vertical_menu_item":{"unit":"px","size":"5","sizes":[]},"menu_space_between":{"unit":"px","size":"30","sizes":[]},"__globals__":{"menu_typography_typography":"","color_menu_item":"globals\/colors?id=primary","color_menu_item_hover":"globals\/colors?id=42c0f4b"},"animation_text":"none","padding_vertical_dropdown_item_mobile":{"unit":"px","size":"14","sizes":[]},"dropdown_top_distance_mobile":{"unit":"px","size":"15","sizes":[]},"toggle_size_mobile":{"unit":"px","size":43,"sizes":[]},"color_menu_item_active":"#324A6D","color_dropdown_item":"#1C244B","background_color_dropdown_item":"#F3F5F8","background_color_dropdown_item_hover":"#F9FAFD","background_color_dropdown_item_active":"#F9FAFD","toggle_color":"#467FF7","toggle_background_color":"#02010100","align_items":"center","dropdown":"mobile","toggle_align":"right","menu_typography_typography":"custom","menu_typography_font_family":"Poppins","menu_typography_font_size":{"unit":"px","size":14,"sizes":[]},"menu_typography_font_weight":"600","menu_typography_text_transform":"capitalize","menu_typography_text_decoration":"none","menu_typography_line_height":{"unit":"em","size":1.1,"sizes":[]},"menu_typography_letter_spacing":{"unit":"px","size":0.3,"sizes":[]},"pointer_color_menu_item_hover":"#324A6D","pointer_color_menu_item_active":"#324A6D","nav_menu_divider_color":"#324A6D","dropdown_typography_typography":"custom","dropdown_typography_font_family":"Poppins","dropdown_typography_font_size":{"unit":"px","size":16,"sizes":[]},"dropdown_typography_font_size_tablet":{"unit":"px","size":14,"sizes":[]},"dropdown_typography_font_weight":"400","dropdown_typography_text_transform":"capitalize","dropdown_typography_font_style":"normal","dropdown_typography_text_decoration":"none","dropdown_typography_letter_spacing":{"unit":"px","size":0,"sizes":[]},"dropdown_typography_word_spacing":{"unit":"em","size":0,"sizes":[]},"dropdown_typography_line_height":{"unit":"em","size":1,"sizes":[]},"menu":"meal-planning-header","pointer":"text","menu_typography_font_size_mobile":{"unit":"px","size":22,"sizes":[]},"menu_id":9},"elements":[],"isInner":false,"widgetType":"nav-menu","elType":"widget"}],"isInner":false,"elType":"container"},{"id":"2717843a","settings":{"_column_size":33,"width":{"size":25,"unit":"%"},"width_tablet":{"size":85,"unit":"%"},"width_mobile":{"size":68,"unit":"%"},"margin":{"unit":"%","top":"","right":"","bottom":"","left":"","isLinked":true},"margin_tablet":{"unit":"%","top":"","right":"","bottom":"","left":"","isLinked":true},"margin_mobile":{"unit":"%","top":"","right":"","bottom":"","left":"","isLinked":true},"padding":{"unit":"%","top":"0","right":"0","bottom":"0","left":"0","isLinked":false},"padding_tablet":{"unit":"%","top":"","right":"","bottom":"","left":"","isLinked":true},"padding_mobile":{"unit":"%","top":"","right":"","bottom":"","left":"","isLinked":true},"content_width":"full","flex_direction":"row","flex_justify_content":"flex-end","flex_align_items":"center","flex_gap":{"unit":"px","size":20,"sizes":[]},"hide_mobile":"hidden-mobile"},"elements":[{"id":"c76f96f","settings":{"text":"Try FREE For 14 Days","align":"right","button_text_color":"#FFFFFF","border_border":"solid","border_width":{"unit":"px","top":"1","right":"1","bottom":"1","left":"1","isLinked":"1"},"border_radius":{"unit":"px","top":"8","right":"8","bottom":"8","left":"8","isLinked":"1"},"text_padding":{"unit":"px","top":"8","right":"14","bottom":"8","left":"14","isLinked":""},"__globals__":{"typography_typography":"","border_color":"globals\/colors?id=42c0f4b","background_color":"globals\/colors?id=42c0f4b","hover_color":"globals\/colors?id=948b3b5","button_background_hover_color":"globals\/colors?id=secondary","button_hover_border_color":"globals\/colors?id=secondary"},"text_padding_tablet":{"unit":"px","top":"14","right":"35","bottom":"14","left":"35","isLinked":false},"text_padding_mobile":{"unit":"px","top":"12","right":"25","bottom":"12","left":"25","isLinked":false},"link":{"url":"https:\/\/emeals.com\/account\/join_account.php?","is_external":"on","nofollow":"","custom_attributes":"title | try emeals free for 14 days"},"__dynamic__":[],"typography_typography":"custom","typography_font_size":{"unit":"px","size":14,"sizes":[]},"typography_font_weight":"600","typography_text_transform":"none","typography_text_decoration":"none","typography_line_height":{"unit":"em","size":1.4,"sizes":[]},"typography_letter_spacing":{"unit":"px","size":0.2,"sizes":[]},"_flex_size":"grow","typography_font_size_mobile":{"unit":"px","size":16,"sizes":[]}},"elements":[],"isInner":false,"widgetType":"button","elType":"widget"}],"isInner":false,"elType":"container"}],"isInner":false,"elType":"container"},{"id":"1d3fde34","settings":{"flex_direction":"column"},"elements":[{"id":"1c202439","settings":{"title":"5 reasons a meal planning service is good for families","header_size":"h1","align":"center","hide_desktop":"hidden-desktop","hide_laptop":"hidden-laptop","hide_tablet":"hidden-tablet","hide_mobile":"hidden-mobile","__globals__":{"typography_typography":"globals\/typography?id=secondary"}},"elements":[],"isInner":false,"widgetType":"heading","elType":"widget"}],"isInner":false,"elType":"container"},{"id":"3f202e8e","settings":{"layout":"full_width","flex_gap":{"size":0,"unit":"px"},"min_height":{"unit":"px","size":100,"sizes":[]},"content_position":"middle","padding":{"unit":"%","top":"0","right":"8","bottom":"0","left":"8","isLinked":""},"background_background":"classic","background_motion_fx_opacity_range":{"unit":"%","size":"","sizes":{"start":"0","end":1}},"margin":{"unit":"%","top":"0","right":0,"bottom":"5","left":0,"isLinked":false},"z_index":"95","sticky":"top","__globals__":[],"padding_tablet":{"unit":"%","top":"0","right":"5","bottom":"0","left":"5","isLinked":""},"padding_mobile":{"unit":"%","top":"","right":"","bottom":"","left":"","isLinked":"1"},"background_motion_fx_range":"page","margin_mobile":{"unit":"%","top":"","right":0,"bottom":"","left":0,"isLinked":true},"_title":"Header","min_height_tablet":{"unit":"px","size":85,"sizes":[]},"structure":"30","margin_tablet":{"unit":"%","top":"","right":"","bottom":"","left":"","isLinked":true},"min_height_mobile":{"unit":"px","size":65,"sizes":[]},"flex_direction":"row","flex_align_items":"stretch","content_width":"full","background_color":"#FFFFFF","flex_direction_mobile":"column","hide_desktop":"hidden-desktop","_flex_align_self_tablet":"center"},"elements":[{"id":"4b09be5","settings":{"_column_size":33,"width":{"size":25,"unit":"%"},"width_tablet":{"size":15,"unit":"%"},"width_mobile":{"size":50,"unit":"%"},"content_width":"full","flex_direction":"column","flex_justify_content":"center","flex_gap":{"unit":"px","size":20,"sizes":[]},"padding":{"unit":"px","top":"0","right":"0","bottom":"0","left":"0","isLinked":false},"width_laptop":{"unit":"px","size":161.523},"_flex_size":"none","_element_width_laptop":"initial","flex_align_items_mobile":"center","_flex_align_self_mobile":"center"},"elements":[{"id":"2d3b30bd","settings":{"__dynamic__":{"image":"[elementor-tag id=\"\" name=\"site-logo\" settings=\"%7B%7D\"]"},"width":{"unit":"%","size":100,"sizes":[]},"css_filters_brightness":{"unit":"px","size":0,"sizes":[]},"css_filters_saturate":{"unit":"px","size":0,"sizes":[]},"height":{"unit":"px","size":34,"sizes":[]},"object-fit":"contain","width_tablet":{"unit":"px","size":"","sizes":[]},"width_mobile":{"unit":"px","size":130,"sizes":[]},"height_tablet":{"unit":"px","size":27,"sizes":[]},"height_mobile":{"unit":"px","size":41,"sizes":[]},"align":"left","image":{"id":1831,"url":"https:\/\/emeals.com\/meal-planning\/wp-content\/uploads\/2023\/05\/placeholder-4.png"},"text_color":"#324A6D","caption_typography_typography":"custom","caption_typography_font_family":"Poppins","caption_typography_font_size":{"unit":"px","size":16,"sizes":[]},"caption_typography_font_size_tablet":{"unit":"px","size":14,"sizes":[]},"caption_typography_font_weight":"300","caption_typography_text_transform":"none","caption_typography_font_style":"normal","caption_typography_text_decoration":"none","caption_typography_line_height":{"unit":"em","size":1.5,"sizes":[]},"caption_typography_letter_spacing":{"unit":"px","size":0,"sizes":[]},"caption_typography_word_spacing":{"unit":"em","size":0,"sizes":[]},"__globals__":[],"link_to":"custom","link":{"url":"https:\/\/emeals.com\/","is_external":"on","nofollow":"","custom_attributes":"title | emeals home page"},"_flex_align_self":"center"},"elements":[],"isInner":false,"widgetType":"theme-site-logo","elType":"widget"}],"isInner":false,"elType":"container"},{"id":"8df5c68","settings":{"_column_size":33,"width":{"size":50,"unit":"%"},"width_tablet":{"size":85,"unit":"%"},"width_mobile":{"size":50,"unit":"%"},"margin":{"unit":"%","top":"","right":"","bottom":"","left":"","isLinked":true},"margin_tablet":{"unit":"%","top":"","right":"","bottom":"","left":"","isLinked":true},"margin_mobile":{"unit":"%","top":"","right":"","bottom":"","left":"","isLinked":true},"padding":{"unit":"%","top":"0","right":"0","bottom":"0","left":"0","isLinked":false},"padding_tablet":{"unit":"%","top":"","right":"","bottom":"","left":"","isLinked":true},"padding_mobile":{"unit":"%","top":"","right":"","bottom":"","left":"","isLinked":true},"content_width":"full","flex_direction":"row","flex_justify_content":"center","flex_align_items":"center","flex_gap":{"unit":"px","size":2,"sizes":[]},"width_laptop":{"unit":"px","size":510.648},"_flex_size":"none","_element_width_laptop":"initial","_flex_align_self_mobile":"center"},"elements":[{"id":"c49f2cd","settings":{"full_width":"stretch","pointer_width":{"unit":"px","size":1,"sizes":[]},"padding_horizontal_menu_item":{"unit":"px","size":"0","sizes":[]},"padding_vertical_menu_item":{"unit":"px","size":"5","sizes":[]},"menu_space_between":{"unit":"px","size":"30","sizes":[]},"__globals__":{"menu_typography_typography":"","color_menu_item":"globals\/colors?id=primary","color_menu_item_hover":"globals\/colors?id=42c0f4b"},"animation_text":"none","padding_vertical_dropdown_item_mobile":{"unit":"px","size":"14","sizes":[]},"dropdown_top_distance_mobile":{"unit":"px","size":"15","sizes":[]},"toggle_size_mobile":{"unit":"px","size":43,"sizes":[]},"color_menu_item_active":"#324A6D","color_dropdown_item":"#1C244B","background_color_dropdown_item":"#F3F5F8","background_color_dropdown_item_hover":"#F9FAFD","background_color_dropdown_item_active":"#F9FAFD","toggle_color":"#467FF7","toggle_background_color":"#02010100","align_items":"center","dropdown":"mobile","toggle_align":"right","menu_typography_typography":"custom","menu_typography_font_family":"Poppins","menu_typography_font_size":{"unit":"px","size":14,"sizes":[]},"menu_typography_font_weight":"600","menu_typography_text_transform":"capitalize","menu_typography_text_decoration":"none","menu_typography_line_height":{"unit":"em","size":1.1,"sizes":[]},"menu_typography_letter_spacing":{"unit":"px","size":0.3,"sizes":[]},"pointer_color_menu_item_hover":"#324A6D","pointer_color_menu_item_active":"#324A6D","nav_menu_divider_color":"#324A6D","dropdown_typography_typography":"custom","dropdown_typography_font_family":"Poppins","dropdown_typography_font_size":{"unit":"px","size":16,"sizes":[]},"dropdown_typography_font_size_tablet":{"unit":"px","size":14,"sizes":[]},"dropdown_typography_font_weight":"400","dropdown_typography_text_transform":"capitalize","dropdown_typography_font_style":"normal","dropdown_typography_text_decoration":"none","dropdown_typography_letter_spacing":{"unit":"px","size":0,"sizes":[]},"dropdown_typography_word_spacing":{"unit":"em","size":0,"sizes":[]},"dropdown_typography_line_height":{"unit":"em","size":1,"sizes":[]},"menu":"meal-planning-header","pointer":"text","menu_typography_font_size_mobile":{"unit":"px","size":22,"sizes":[]},"menu_id":9},"elements":[],"isInner":false,"widgetType":"nav-menu","elType":"widget"}],"isInner":false,"elType":"container"}],"isInner":false,"elType":"container"},{"id":"69373d37","settings":{"flex_direction":"column"},"elements":[{"id":"4bf0b4f","settings":{"image":{"url":"https:\/\/emeals.com\/meal-planning\/wp-content\/uploads\/2023\/03\/5-reaons-a-meal-planning-service-is-good-for-families-eMeals.webp","id":721,"size":"","alt":"blog post image showing there are 5 reasons why a meal planning service from emeals is suitable for families","source":"library"},"align":"center","_attributes":"title | 5 reasons a meal planning service is good for families from eMeals"},"elements":[],"isInner":false,"widgetType":"image","elType":"widget"}],"isInner":false,"elType":"container"},{"id":"3d4cdafe","settings":{"flex_direction":"column"},"elements":[{"id":"45763560","settings":{"editor":"<p>Whether you are looking to save money or spend more quality time together as a family, here are 5 reasons why families should use a meal planning service. If you're like most families, you are always on the go. Between work deadlines, family functions, and after school activities, your time may be limited. Making dinner can be hard and take a long time, especially if you're the main cook and your family is picky.<\/p><p>A <a href=\"https:\/\/emeals.com\/grocery-delivery-pickup\/walmart-grocery\/\" target=\"_blank\" rel=\"noopener noreferrer\">meal planning service<\/a>, like eMeals, can take the guesswork out of dinner. It will also save you time, money, while giving your family an opportunity to be together more often. Here are five reasons families should use a meal planning service.<\/p>"},"elements":[],"isInner":false,"widgetType":"text-editor","elType":"widget"}],"isInner":false,"elType":"container"},{"id":"75d8b9a1","settings":{"flex_direction":"column","padding":{"unit":"px","top":"20","right":"0","bottom":"20","left":"0","isLinked":false}},"elements":[{"id":"3f41dcf","settings":{"title":" A List of 5 Reasons a meal planning service is good for Families","align":"center","__globals__":{"typography_typography":"globals\/typography?id=secondary"}},"elements":[],"isInner":false,"widgetType":"heading","elType":"widget"}],"isInner":false,"elType":"container"},{"id":"33c2ff0a","settings":{"flex_direction":"column"},"elements":[{"id":"7a6b518c","settings":{"title":"1. Save time","header_size":"h3","__globals__":{"typography_typography":"globals\/typography?id=secondary"}},"elements":[],"isInner":false,"widgetType":"heading","elType":"widget"},{"id":"3abd797d","settings":{"editor":"<p>A meal planning service creates recipes and coordinates grocery shopping for you with various dinner ideas. Some services, like eMeals, compile a grocery list for you. According to\u202f<a href=\"https:\/\/money.usnews.com\/money\/personal-finance\/saving-and-budgeting\/articles\/how-to-meal-plan-effectively-to-save-money\" target=\"_blank\" rel=\"noopener noreferrer\">U.S. News<\/a>, \"Meal planning services do all the work of scheduling different dishes for the week for you\u2026\". Utilizing a meal planning service means spending more time in the kitchen with your family.<\/p><p>In addition, some services offer to shop for groceries, allowing you more time for other activities, projects, and downtime. eMeals, for example, works with Instacart, Shipt, and more grocery delivery and curbside pickup services for your convenience.<\/p>"},"elements":[],"isInner":false,"widgetType":"text-editor","elType":"widget"}],"isInner":false,"elType":"container"},{"id":"634edc25","settings":{"flex_direction":"column"},"elements":[{"id":"136d1db1","settings":{"title":"2. Save money","header_size":"h3","__globals__":{"typography_typography":"globals\/typography?id=secondary"}},"elements":[],"isInner":false,"widgetType":"heading","elType":"widget"},{"id":"12942912","settings":{"editor":"<p>According to <a href=\"https:\/\/www.feedingamerica.org\/our-work\/our-approach\/reduce-food-waste\" target=\"_blank\" rel=\"noopener noreferrer\">Feeding America<\/a>, \"Each year,\u202f<a href=\"https:\/\/insights-engine.refed.org\/food-waste-monitor?break_by=sector&amp;indicator=tons-waste&amp;view=detail&amp;year=2019\" target=\"_blank\" rel=\"noopener noreferrer\">108 billion pounds<\/a>\u202fof food is wasted in the United States. That equates to\u202f130 billion meals\u202fand more than\u202f$408 billion in food thrown away yearly.\" A meal planning service will help portion your meals, so less food is wasted.<\/p><p>You'll know what ingredients to get for each meal, avoiding any unnecessary waste or last-minute grocery runs. In addition, most services now offer store choices, allowing you to see weekly deals and use coupons for items on sale.<\/p>"},"elements":[],"isInner":false,"widgetType":"text-editor","elType":"widget"}],"isInner":false,"elType":"container"},{"id":"5bf0ca22","settings":{"flex_direction":"column"},"elements":[{"id":"132fd095","settings":{"title":"3. Eat Healthier","header_size":"h3","__globals__":{"typography_typography":"globals\/typography?id=secondary"}},"elements":[],"isInner":false,"widgetType":"heading","elType":"widget"},{"id":"622ce1bf","settings":{"editor":"<p>A meal planning service can help you make better choices by providing healthy recipes that are still delicious. According to <a href=\"https:\/\/www.cookinglight.com\/eating-smart\/smart-choices\/meal-planning-benefits\" target=\"_blank\" rel=\"noopener noreferrer\">Cooking Light<\/a>, \"\u2026individuals who regularly prepare meals at home are likelier to have less body fat\u2026! Cooking meals at home increases your chance of reaching health goals, whether to lose weight, improve heart health, or keep blood sugar in check.\"<\/p><p>This is especially helpful if you want to lose weight or eat better for medical reasons. Additionally, meal planning can help teach your children about healthy eating habits and how to cook simple recipe<\/p>"},"elements":[],"isInner":false,"widgetType":"text-editor","elType":"widget"}],"isInner":false,"elType":"container"},{"id":"42119107","settings":{"flex_direction":"column"},"elements":[{"id":"78e2c3a3","settings":{"title":"4. Try new things","header_size":"h3","__globals__":{"typography_typography":"globals\/typography?id=secondary"}},"elements":[],"isInner":false,"widgetType":"heading","elType":"widget"},{"id":"35dfb4d","settings":{"editor":"<p>A meal planning service helps you branch out and try recipes that you wouldn't have otherwise considered making on your own. Eating more diverse foods encourages using seasonal ingredients, buying from nearby farms, and meeting your family's nutritional requirements.<\/p><p><a href=\"https:\/\/emeals.com\/\" target=\"_blank\" rel=\"noopener noreferrer\">eMeals<\/a> meal planning app offers the advantage of allowing you to choose from 15 meal plans. This allows you to create dishes and flavors you may not have attempted to try otherwise. It can be helpful if you tend to rotate through the same few dishes every week. This is another perfect opportunity to get the whole family excited about dinner again!<\/p>"},"elements":[],"isInner":false,"widgetType":"text-editor","elType":"widget"}],"isInner":false,"elType":"container"},{"id":"52ab0374","settings":{"flex_direction":"column"},"elements":[{"id":"72740a73","settings":{"title":"5. Decrease Stress","header_size":"h3","__globals__":{"typography_typography":"globals\/typography?id=secondary"}},"elements":[],"isInner":false,"widgetType":"heading","elType":"widget"},{"id":"91acfe2","settings":{"editor":"<p>A meal planning service makes deciding what to have for dinner easier, reducing stress when dinner time arrives. This is especially helpful if you have a busy schedule or work multiple jobs. You'll have meals planned out in advance, so you'll never have to worry about what to make for dinner<\/p><p>Using a meal planning service makes planning weekly dinners a breeze, especially if you're juggling busy schedules! eMeals meal planning app lists 15 meal plans to choose from so your dietary needs can be met. Meal plans offer many advantages, so try our meal planning app. Find tasty recipes and meal plans that suit your family and make dinnertime enjoyable and worry-free!<\/p>"},"elements":[],"isInner":false,"widgetType":"text-editor","elType":"widget"},{"id":"779dc84a","settings":{"width":{"unit":"%","size":20,"sizes":[]},"align":"center","text":"Divider","__globals__":{"color":"globals\/colors?id=primary"},"gap":{"unit":"px","size":50,"sizes":[]}},"elements":[],"isInner":false,"widgetType":"divider","elType":"widget"}],"isInner":false,"elType":"container"},{"id":"5aaeceff","settings":{"content_width":{"unit":"px","size":1140,"sizes":[]},"background_background":"classic","border_border":"none","border_width":{"unit":"px","top":"0","right":"0","bottom":"0","left":"0","isLinked":true},"border_radius":{"unit":"px","top":"3","right":"3","bottom":"3","left":"3","isLinked":true},"padding":{"unit":"px","top":"25","right":"5","bottom":"25","left":"5","isLinked":false},"__globals__":{"border_color":"globals\/colors?id=42c0f4b","background_color":""},"border_color":"#99CA3C"},"elements":[{"id":"4d3428f","settings":{"_column_size":100,"_inline_size":null},"elements":[{"id":"7710df7c","settings":{"title":"Share with others","align":"center","title_color":"#99CA3C","_border_border":"none","__globals__":{"typography_typography":"globals\/typography?id=primary","title_color":"globals\/colors?id=primary"},"__dynamic__":[],"header_size":"h3"},"elements":[],"isInner":false,"widgetType":"heading","elType":"widget"},{"id":"6619caa8","elType":"widget","settings":{"share_buttons":[{"_id":"76eac17","__dynamic__":[]},{"button":"twitter","_id":"b65550b"},{"_id":"a87ef5c","button":"pinterest"},{"_id":"7e72c35","button":"email"}],"skin":"framed","shape":"rounded","alignment":"center","column_gap":{"unit":"px","size":2,"sizes":[]},"row_gap":{"unit":"px","size":5,"sizes":[]},"button_size":{"unit":"px","size":0.85,"sizes":[]},"icon_size":{"unit":"em","size":2.5,"sizes":[]},"button_height":{"unit":"em","size":4.6,"sizes":[]},"border_size":{"unit":"px","size":0,"sizes":[]},"color_source":"custom","primary_color":"#303C4B","secondary_color":"#FFFFFF","typography_typography":"custom","typography_font_size":{"unit":"px","size":11,"sizes":[]},"typography_font_size_mobile":{"unit":"px","size":20,"sizes":[]},"typography_font_weight":"600","typography_text_transform":"none","typography_letter_spacing":{"unit":"px","size":0,"sizes":[]},"typography_word_spacing":{"unit":"em","size":"","sizes":[]},"_transform_scale_popover_hover":"transform","_transform_scale_effect_hover":{"unit":"px","size":1,"sizes":[]},"_transform_transition_hover":{"unit":"px","size":2639,"sizes":[]},"motion_fx_transform_x_anchor_point":"center","motion_fx_transform_y_anchor_point":"center","__globals__":{"primary_color":"globals\/colors?id=secondary","secondary_color":"globals\/colors?id=b97fcda","typography_typography":"","primary_color_hover":"globals\/colors?id=42c0f4b","secondary_color_hover":"globals\/colors?id=b97fcda"},"typography_line_height":{"unit":"em","size":1.2,"sizes":[]},"__dynamic__":{"_element_id":"[elementor-tag id=\"abc8116\" name=\"shortcode\" settings=\"%7B%7D\"]","_css_classes":"[elementor-tag id=\"eb5dfdb\" name=\"shortcode\" settings=\"%7B%7D\"]","_attributes":"[elementor-tag id=\"6f571fb\" name=\"featured-image-data\" settings=\"%7B%22attachment_data%22%3A%22src%22%7D\"]"},"_border_border":"none"},"elements":[],"widgetType":"share-buttons"}],"isInner":false,"elType":"column"}],"isInner":false,"elType":"section"},{"id":"198e7a1","settings":[],"elements":[{"id":"29826488","settings":{"width":{"unit":"%","size":20,"sizes":[]},"align":"center","text":"Divider","__globals__":{"color":"globals\/colors?id=primary"},"gap":{"unit":"px","size":50,"sizes":[]}},"elements":[],"isInner":false,"widgetType":"divider","elType":"widget"}],"isInner":false,"elType":"container"},{"id":"eb5ead4","settings":{"flex_direction":"column"},"elements":[{"id":"36936bac","settings":{"title":"Find Your Favorite Meal Plan","align":"center","__globals__":{"typography_typography":"globals\/typography?id=secondary"},"_padding":{"unit":"px","top":"0","right":"0","bottom":"10","left":"0","isLinked":false}},"elements":[],"isInner":false,"widgetType":"heading","elType":"widget"},{"id":"453a1018","settings":{"placeholder":"Search...","button_text":"Search","size":{"unit":"px","size":42,"sizes":[]},"input_typography_typography":"custom","input_typography_font_size":{"unit":"px","size":14,"sizes":[]},"input_typography_font_size_mobile":{"unit":"px","size":20,"sizes":[]},"input_typography_font_weight":"600","input_typography_text_transform":"none","input_typography_text_decoration":"none","input_typography_line_height":{"unit":"em","size":1.4,"sizes":[]},"input_typography_letter_spacing":{"unit":"px","size":0.2,"sizes":[]},"input_text_color":"#4B4B4B","input_border_color":"#ABABAB","button_border_width":{"unit":"px","top":"1","right":"1","bottom":"1","left":"1","isLinked":true},"button_background_color":"#303C4B","__globals__":{"input_text_color":"globals\/colors?id=primary","input_typography_typography":"globals\/typography?id=accent","button_background_color":"globals\/colors?id=secondary","input_border_color":""}},"elements":[],"isInner":false,"widgetType":"search-form","elType":"widget"}],"isInner":false,"elType":"container"},{"id":"85c210b","settings":{"flex_direction":"column"},"elements":[{"id":"3613f82","settings":[],"elements":[],"isInner":false,"widgetType":"spacer","elType":"widget"}],"isInner":false,"elType":"container"},{"id":"1d60c62e","settings":{"flex_direction":"column","boxed_width":{"unit":"px","size":759,"sizes":[]},"background_background":"classic","__globals__":{"background_color":"globals\/colors?id=secondary"}},"elements":[{"id":"f478909","settings":{"space":{"unit":"px","size":42,"sizes":[]}},"elements":[],"isInner":false,"widgetType":"spacer","elType":"widget"},{"id":"5889540c","settings":{"title":"eMeals Reviews <br>","align":"center","typography_typography":"custom","typography_font_size":{"unit":"px","size":28,"sizes":[]},"typography_font_weight":"600","typography_text_transform":"none","typography_font_style":"normal","typography_text_decoration":"none","typography_line_height":{"unit":"em","size":1.2,"sizes":[]},"typography_letter_spacing":{"unit":"px","size":0,"sizes":[]},"__globals__":{"typography_typography":"","title_color":"globals\/colors?id=948b3b5"}},"elements":[],"isInner":false,"widgetType":"heading","elType":"widget"},{"id":"7c9857cd","settings":{"blockquote_skin":"quotation","blockquote_content":"Another thing I love about eMeals is you can choose from 15 different meal plans so if you are planning to start a new diet in January or even decide to eat more veggies, you can select that option on the eMeals app and see a bunch of recipes you can try. It helps me to have the meals planned in advance and takes the guesswork out of the age old question \"what's for dinner.","author_name":"Meghan","tweet_button":"","tweet_button_label":"Tweet","__globals__":{"author_text_color":"globals\/colors?id=948b3b5","content_text_color":"globals\/colors?id=948b3b5"}},"elements":[],"isInner":false,"widgetType":"blockquote","elType":"widget"},{"id":"2141af11","settings":{"text":"Divider","__globals__":{"color":"globals\/colors?id=948b3b5"}},"elements":[],"isInner":false,"widgetType":"divider","elType":"widget"},{"id":"4a78700b","settings":{"blockquote_skin":"quotation","blockquote_content":"I chose my meal plan, selected 7 recipes, and eMeals generated a shopping list for me and sent all of the ingredients to Walmart. I set my delivery time and VOILA, and all of my groceries for the recipes were delivered right to my doorstep. What a healthy, mindless #momhack!","author_name":"Danielle","tweet_button":"","tweet_button_label":"Tweet","__globals__":{"content_text_color":"globals\/colors?id=948b3b5","author_text_color":"globals\/colors?id=948b3b5"}},"elements":[],"isInner":false,"widgetType":"blockquote","elType":"widget"},{"id":"46740262","settings":{"text":"Divider","__globals__":{"color":"globals\/colors?id=948b3b5"}},"elements":[],"isInner":false,"widgetType":"divider","elType":"widget"},{"id":"7a87ba4e","settings":{"blockquote_skin":"quotation","blockquote_content":"I love that they have several meal categories, like easy and under 30 min, keto options, pasta dishes, Game Day, and Taco Tuesday ideas - all to keep things fresh and exciting. Using eMeals with Instacart makes things so easy and such a time-saver for someone like myself! What would take hours, now takes minutes to complete. Are you stuck in a \u201cwhat to make for dinner?","author_name":"Claudua","tweet_button":"","tweet_button_label":"Tweet","__globals__":{"content_text_color":"globals\/colors?id=948b3b5","author_text_color":"globals\/colors?id=948b3b5"}},"elements":[],"isInner":false,"widgetType":"blockquote","elType":"widget"},{"id":"3c13bce6","settings":{"space":{"unit":"px","size":97,"sizes":[]}},"elements":[],"isInner":false,"widgetType":"spacer","elType":"widget"}],"isInner":false,"elType":"container"},{"id":"6ad1914f","settings":{"flex_direction":"column"},"elements":[{"id":"3ed22a2d","settings":{"space":{"unit":"px","size":56,"sizes":[]}},"elements":[],"isInner":false,"widgetType":"spacer","elType":"widget"},{"id":"54af6832","settings":{"title":"Get the BEST meal planning app","align":"center","__globals__":{"typography_typography":"globals\/typography?id=secondary"}},"elements":[],"isInner":false,"widgetType":"heading","elType":"widget"},{"id":"490180ea","settings":{"space":{"unit":"px","size":10,"sizes":[]}},"elements":[],"isInner":false,"widgetType":"spacer","elType":"widget"}],"isInner":false,"elType":"container"},{"id":"2b44fe9b","settings":{"flex_direction":"column","width":{"unit":"%","size":40,"sizes":[]},"boxed_width":{"unit":"px","size":830,"sizes":[]},"flex_justify_content":"center","content_width":"full","boxed_width_mobile":{"unit":"px","size":669,"sizes":[]},"_flex_align_self":"flex-start"},"elements":[{"id":"2f5007d4","settings":[],"elements":[{"id":"48f4fd2","settings":{"image":{"url":"https:\/\/emeals.com\/meal-planning\/wp-content\/uploads\/2023\/05\/emeals_app.webp","id":1872,"size":"","alt":"Graphic of eMeals Best Meal Planning App","source":"library"},"title_text":"Our Easy-To-Use Meal Planner App","description_text":"Our meal prep app is an all-in-one meal planner that allows you to shop smarter with eMeals + Grocery partners. Pick your meals with a seamless shopping list; our partners will shop for your grocery order. You can choose pickup or delivery all in one app.","image_size":{"unit":"%","size":100,"sizes":[]},"link":{"url":"https:\/\/apps.apple.com\/us\/app\/emeals-meal-planning-grocery\/id575756462","is_external":"on","nofollow":"","custom_attributes":"title | eMeals meal planner app"}},"elements":[],"isInner":false,"widgetType":"image-box","elType":"widget"}],"isInner":false,"elType":"container"},{"id":"61e91448","settings":{"text":"Download The App ","link":{"url":"https:\/\/apps.apple.com\/us\/app\/emeals-meal-planning-grocery\/id575756462","is_external":"on","nofollow":"","custom_attributes":"title | eMeals meal planner app"},"align":"center","border_border":"none","__globals__":{"button_text_color":"globals\/colors?id=948b3b5","background_color":"globals\/colors?id=42c0f4b","button_background_hover_color":"globals\/colors?id=secondary","typography_typography":"globals\/typography?id=accent"}},"elements":[],"isInner":false,"widgetType":"button","elType":"widget"},{"id":"559b68d0","settings":{"space":{"unit":"px","size":10,"sizes":[]},"space_mobile":{"unit":"px","size":10,"sizes":[]}},"elements":[],"isInner":false,"widgetType":"spacer","elType":"widget"}],"isInner":false,"elType":"container"},{"id":"5fde1c52","settings":{"flex_direction":"column"},"elements":[{"id":"4cf25357","settings":{"space":{"unit":"px","size":56,"sizes":[]}},"elements":[],"isInner":false,"widgetType":"spacer","elType":"widget"},{"id":"2aca05b5","settings":{"space":{"unit":"px","size":47,"sizes":[]}},"elements":[],"isInner":false,"widgetType":"spacer","elType":"widget"},{"id":"6e14e87a","settings":{"title":"FREE Printable Meal Planner Template","align":"center","__globals__":{"typography_typography":"globals\/typography?id=secondary"}},"elements":[],"isInner":false,"widgetType":"heading","elType":"widget"}],"isInner":false,"elType":"container"},{"id":"183760c9","settings":{"flex_direction":"column","boxed_width":{"unit":"px","size":964,"sizes":[]},"flex_justify_content_mobile":"center","flex_align_items_mobile":"center"},"elements":[{"id":"695bb9af","settings":[],"elements":[{"id":"15e214ce","settings":{"image":{"url":"https:\/\/emeals.com\/meal-planning\/wp-content\/uploads\/2023\/01\/dinner-meal-planner-1.png","id":182,"size":"","alt":"graphic of free meal planner template from eMeals","source":"library"},"title_text":"NEW Printable Weekly Meal Plan Template","description_text":"Taking the time out of your weekly schedule to plan meals can be helpful yet time-consuming. With this custom meal plan template from eMeals meal plan service, you can set yourself up for success with this meal plan sheet! It comes in a convenient meal plan PDF for you to use as often as you need.\n\nThis weekly meal plan printable will help you plan dinners without hours of research or second-guessing what you will eat. Our dinner planner offers an organized table, making meal prep and dinnertime easier. \n\nPlanning delicious meals couldn\u2019t get any simpler.","image_size":{"unit":"%","size":100,"sizes":[]}},"elements":[],"isInner":false,"widgetType":"image-box","elType":"widget"},{"id":"431bdbb6","settings":{"text":"Download Meal Planning Template","link":{"url":"https:\/\/emeals.canto.com\/pdfviewer\/viewer\/viewer.html?share=share%2Calbum%2CNLM7E&column=document&id=ic3il55t015ot8m7gc45u0lu3h&suffix=pdf&print=1","is_external":"on","nofollow":"","custom_attributes":""},"align":"center","border_border":"none","__globals__":{"typography_typography":"","button_text_color":"globals\/colors?id=948b3b5","background_color":"globals\/colors?id=42c0f4b","button_background_hover_color":"globals\/colors?id=secondary"},"typography_typography":"custom","typography_font_size":{"unit":"px","size":16,"sizes":[]},"typography_font_size_mobile":{"unit":"px","size":16,"sizes":[]},"typography_font_weight":"600","typography_text_transform":"none","typography_text_decoration":"none","typography_line_height":{"unit":"em","size":1.4,"sizes":[]},"typography_letter_spacing":{"unit":"px","size":0.2,"sizes":[]},"button_text_color":"#FFFFFF","background_color":"#99CA3C","button_background_hover_color":"#303C4B","text_padding_mobile":{"unit":"px","top":"12","right":"6","bottom":"12","left":"6","isLinked":false},"_padding_mobile":{"unit":"px","top":"11","right":"0","bottom":"0","left":"0","isLinked":false}},"elements":[],"isInner":false,"widgetType":"button","elType":"widget"}],"isInner":false,"elType":"container"},{"id":"1bd20ad0","settings":{"space":{"unit":"px","size":10,"sizes":[]}},"elements":[],"isInner":false,"widgetType":"spacer","elType":"widget"}],"isInner":false,"elType":"container"},{"id":"78439d32","settings":{"flex_direction":"column"},"elements":[{"id":"424eba2","settings":{"width":{"unit":"%","size":20,"sizes":[]},"align":"center","text":"Divider","__globals__":{"color":"globals\/colors?id=primary"},"gap":{"unit":"px","size":50,"sizes":[]}},"elements":[],"isInner":false,"widgetType":"divider","elType":"widget"}],"isInner":false,"elType":"container"},{"id":"6e293e62","settings":{"flex_direction":"column"},"elements":[{"id":"13919f2b","settings":{"title":"eMeals Grocery Partners","align":"center","typography_typography":"custom","typography_font_size":{"unit":"px","size":28,"sizes":[]},"typography_font_weight":"700","typography_text_transform":"none","typography_font_style":"normal","typography_text_decoration":"none","typography_line_height":{"unit":"em","size":1.2,"sizes":[]},"typography_letter_spacing":{"unit":"px","size":0,"sizes":[]},"__globals__":{"typography_typography":""}},"elements":[],"isInner":false,"widgetType":"heading","elType":"widget"},{"id":"51e97ae0","settings":{"space":{"unit":"px","size":10,"sizes":[]}},"elements":[],"isInner":false,"widgetType":"spacer","elType":"widget"}],"isInner":false,"elType":"container"},{"id":"58f21c11","settings":{"flex_direction":"row","flex_justify_content":"center","flex_align_items":"center"},"elements":[{"id":"1f3e39f9","settings":[],"elements":[{"id":"3dd0e51d","settings":{"wp_gallery":[{"id":718,"url":"https:\/\/emeals.com\/meal-planning\/wp-content\/uploads\/2023\/03\/Albertsons-Logo-e1678137991925.webp"},{"id":717,"url":"https:\/\/emeals.com\/meal-planning\/wp-content\/uploads\/2023\/03\/amazon-fresh-e1678138000252.webp"},{"id":715,"url":"https:\/\/emeals.com\/meal-planning\/wp-content\/uploads\/2023\/03\/instacart-e1678138014853.webp"},{"id":714,"url":"https:\/\/emeals.com\/meal-planning\/wp-content\/uploads\/2023\/03\/publix-e1678138020510.webp"},{"id":713,"url":"https:\/\/emeals.com\/meal-planning\/wp-content\/uploads\/2023\/03\/shipt-e1678138025887.webp"},{"id":712,"url":"https:\/\/emeals.com\/meal-planning\/wp-content\/uploads\/2023\/03\/walmart-e1678138031683.webp"}],"gallery_columns":"6","gallery_link":"none","gallery_display_caption":"none"},"elements":[],"isInner":false,"widgetType":"image-gallery","elType":"widget"},{"id":"75fa00c3","settings":[],"elements":[],"isInner":false,"widgetType":"spacer","elType":"widget"}],"isInner":false,"elType":"container"}],"isInner":false,"elType":"container"},{"id":"ba71503","settings":{"content_position":"middle","background_background":"classic","margin":{"unit":"px","top":"","right":0,"bottom":"","left":0,"isLinked":true},"padding":{"unit":"px","top":"30","right":"0","bottom":"30","left":"0","isLinked":false},"padding_tablet":{"unit":"px","top":"30","right":"20","bottom":"30","left":"20","isLinked":false},"padding_mobile":{"unit":"px","top":"25","right":"20","bottom":"25","left":"20","isLinked":false},"html_tag":"footer","flex_direction":"column","flex_gap":{"size":50,"unit":"px"},"flex_gap_mobile":{"unit":"px","size":40,"sizes":[]},"_title":"Footer","flex_justify_content":"center","_flex_align_self":"center","__globals__":{"background_color":"globals\/colors?id=80fb6de"}},"elements":[{"id":"3db7deb2","settings":{"content_position":"middle","structure":"20","border_border":"dotted","border_width":{"unit":"px","top":"0","right":"0","bottom":"1","left":"0","isLinked":false},"border_color":"#9b9b9b","padding":{"unit":"px","top":"0","right":"0","bottom":"30","left":"0","isLinked":false},"flex_direction":"row","flex_align_items":"stretch","flex_gap":{"size":0,"unit":"px"},"content_width":"full"},"elements":[{"id":"4692bd8","settings":{"_column_size":50,"width":{"size":null,"unit":"%"},"width_mobile":{"size":30,"unit":"%"},"content_width":"full","flex_direction":"row","flex_justify_content":"center","flex_align_items":"center","padding":{"unit":"px","top":"0","right":"0","bottom":"0","left":"0","isLinked":true}},"elements":[{"id":"1e0ccf5f","settings":{"align_items":"left","animation_line":"drop-out","animation_text":"none","color_menu_item_hover":"#000000","pointer_color_menu_item_hover":"#00ce1b","menu_typography_typography":"custom","menu_typography_font_size":{"unit":"px","size":15},"pointer_width":{"unit":"px","size":1},"color_dropdown_item":"#000000","background_color_dropdown_item":"#eaeaea","color_dropdown_item_hover":"#00ce1b","background_color_dropdown_item_hover":"#ededed","dropdown_typography_typography":"custom","dropdown_typography_font_size":{"unit":"px","size":15},"toggle_color":"#000000","toggle_color_hover":"#00ce1b","toggle_size":{"unit":"px","size":30},"toggle_border_width":{"unit":"px","size":0},"toggle_border_radius":{"unit":"px","size":0},"pointer":"none","dropdown":"mobile","menu_typography_font_size_tablet":{"unit":"px","size":13},"menu_typography_font_weight":"500","padding_horizontal_menu_item":{"unit":"px","size":0},"menu_space_between":{"unit":"px","size":31},"toggle_align":"left","full_width":"stretch","text_align":"center","dropdown_top_distance_mobile":{"unit":"px","size":40},"toggle_background_color":"rgba(0,0,0,0)","menu":"footer-menu","menu_id":164},"elements":[],"isInner":false,"widgetType":"nav-menu","elType":"widget"}],"isInner":false,"elType":"container"}],"isInner":false,"elType":"container"},{"id":"52e60d88","settings":{"content_position":"middle","structure":"20","flex_direction":"row","flex_align_items":"center","flex_gap":{"size":0,"unit":"px"},"content_width":"full","flex_justify_content":"space-between","flex_gap_mobile":{"unit":"px","size":20,"sizes":[]},"padding":{"unit":"px","top":"0","right":"0","bottom":"0","left":"0","isLinked":true}},"elements":[{"id":"55e06c39","settings":{"_column_size":50,"width":{"size":null,"unit":"%"},"content_width":"full","flex_direction":"row","flex_direction_mobile":"column","flex_justify_content":"flex-start","flex_align_items":"center","padding":{"unit":"px","top":"0","right":"0","bottom":"0","left":"0","isLinked":true},"width_laptop":{"unit":"px","size":752},"_flex_size":"none","_element_width_laptop":"initial"},"elements":[{"id":"4390ad5e","settings":{"title":"Copyright 2002-2023, eMeals Inc. The eMeals name and logo is a trademark of eMeals Inc. All Rights Reserved","title_color":"#54595f","typography_typography":"custom","typography_font_size":{"unit":"px","size":13},"typography_font_weight":"300","align":"left","align_mobile":"center","typography_line_height_mobile":{"unit":"px","size":19},"header_size":"p"},"elements":[],"isInner":false,"widgetType":"heading","elType":"widget"}],"isInner":false,"elType":"container"},{"id":"49414c16","settings":{"_column_size":50,"width":{"size":null,"unit":"%"},"content_width":"full","flex_direction":"row-reverse","flex_direction_mobile":"column","flex_justify_content":"flex-start","flex_align_items":"center","padding":{"unit":"px","top":"0","right":"0","bottom":"0","left":"0","isLinked":true}},"elements":[{"id":"4dd253fa","settings":{"__dynamic__":{"image":"[elementor-tag id=\"\" name=\"site-logo\" settings=\"%7B%7D\"]"},"width":{"unit":"%","size":76,"sizes":[]}},"elements":[],"isInner":false,"widgetType":"theme-site-logo","elType":"widget"}],"isInner":false,"elType":"container"}],"isInner":false,"elType":"container"}],"isInner":false,"elType":"container"}],"settings":{"template":"default","padding":{"unit":"%","top":"","right":"","bottom":"","left":"","isLinked":"1"},"background_background":"classic","background_color":"#FFFFFF","__globals__":{"background_color":"globals\/colors?id=b97fcda"},"content_wrapper_html_tag":"header","hide_title":"yes","background_image":{"url":"https:\/\/emeals.com\/meal-planning\/wp-content\/uploads\/2023\/02\/fruit-and-vegatable-background-image.png","id":1042,"size":"","alt":"","source":"library"},"scroll_snap":"yes","scroll_snap_padding":{"unit":"px","size":31,"sizes":[]},"padding_tablet":{"unit":"%","top":"","right":"","bottom":"","left":"","isLinked":"1"},"padding_mobile":{"unit":"%","top":"","right":"","bottom":"","left":"","isLinked":"1"},"preview_type":"single\/page","preview_id":"","preview_search_term":""},"metadata":[]}