{"content":[{"id":"1441ed1a","settings":{"layout":"full_width","flex_gap":{"size":0,"unit":"px"},"min_height":{"unit":"px","size":100,"sizes":[]},"content_position":"middle","padding":{"unit":"%","top":"0","right":"8","bottom":"0","left":"8","isLinked":""},"background_background":"classic","background_motion_fx_opacity_range":{"unit":"%","size":"","sizes":{"start":"0","end":1}},"margin":{"unit":"%","top":"0","right":0,"bottom":"5","left":0,"isLinked":false},"z_index":"95","sticky":"top","__globals__":[],"padding_tablet":{"unit":"%","top":"0","right":"5","bottom":"0","left":"5","isLinked":""},"padding_mobile":{"unit":"%","top":"","right":"","bottom":"","left":"","isLinked":"1"},"background_motion_fx_range":"page","margin_mobile":{"unit":"%","top":"","right":0,"bottom":"","left":0,"isLinked":true},"_title":"Header","min_height_tablet":{"unit":"px","size":85,"sizes":[]},"structure":"30","margin_tablet":{"unit":"%","top":"","right":"","bottom":"","left":"","isLinked":true},"min_height_mobile":{"unit":"px","size":65,"sizes":[]},"flex_direction":"row","flex_align_items":"stretch","content_width":"full","background_color":"#FFFFFF","hide_mobile":"hidden-mobile","hide_laptop":"hidden-laptop","hide_tablet":"hidden-tablet"},"elements":[{"id":"67e2960c","settings":{"_column_size":33,"width":{"size":25,"unit":"%"},"width_tablet":{"size":15,"unit":"%"},"width_mobile":{"size":20,"unit":"%"},"content_width":"full","flex_direction":"column","flex_justify_content":"center","flex_gap":{"unit":"px","size":20,"sizes":[]},"padding":{"unit":"px","top":"0","right":"0","bottom":"0","left":"0","isLinked":false},"width_laptop":{"unit":"px","size":161.523},"_flex_size":"none","_element_width_laptop":"initial"},"elements":[{"id":"6c2bbddf","settings":{"__dynamic__":{"image":"[elementor-tag id=\"\" name=\"site-logo\" settings=\"%7B%7D\"]"},"width":{"unit":"%","size":100,"sizes":[]},"css_filters_brightness":{"unit":"px","size":0,"sizes":[]},"css_filters_saturate":{"unit":"px","size":0,"sizes":[]},"height":{"unit":"px","size":34,"sizes":[]},"object-fit":"contain","width_tablet":{"unit":"px","size":"","sizes":[]},"width_mobile":{"unit":"px","size":"","sizes":[]},"height_tablet":{"unit":"px","size":27,"sizes":[]},"height_mobile":{"unit":"px","size":20,"sizes":[]},"align":"left","image":{"id":1831,"url":"https:\/\/emeals.com\/meal-planning\/wp-content\/uploads\/2023\/05\/placeholder-4.png"},"text_color":"#324A6D","caption_typography_typography":"custom","caption_typography_font_family":"Poppins","caption_typography_font_size":{"unit":"px","size":16,"sizes":[]},"caption_typography_font_size_tablet":{"unit":"px","size":14,"sizes":[]},"caption_typography_font_weight":"300","caption_typography_text_transform":"none","caption_typography_font_style":"normal","caption_typography_text_decoration":"none","caption_typography_line_height":{"unit":"em","size":1.5,"sizes":[]},"caption_typography_letter_spacing":{"unit":"px","size":0,"sizes":[]},"caption_typography_word_spacing":{"unit":"em","size":0,"sizes":[]},"__globals__":[],"link_to":"custom","link":{"url":"https:\/\/emeals.com\/","is_external":"on","nofollow":"","custom_attributes":"title | emeals home page"},"_flex_align_self":"center"},"elements":[],"isInner":false,"widgetType":"theme-site-logo","elType":"widget"}],"isInner":false,"elType":"container"},{"id":"bc86f3a","settings":{"_column_size":33,"width":{"size":50,"unit":"%"},"width_tablet":{"size":85,"unit":"%"},"width_mobile":{"size":33,"unit":"%"},"margin":{"unit":"%","top":"","right":"","bottom":"","left":"","isLinked":true},"margin_tablet":{"unit":"%","top":"","right":"","bottom":"","left":"","isLinked":true},"margin_mobile":{"unit":"%","top":"","right":"","bottom":"","left":"","isLinked":true},"padding":{"unit":"%","top":"0","right":"0","bottom":"0","left":"0","isLinked":false},"padding_tablet":{"unit":"%","top":"","right":"","bottom":"","left":"","isLinked":true},"padding_mobile":{"unit":"%","top":"","right":"","bottom":"","left":"","isLinked":true},"content_width":"full","flex_direction":"row","flex_justify_content":"center","flex_align_items":"center","flex_gap":{"unit":"px","size":2,"sizes":[]},"width_laptop":{"unit":"px","size":510.648},"_flex_size":"none","_element_width_laptop":"initial","_flex_align_self_mobile":"center"},"elements":[{"id":"66a0b00f","settings":{"full_width":"stretch","pointer_width":{"unit":"px","size":1,"sizes":[]},"padding_horizontal_menu_item":{"unit":"px","size":"0","sizes":[]},"padding_vertical_menu_item":{"unit":"px","size":"5","sizes":[]},"menu_space_between":{"unit":"px","size":"30","sizes":[]},"__globals__":{"menu_typography_typography":"","color_menu_item":"globals\/colors?id=primary","color_menu_item_hover":"globals\/colors?id=42c0f4b"},"animation_text":"none","padding_vertical_dropdown_item_mobile":{"unit":"px","size":"14","sizes":[]},"dropdown_top_distance_mobile":{"unit":"px","size":"15","sizes":[]},"toggle_size_mobile":{"unit":"px","size":43,"sizes":[]},"color_menu_item_active":"#324A6D","color_dropdown_item":"#1C244B","background_color_dropdown_item":"#F3F5F8","background_color_dropdown_item_hover":"#F9FAFD","background_color_dropdown_item_active":"#F9FAFD","toggle_color":"#467FF7","toggle_background_color":"#02010100","align_items":"center","dropdown":"mobile","toggle_align":"right","menu_typography_typography":"custom","menu_typography_font_family":"Poppins","menu_typography_font_size":{"unit":"px","size":14,"sizes":[]},"menu_typography_font_weight":"600","menu_typography_text_transform":"capitalize","menu_typography_text_decoration":"none","menu_typography_line_height":{"unit":"em","size":1.1,"sizes":[]},"menu_typography_letter_spacing":{"unit":"px","size":0.3,"sizes":[]},"pointer_color_menu_item_hover":"#324A6D","pointer_color_menu_item_active":"#324A6D","nav_menu_divider_color":"#324A6D","dropdown_typography_typography":"custom","dropdown_typography_font_family":"Poppins","dropdown_typography_font_size":{"unit":"px","size":16,"sizes":[]},"dropdown_typography_font_size_tablet":{"unit":"px","size":14,"sizes":[]},"dropdown_typography_font_weight":"400","dropdown_typography_text_transform":"capitalize","dropdown_typography_font_style":"normal","dropdown_typography_text_decoration":"none","dropdown_typography_letter_spacing":{"unit":"px","size":0,"sizes":[]},"dropdown_typography_word_spacing":{"unit":"em","size":0,"sizes":[]},"dropdown_typography_line_height":{"unit":"em","size":1,"sizes":[]},"menu":"meal-planning-header","pointer":"text","menu_typography_font_size_mobile":{"unit":"px","size":22,"sizes":[]},"menu_id":9},"elements":[],"isInner":false,"widgetType":"nav-menu","elType":"widget"}],"isInner":false,"elType":"container"},{"id":"7a7e20ab","settings":{"_column_size":33,"width":{"size":25,"unit":"%"},"width_tablet":{"size":85,"unit":"%"},"width_mobile":{"size":68,"unit":"%"},"margin":{"unit":"%","top":"","right":"","bottom":"","left":"","isLinked":true},"margin_tablet":{"unit":"%","top":"","right":"","bottom":"","left":"","isLinked":true},"margin_mobile":{"unit":"%","top":"","right":"","bottom":"","left":"","isLinked":true},"padding":{"unit":"%","top":"0","right":"0","bottom":"0","left":"0","isLinked":false},"padding_tablet":{"unit":"%","top":"","right":"","bottom":"","left":"","isLinked":true},"padding_mobile":{"unit":"%","top":"","right":"","bottom":"","left":"","isLinked":true},"content_width":"full","flex_direction":"row","flex_justify_content":"flex-end","flex_align_items":"center","flex_gap":{"unit":"px","size":20,"sizes":[]},"hide_mobile":"hidden-mobile"},"elements":[{"id":"61af8178","settings":{"text":"Try FREE For 14 Days","align":"right","button_text_color":"#FFFFFF","border_border":"solid","border_width":{"unit":"px","top":"1","right":"1","bottom":"1","left":"1","isLinked":"1"},"border_radius":{"unit":"px","top":"8","right":"8","bottom":"8","left":"8","isLinked":"1"},"text_padding":{"unit":"px","top":"8","right":"14","bottom":"8","left":"14","isLinked":""},"__globals__":{"typography_typography":"","border_color":"globals\/colors?id=42c0f4b","background_color":"globals\/colors?id=42c0f4b","hover_color":"globals\/colors?id=948b3b5","button_background_hover_color":"globals\/colors?id=secondary","button_hover_border_color":"globals\/colors?id=secondary"},"text_padding_tablet":{"unit":"px","top":"14","right":"35","bottom":"14","left":"35","isLinked":false},"text_padding_mobile":{"unit":"px","top":"12","right":"25","bottom":"12","left":"25","isLinked":false},"link":{"url":"https:\/\/emeals.com\/account\/join_account.php?","is_external":"on","nofollow":"","custom_attributes":"title | try emeals free for 14 days"},"__dynamic__":[],"typography_typography":"custom","typography_font_size":{"unit":"px","size":14,"sizes":[]},"typography_font_weight":"600","typography_text_transform":"none","typography_text_decoration":"none","typography_line_height":{"unit":"em","size":1.4,"sizes":[]},"typography_letter_spacing":{"unit":"px","size":0.2,"sizes":[]},"_flex_size":"grow","typography_font_size_mobile":{"unit":"px","size":16,"sizes":[]}},"elements":[],"isInner":false,"widgetType":"button","elType":"widget"}],"isInner":false,"elType":"container"}],"isInner":false,"elType":"container"},{"id":"5001f345","settings":{"layout":"full_width","flex_gap":{"size":0,"unit":"px"},"min_height":{"unit":"px","size":100,"sizes":[]},"content_position":"middle","padding":{"unit":"%","top":"0","right":"8","bottom":"0","left":"8","isLinked":""},"background_background":"classic","background_motion_fx_opacity_range":{"unit":"%","size":"","sizes":{"start":"0","end":1}},"margin":{"unit":"%","top":"0","right":0,"bottom":"5","left":0,"isLinked":false},"z_index":"95","sticky":"top","__globals__":[],"padding_tablet":{"unit":"%","top":"0","right":"5","bottom":"0","left":"5","isLinked":""},"padding_mobile":{"unit":"%","top":"","right":"","bottom":"","left":"","isLinked":"1"},"background_motion_fx_range":"page","margin_mobile":{"unit":"%","top":"","right":0,"bottom":"","left":0,"isLinked":true},"_title":"Header","min_height_tablet":{"unit":"px","size":85,"sizes":[]},"structure":"30","margin_tablet":{"unit":"%","top":"","right":"","bottom":"","left":"","isLinked":true},"min_height_mobile":{"unit":"px","size":65,"sizes":[]},"flex_direction":"row","flex_align_items":"stretch","content_width":"full","background_color":"#FFFFFF","flex_direction_mobile":"column","hide_desktop":"hidden-desktop","_flex_align_self_tablet":"center"},"elements":[{"id":"f78d0a3","settings":{"_column_size":33,"width":{"size":25,"unit":"%"},"width_tablet":{"size":15,"unit":"%"},"width_mobile":{"size":50,"unit":"%"},"content_width":"full","flex_direction":"column","flex_justify_content":"center","flex_gap":{"unit":"px","size":20,"sizes":[]},"padding":{"unit":"px","top":"0","right":"0","bottom":"0","left":"0","isLinked":false},"width_laptop":{"unit":"px","size":161.523},"_flex_size":"none","_element_width_laptop":"initial","flex_align_items_mobile":"center","_flex_align_self_mobile":"center"},"elements":[{"id":"7db69314","settings":{"__dynamic__":{"image":"[elementor-tag id=\"\" name=\"site-logo\" settings=\"%7B%7D\"]"},"width":{"unit":"%","size":100,"sizes":[]},"css_filters_brightness":{"unit":"px","size":0,"sizes":[]},"css_filters_saturate":{"unit":"px","size":0,"sizes":[]},"height":{"unit":"px","size":34,"sizes":[]},"object-fit":"contain","width_tablet":{"unit":"px","size":"","sizes":[]},"width_mobile":{"unit":"px","size":130,"sizes":[]},"height_tablet":{"unit":"px","size":27,"sizes":[]},"height_mobile":{"unit":"px","size":41,"sizes":[]},"align":"left","image":{"id":1831,"url":"https:\/\/emeals.com\/meal-planning\/wp-content\/uploads\/2023\/05\/placeholder-4.png"},"text_color":"#324A6D","caption_typography_typography":"custom","caption_typography_font_family":"Poppins","caption_typography_font_size":{"unit":"px","size":16,"sizes":[]},"caption_typography_font_size_tablet":{"unit":"px","size":14,"sizes":[]},"caption_typography_font_weight":"300","caption_typography_text_transform":"none","caption_typography_font_style":"normal","caption_typography_text_decoration":"none","caption_typography_line_height":{"unit":"em","size":1.5,"sizes":[]},"caption_typography_letter_spacing":{"unit":"px","size":0,"sizes":[]},"caption_typography_word_spacing":{"unit":"em","size":0,"sizes":[]},"__globals__":[],"link_to":"custom","link":{"url":"https:\/\/emeals.com\/","is_external":"on","nofollow":"","custom_attributes":"title | emeals home page"},"_flex_align_self":"center"},"elements":[],"isInner":false,"widgetType":"theme-site-logo","elType":"widget"}],"isInner":false,"elType":"container"},{"id":"1c83826b","settings":{"_column_size":33,"width":{"size":50,"unit":"%"},"width_tablet":{"size":85,"unit":"%"},"width_mobile":{"size":50,"unit":"%"},"margin":{"unit":"%","top":"","right":"","bottom":"","left":"","isLinked":true},"margin_tablet":{"unit":"%","top":"","right":"","bottom":"","left":"","isLinked":true},"margin_mobile":{"unit":"%","top":"","right":"","bottom":"","left":"","isLinked":true},"padding":{"unit":"%","top":"0","right":"0","bottom":"0","left":"0","isLinked":false},"padding_tablet":{"unit":"%","top":"","right":"","bottom":"","left":"","isLinked":true},"padding_mobile":{"unit":"%","top":"","right":"","bottom":"","left":"","isLinked":true},"content_width":"full","flex_direction":"row","flex_justify_content":"center","flex_align_items":"center","flex_gap":{"unit":"px","size":2,"sizes":[]},"width_laptop":{"unit":"px","size":510.648},"_flex_size":"none","_element_width_laptop":"initial","_flex_align_self_mobile":"center"},"elements":[{"id":"53532ab7","settings":{"full_width":"stretch","pointer_width":{"unit":"px","size":1,"sizes":[]},"padding_horizontal_menu_item":{"unit":"px","size":"0","sizes":[]},"padding_vertical_menu_item":{"unit":"px","size":"5","sizes":[]},"menu_space_between":{"unit":"px","size":"30","sizes":[]},"__globals__":{"menu_typography_typography":"","color_menu_item":"globals\/colors?id=primary","color_menu_item_hover":"globals\/colors?id=42c0f4b"},"animation_text":"none","padding_vertical_dropdown_item_mobile":{"unit":"px","size":"14","sizes":[]},"dropdown_top_distance_mobile":{"unit":"px","size":"15","sizes":[]},"toggle_size_mobile":{"unit":"px","size":43,"sizes":[]},"color_menu_item_active":"#324A6D","color_dropdown_item":"#1C244B","background_color_dropdown_item":"#F3F5F8","background_color_dropdown_item_hover":"#F9FAFD","background_color_dropdown_item_active":"#F9FAFD","toggle_color":"#467FF7","toggle_background_color":"#02010100","align_items":"center","dropdown":"mobile","toggle_align":"right","menu_typography_typography":"custom","menu_typography_font_family":"Poppins","menu_typography_font_size":{"unit":"px","size":14,"sizes":[]},"menu_typography_font_weight":"600","menu_typography_text_transform":"capitalize","menu_typography_text_decoration":"none","menu_typography_line_height":{"unit":"em","size":1.1,"sizes":[]},"menu_typography_letter_spacing":{"unit":"px","size":0.3,"sizes":[]},"pointer_color_menu_item_hover":"#324A6D","pointer_color_menu_item_active":"#324A6D","nav_menu_divider_color":"#324A6D","dropdown_typography_typography":"custom","dropdown_typography_font_family":"Poppins","dropdown_typography_font_size":{"unit":"px","size":16,"sizes":[]},"dropdown_typography_font_size_tablet":{"unit":"px","size":14,"sizes":[]},"dropdown_typography_font_weight":"400","dropdown_typography_text_transform":"capitalize","dropdown_typography_font_style":"normal","dropdown_typography_text_decoration":"none","dropdown_typography_letter_spacing":{"unit":"px","size":0,"sizes":[]},"dropdown_typography_word_spacing":{"unit":"em","size":0,"sizes":[]},"dropdown_typography_line_height":{"unit":"em","size":1,"sizes":[]},"menu":"meal-planning-header","pointer":"text","menu_typography_font_size_mobile":{"unit":"px","size":22,"sizes":[]},"menu_id":9},"elements":[],"isInner":false,"widgetType":"nav-menu","elType":"widget"}],"isInner":false,"elType":"container"}],"isInner":false,"elType":"container"},{"id":"5976c0e","settings":{"flex_direction":"column","hide_desktop":"hidden-desktop","hide_laptop":"hidden-laptop","hide_tablet":"hidden-tablet","hide_mobile":"hidden-mobile"},"elements":[{"id":"7f413f75","settings":{"title":"8 Things To Consider Before You Start Counting Calories\n","header_size":"h1","align":"center"},"elements":[],"isInner":false,"widgetType":"heading","elType":"widget"}],"isInner":false,"elType":"container"},{"id":"6f92c09a","settings":{"flex_direction":"column"},"elements":[{"id":"7d04dcda","settings":{"image":{"url":"https:\/\/emeals.com\/meal-planning\/wp-content\/uploads\/2023\/03\/8-Things-To-Consider-Before-You-Start-Counting-Calories-emeals.webp","id":723,"size":"","alt":"blog post explaining to consider these 8 tips before you start calorie counting","source":"library"},"align":"center"},"elements":[],"isInner":false,"widgetType":"image","elType":"widget"}],"isInner":false,"elType":"container"},{"id":"c73da24","settings":{"flex_direction":"column"},"elements":[{"id":"6cda766d","settings":{"editor":"<p>If you have thought about counting calories, like many people have, it\u2019s essential to evaluate a few things to ensure safety and long-term mental and physical health.<\/p><p>Counting calories to improve fitness, lose weight, and stay healthy has been a standard diet approach to weight loss and even weight gain for decades. But did you know if done incorrectly, severe and long-term health consequences may arise. So, let\u2019s consider these 8 variables before adding and subtracting to your total caloric intake.<\/p>"},"elements":[],"isInner":false,"widgetType":"text-editor","elType":"widget"}],"isInner":false,"elType":"container"},{"id":"36eb92f3","settings":{"flex_direction":"row"},"elements":[{"id":"62106fe","settings":{"content_width":"full","width":{"unit":"%","size":18.693},"flex_justify_content":"center","_flex_size":"none","_element_width":"initial"},"elements":[{"id":"56513ad0","settings":{"title":"What Are Calories?","align":"center","_flex_align_self":"center","__globals__":{"typography_typography":"globals\/typography?id=secondary"}},"elements":[],"isInner":false,"widgetType":"heading","elType":"widget"}],"isInner":false,"elType":"container"},{"id":"2c275031","settings":[],"elements":[{"id":"445ffc58","settings":{"editor":"<p><a href=\"https:\/\/www.healthline.com\/nutrition\/calorie-deficit\" target=\"_blank\" rel=\"noopener noreferrer\">Calories<\/a>\u00a0are units of energy that can be measured. Whether you\u2019re sitting at work or working out at the gym, our bodies require calories or energy to function. People get calories from what they put in their bodies. According to\u00a0<a href=\"https:\/\/www.healthline.com\/nutrition\/does-calorie-counting-work#how-your-body-uses-calories\">Healthline<\/a>, \u201cIt begins with what you eat. Food and beverages are where your body gets the calories it needs to function.\u201d<\/p>"},"elements":[],"isInner":false,"widgetType":"text-editor","elType":"widget"}],"isInner":false,"elType":"container"}],"isInner":false,"elType":"container"},{"id":"278c4a22","settings":{"flex_direction":"column"},"elements":[{"id":"12dd711f","settings":{"content_width":"full","width":{"unit":"%","size":100},"flex_justify_content":"center","_flex_size":"none","_element_width":"initial"},"elements":[{"id":"3e2d475e","settings":{"title":"Where do you find calories?","align":"left","_flex_align_self":"flex-start","__globals__":{"typography_typography":"globals\/typography?id=secondary"}},"elements":[],"isInner":false,"widgetType":"heading","elType":"widget"},{"id":"11a0bfb8","settings":{"editor":"<p>What we eat provides fuel to help us feel awake, energized, and functional as we perform daily tasks.<\/p>","typography_typography":"custom","typography_font_family":"Poppins","typography_font_size":{"unit":"px","size":16,"sizes":[]},"typography_font_weight":"400","typography_text_transform":"none","typography_font_style":"normal","typography_text_decoration":"none","typography_line_height":{"unit":"em","size":1.6,"sizes":[]},"typography_letter_spacing":{"unit":"px","size":0.2,"sizes":[]},"__globals__":{"typography_typography":""}},"elements":[],"isInner":false,"widgetType":"text-editor","elType":"widget"}],"isInner":false,"elType":"container"},{"id":"67ba7db4","settings":[],"elements":[{"id":"367d7266","settings":{"title":"Calories come from these 3 types of nutrients found in food:","header_size":"h3","__globals__":{"typography_typography":""},"align":"left","typography_typography":"custom","typography_font_size":{"unit":"px","size":20,"sizes":[]},"typography_font_size_mobile":{"unit":"px","size":16,"sizes":[]},"typography_font_weight":"600","typography_text_transform":"none","typography_text_decoration":"none","typography_line_height":{"unit":"em","size":1.4,"sizes":[]},"typography_letter_spacing":{"unit":"px","size":0.2,"sizes":[]}},"elements":[],"isInner":false,"widgetType":"heading","elType":"widget"}],"isInner":false,"elType":"container"}],"isInner":false,"elType":"container"},{"id":"44712358","settings":{"flex_direction":"row","flex_gap":{"unit":"px","size":53,"sizes":[]}},"elements":[{"id":"8c5bb1b","settings":{"content_width":"full","width":{"unit":"%","size":33,"sizes":[]},"flex_direction":"row"},"elements":[{"id":"5452222c","settings":{"layout":"above","bg_image":{"url":"https:\/\/emeals.com\/meal-planning\/wp-content\/uploads\/2023\/02\/emeals-keto-meal-plan-image.webp","id":782,"size":"","alt":"keto recipe image from the keto meal plan from emeals","source":"library"},"title":"Fat","description":"","title_tag":"h4","button":"Click For Keto Meal Plan","link":{"url":"https:\/\/emeals.com\/meal-plans\/keto\/","is_external":"on","nofollow":"","custom_attributes":"title | eMeals best keto meal plan"},"min-height":{"unit":"px","size":100,"sizes":[]},"image_min_height":{"unit":"px","size":319,"sizes":[]},"title_typography_typography":"custom","title_typography_font_size":{"unit":"px","size":16,"sizes":[]},"title_typography_font_size_mobile":{"unit":"px","size":16,"sizes":[]},"title_typography_font_weight":"600","title_typography_text_transform":"none","title_typography_text_decoration":"none","title_typography_line_height":{"unit":"em","size":1.4,"sizes":[]},"title_typography_letter_spacing":{"unit":"px","size":0.2,"sizes":[]},"button_typography_typography":"custom","button_typography_font_size":{"unit":"px","size":12,"sizes":[]},"button_typography_font_size_mobile":{"unit":"px","size":16,"sizes":[]},"button_typography_font_weight":"600","button_typography_text_transform":"none","button_typography_text_decoration":"none","button_typography_line_height":{"unit":"em","size":1.4,"sizes":[]},"button_typography_letter_spacing":{"unit":"px","size":0.2,"sizes":[]},"transformation":"","_element_width":"initial","_element_custom_width":{"unit":"%","size":142.86},"_flex_size":"none","__globals__":{"title_typography_typography":"globals\/typography?id=accent","button_typography_typography":""}},"elements":[],"isInner":false,"widgetType":"call-to-action","elType":"widget"}],"isInner":false,"elType":"container"},{"id":"78589ac8","settings":{"content_width":"full","width":{"unit":"%","size":33},"flex_direction":"row","_flex_size":"none","_element_width":"initial"},"elements":[{"id":"6877fa8d","settings":{"layout":"above","bg_image":{"url":"https:\/\/emeals.com\/meal-planning\/wp-content\/uploads\/2023\/02\/emeals-slow-cooker-meal-plan-image.webp","id":780,"size":"","alt":"image of a recipe from the slow cooker meal plan from emeals","source":"library"},"title":"Protein","description":"","title_tag":"h4","button":"Click For Clean Eating Meal Plan","link":{"url":"https:\/\/emeals.com\/meal-plans\/clean-eating\/","is_external":"on","nofollow":"","custom_attributes":"title | eMeals best clean eating meal plan"},"min-height":{"unit":"px","size":100,"sizes":[]},"image_min_height":{"unit":"px","size":319,"sizes":[]},"title_typography_typography":"custom","title_typography_font_size":{"unit":"px","size":16,"sizes":[]},"title_typography_font_size_mobile":{"unit":"px","size":16,"sizes":[]},"title_typography_font_weight":"600","title_typography_text_transform":"none","title_typography_text_decoration":"none","title_typography_line_height":{"unit":"em","size":1.4,"sizes":[]},"title_typography_letter_spacing":{"unit":"px","size":0.2,"sizes":[]},"button_typography_typography":"custom","button_typography_font_size":{"unit":"px","size":12,"sizes":[]},"button_typography_font_size_mobile":{"unit":"px","size":16,"sizes":[]},"button_typography_font_weight":"600","button_typography_text_transform":"none","button_typography_text_decoration":"none","button_typography_line_height":{"unit":"em","size":1.4,"sizes":[]},"button_typography_letter_spacing":{"unit":"px","size":0.2,"sizes":[]},"transformation":"","__globals__":{"title_typography_typography":"globals\/typography?id=accent","button_typography_typography":""}},"elements":[],"isInner":false,"widgetType":"call-to-action","elType":"widget"}],"isInner":false,"elType":"container"},{"id":"51a45c5e","settings":{"content_width":"full","width":{"unit":"%","size":33,"sizes":[]},"flex_direction":"row"},"elements":[{"id":"55d1f174","settings":{"layout":"above","bg_image":{"url":"https:\/\/emeals.com\/meal-planning\/wp-content\/uploads\/2023\/02\/emeals-plant-based-meal-plan-image.webp","id":778,"size":"","alt":"image of plant based meal plan recipe from emeals","source":"library"},"title":"Carbohydrates","description":"","title_tag":"h4","button":"Click For Kid Friendly Meal Plan","link":{"url":"https:\/\/emeals.com\/meal-plans\/kid-friendly\/","is_external":"on","nofollow":"","custom_attributes":"title | eMeals best kid friendly meal plan"},"min-height":{"unit":"px","size":100,"sizes":[]},"image_min_height":{"unit":"px","size":319,"sizes":[]},"title_typography_typography":"custom","title_typography_font_size":{"unit":"px","size":16,"sizes":[]},"title_typography_font_size_mobile":{"unit":"px","size":16,"sizes":[]},"title_typography_font_weight":"600","title_typography_text_transform":"none","title_typography_text_decoration":"none","title_typography_line_height":{"unit":"em","size":1.4,"sizes":[]},"title_typography_letter_spacing":{"unit":"px","size":0.2,"sizes":[]},"button_typography_typography":"custom","button_typography_font_size":{"unit":"px","size":12,"sizes":[]},"button_typography_font_size_mobile":{"unit":"px","size":16,"sizes":[]},"button_typography_font_weight":"600","button_typography_text_transform":"none","button_typography_text_decoration":"none","button_typography_line_height":{"unit":"em","size":1.4,"sizes":[]},"button_typography_letter_spacing":{"unit":"px","size":0.2,"sizes":[]},"transformation":"","_element_width":"initial","_element_custom_width":{"unit":"%","size":144.709},"_flex_size":"none","__globals__":{"title_typography_typography":"globals\/typography?id=accent","button_typography_typography":""}},"elements":[],"isInner":false,"widgetType":"call-to-action","elType":"widget"}],"isInner":false,"elType":"container"}],"isInner":false,"elType":"container"},{"id":"436f4c83","settings":{"flex_direction":"column"},"elements":[{"id":"7f785a95","settings":{"content_width":"full","width":{"unit":"%","size":100},"flex_justify_content":"center","_flex_size":"none","_element_width":"initial"},"elements":[{"id":"ece24f2","settings":[],"elements":[{"id":"5b46a9c6","settings":{"editor":"<p>Some foods, like those high in fat, offer more calories per serving than foods like leafy green vegetables that are naturally low in fat.<\/p><p>If there is one thing to remember about calories, remember this; If the amount of the calories you consume is less than the calories you burn, you are in a caloric deficit. On the other hand, taking in more calories than you expend, or burn off, creates a caloric surplus, a common factor in weight gain.<\/p>","typography_typography":"custom","typography_font_family":"Poppins","typography_font_size":{"unit":"px","size":16,"sizes":[]},"typography_font_weight":"400","typography_text_transform":"none","typography_font_style":"normal","typography_text_decoration":"none","typography_line_height":{"unit":"em","size":1.6,"sizes":[]},"typography_letter_spacing":{"unit":"px","size":0.2,"sizes":[]},"__globals__":{"typography_typography":""}},"elements":[],"isInner":false,"widgetType":"text-editor","elType":"widget"}],"isInner":false,"elType":"container"},{"id":"204228ba","settings":{"title":"why do people count calories?","align":"left","_flex_align_self":"flex-start","__globals__":{"typography_typography":"globals\/typography?id=secondary"}},"elements":[],"isInner":false,"widgetType":"heading","elType":"widget"}],"isInner":false,"elType":"container"},{"id":"4f928ea0","settings":[],"elements":[{"id":"7be375f6","settings":{"editor":"<p>There are plenty of reasons individuals count calories. As\u00a0<a href=\"https:\/\/www.medicalnewstoday.com\/articles\/counting-calories#why-do-they-matter\">Medical News Today<\/a>\u00a0explains, \u201cBroadly speaking, doing so allows a person to measure how much energy they are consuming per day.\u201d From fitness competitors to health fanatics, people of all races, ages, and gender turn to calorie counting at some point in their life.<\/p>","typography_typography":"custom","typography_font_family":"Poppins","typography_font_size":{"unit":"px","size":16,"sizes":[]},"typography_font_weight":"400","typography_text_transform":"none","typography_font_style":"normal","typography_text_decoration":"none","typography_line_height":{"unit":"em","size":1.6,"sizes":[]},"typography_letter_spacing":{"unit":"px","size":0.2,"sizes":[]},"__globals__":{"typography_typography":""}},"elements":[],"isInner":false,"widgetType":"text-editor","elType":"widget"}],"isInner":false,"elType":"container"},{"id":"47102bbb","settings":{"boxed_width":{"unit":"px","size":1001,"sizes":[]},"content_width":"full","flex_justify_content":"center","flex_align_items":"center"},"elements":[{"id":"30ded3a","settings":{"title":"Some Common Reasons People Count Calories Are:","header_size":"h3","align":"left","typography_typography":"custom","typography_font_size":{"unit":"px","size":20,"sizes":[]},"typography_font_size_mobile":{"unit":"px","size":16,"sizes":[]},"typography_font_weight":"600","typography_text_transform":"none","typography_text_decoration":"none","typography_line_height":{"unit":"em","size":1.4,"sizes":[]},"typography_letter_spacing":{"unit":"px","size":0.2,"sizes":[]},"_flex_align_self":"flex-start","__globals__":{"typography_typography":""}},"elements":[],"isInner":false,"widgetType":"heading","elType":"widget"}],"isInner":false,"elType":"container"},{"id":"1524ddbd","settings":{"boxed_width":{"unit":"px","size":1001,"sizes":[]},"content_width":"full","flex_justify_content":"center","flex_align_items":"center"},"elements":[{"id":"6aca4661","settings":[],"elements":[{"id":"69fed938","settings":{"title":"1. To lose weight","header_size":"h4","align":"left","typography_typography":"custom","typography_font_family":"Poppins","typography_font_size":{"unit":"px","size":16,"sizes":[]},"typography_font_weight":"700","typography_text_transform":"none","typography_font_style":"normal","typography_text_decoration":"none","typography_line_height":{"unit":"em","size":1.6,"sizes":[]},"typography_letter_spacing":{"unit":"px","size":0.2,"sizes":[]},"_flex_align_self":"flex-start","__globals__":{"typography_typography":""}},"elements":[],"isInner":false,"widgetType":"heading","elType":"widget"},{"id":"62908edc","settings":{"editor":"<p>When you restrict the intake of calories but maintain your average activity level, you will likely begin to notice weight slowly decreasing. A good rule to follow when reducing caloric intake for weight loss is \u201cYou should be able to lose weight with a deficit of 500 calories a day without experiencing extreme hunger or fatigue.\u201d, according to <a href=\"https:\/\/www.healthline.com\/nutrition\/calorie-deficit\" target=\"_blank\" rel=\"noopener noreferrer\">Healthline<\/a>.<\/p>","typography_typography":"custom","typography_font_family":"Poppins","typography_font_size":{"unit":"px","size":16,"sizes":[]},"typography_font_weight":"400","typography_text_transform":"none","typography_font_style":"normal","typography_text_decoration":"none","typography_line_height":{"unit":"em","size":1.6,"sizes":[]},"typography_letter_spacing":{"unit":"px","size":0.2,"sizes":[]},"__globals__":{"typography_typography":""}},"elements":[],"isInner":false,"widgetType":"text-editor","elType":"widget"}],"isInner":false,"elType":"container"}],"isInner":false,"elType":"container"},{"id":"318325ee","settings":{"boxed_width":{"unit":"px","size":1001,"sizes":[]},"content_width":"full","flex_justify_content":"center","flex_align_items":"center"},"elements":[{"id":"3497d3b6","settings":[],"elements":[{"id":"3e0e83ca","settings":{"title":"3. To maintain weight","header_size":"h4","align":"left","typography_typography":"custom","typography_font_family":"Poppins","typography_font_size":{"unit":"px","size":16,"sizes":[]},"typography_font_weight":"700","typography_text_transform":"none","typography_font_style":"normal","typography_text_decoration":"none","typography_line_height":{"unit":"em","size":1.6,"sizes":[]},"typography_letter_spacing":{"unit":"px","size":0.2,"sizes":[]},"_flex_align_self":"flex-start","__globals__":{"typography_typography":""}},"elements":[],"isInner":false,"widgetType":"heading","elType":"widget"},{"id":"eb9617f","settings":{"editor":"<p>Your goal is to maintain a certain weight because you feel your best, mentally and physically, consuming 2,000 calories daily. Or you\u2019ve noticed that eating 2,500 calories daily provides extra energy for daily exercise.<\/p>","typography_typography":"custom","typography_font_family":"Poppins","typography_font_size":{"unit":"px","size":16,"sizes":[]},"typography_font_weight":"400","typography_text_transform":"none","typography_font_style":"normal","typography_text_decoration":"none","typography_line_height":{"unit":"em","size":1.6,"sizes":[]},"typography_letter_spacing":{"unit":"px","size":0.2,"sizes":[]},"__globals__":{"typography_typography":""},"_element_width":"initial","_element_custom_width":{"unit":"%","size":101.605},"_flex_size":"none"},"elements":[],"isInner":false,"widgetType":"text-editor","elType":"widget"}],"isInner":false,"elType":"container"}],"isInner":false,"elType":"container"},{"id":"4da4233c","settings":{"boxed_width":{"unit":"px","size":1001,"sizes":[]},"content_width":"full","flex_justify_content":"center","flex_align_items":"center"},"elements":[{"id":"48f376b2","settings":[],"elements":[{"id":"2f66b3d5","settings":{"title":"3. To gain weight","header_size":"h4","align":"left","typography_typography":"custom","typography_font_family":"Poppins","typography_font_size":{"unit":"px","size":16,"sizes":[]},"typography_font_weight":"700","typography_text_transform":"none","typography_font_style":"normal","typography_text_decoration":"none","typography_line_height":{"unit":"em","size":1.6,"sizes":[]},"typography_letter_spacing":{"unit":"px","size":0.2,"sizes":[]},"_flex_align_self":"flex-start","__globals__":{"typography_typography":""}},"elements":[],"isInner":false,"widgetType":"heading","elType":"widget"},{"id":"6d5fe132","settings":{"editor":"<p>Some individuals eat to gain weight, whether for sports, competition or to get bigger. Either way, to gain weight, one must consume more calories than they burn to see a weight increase.<\/p>","typography_typography":"custom","typography_font_family":"Poppins","typography_font_size":{"unit":"px","size":16,"sizes":[]},"typography_font_weight":"400","typography_text_transform":"none","typography_font_style":"normal","typography_text_decoration":"none","typography_line_height":{"unit":"em","size":1.6,"sizes":[]},"typography_letter_spacing":{"unit":"px","size":0.2,"sizes":[]},"__globals__":{"typography_typography":""},"_element_width":"initial","_element_custom_width":{"unit":"%","size":101.605},"_flex_size":"none"},"elements":[],"isInner":false,"widgetType":"text-editor","elType":"widget"}],"isInner":false,"elType":"container"}],"isInner":false,"elType":"container"}],"isInner":false,"elType":"container"},{"id":"30b8d270","settings":{"flex_direction":"column"},"elements":[{"id":"1e5d2ed6","settings":{"image":{"url":"https:\/\/emealsmealpstg.wpengine.com\/wp-content\/uploads\/2023\/02\/5-Things-You-Should-Do-While-Counting-Calories-For-Diet.png","id":"","size":"","alt":"5-Things-You-Should-Do-While-Counting-Calories-For-Diet","source":"url"},"image_size":"medium","align":"center","width":{"unit":"%","size":81,"sizes":[]}},"elements":[],"isInner":false,"widgetType":"image","elType":"widget"}],"isInner":false,"elType":"container"},{"id":"20e0dbeb","settings":{"flex_direction":"column"},"elements":[{"id":"3760258e","settings":{"content_width":"full"},"elements":[{"id":"6faf27f","settings":[],"elements":[],"isInner":false,"widgetType":"spacer","elType":"widget"},{"id":"7ca4fdaa","settings":{"title":"5 things to do when counting calories","align":"center","__globals__":{"typography_typography":"globals\/typography?id=secondary"}},"elements":[],"isInner":false,"widgetType":"heading","elType":"widget"}],"isInner":false,"elType":"container"},{"id":"7cdfd69e","settings":{"boxed_width":{"unit":"%","size":49,"sizes":[]},"boxed_width_laptop":{"unit":"%","size":"","sizes":[]},"boxed_width_tablet":{"unit":"%","size":"","sizes":[]},"boxed_width_mobile":{"unit":"%","size":"","sizes":[]},"content_width":"full"},"elements":[{"id":"4c53d27","settings":{"title":"1. Calculate Your Caloric Needs.","header_size":"h3","align":"left","__globals__":{"typography_typography":"globals\/typography?id=primary"}},"elements":[],"isInner":false,"widgetType":"heading","elType":"widget"},{"id":"5a929097","settings":{"editor":"<p>Before you start tallying, determine your daily calorie limit for weight loss. An online calorie calculator is the easiest way to determine this number. Look for one that factors in your age, gender, height, weight, and activity level to ensure you get an accurate estimate.<\/p>"},"elements":[],"isInner":false,"widgetType":"text-editor","elType":"widget"}],"isInner":false,"elType":"container"},{"id":"65dc6524","settings":{"boxed_width":{"unit":"%","size":49,"sizes":[]},"boxed_width_laptop":{"unit":"%","size":"","sizes":[]},"boxed_width_tablet":{"unit":"%","size":"","sizes":[]},"boxed_width_mobile":{"unit":"%","size":"","sizes":[]},"content_width":"full"},"elements":[{"id":"69efc646","settings":{"title":"2. focus on food quality","header_size":"h3","align":"left","__globals__":{"typography_typography":"globals\/typography?id=primary"}},"elements":[],"isInner":false,"widgetType":"heading","elType":"widget"},{"id":"4692fcdb","settings":{"editor":"<p>Unfortunately, not all calories are created equal. Take 100 calories from an apple-flavored fruit drink and 100 calories from an apple, for example. There\u2019s a big difference in how the nutrients in each food impact your desire to eat. One is highly processed and packed with added refined sugars that can cause hunger, while the other is natural and full of filling complex carbohydrates and fiber. To stay satisfied throughout the day (and get a host of health benefits), make whole foods rich in lean protein, healthy fats, and complex carbs the basis of your meals and snacks.<\/p>"},"elements":[],"isInner":false,"widgetType":"text-editor","elType":"widget"}],"isInner":false,"elType":"container"},{"id":"5eba7148","settings":{"boxed_width":{"unit":"%","size":49,"sizes":[]},"boxed_width_laptop":{"unit":"%","size":"","sizes":[]},"boxed_width_tablet":{"unit":"%","size":"","sizes":[]},"boxed_width_mobile":{"unit":"%","size":"","sizes":[]},"content_width":"full"},"elements":[{"id":"1a55f43","settings":{"title":"3. Find recipes with nutritional info","header_size":"h3","align":"left","__globals__":{"typography_typography":"globals\/typography?id=primary"}},"elements":[],"isInner":false,"widgetType":"heading","elType":"widget"},{"id":"56a8b80b","settings":{"editor":"<p>Take the guesswork out of determining how many calories are in your meals by following recipes that provide nutrient information. Turn to those that include serving-size amounts, and there will be no question about the number of calories in each portion.<\/p>"},"elements":[],"isInner":false,"widgetType":"text-editor","elType":"widget"}],"isInner":false,"elType":"container"},{"id":"59b30794","settings":{"boxed_width":{"unit":"%","size":49,"sizes":[]},"boxed_width_laptop":{"unit":"%","size":"","sizes":[]},"boxed_width_tablet":{"unit":"%","size":"","sizes":[]},"boxed_width_mobile":{"unit":"%","size":"","sizes":[]},"content_width":"full"},"elements":[{"id":"c8cd1a","settings":{"title":"4. measure and weight your food","header_size":"h3","align":"left","__globals__":{"typography_typography":"globals\/typography?id=primary"}},"elements":[],"isInner":false,"widgetType":"heading","elType":"widget"},{"id":"34673b1a","settings":{"editor":"<p>It\u2019s easy to underestimate portions when you eyeball them. To prevent overeating, use a food scale to weigh cooked meats and use measuring cups and spoons to determine the correct serving sizes of items like cut fruit, pasta, rice, salad dressing, and coffee creamer<\/p>"},"elements":[],"isInner":false,"widgetType":"text-editor","elType":"widget"}],"isInner":false,"elType":"container"},{"id":"2278d4b2","settings":{"boxed_width":{"unit":"%","size":49,"sizes":[]},"boxed_width_laptop":{"unit":"%","size":"","sizes":[]},"boxed_width_tablet":{"unit":"%","size":"","sizes":[]},"boxed_width_mobile":{"unit":"%","size":"","sizes":[]},"content_width":"full"},"elements":[{"id":"6812238e","settings":{"title":"5. use a tracking system","header_size":"h3","align":"left","__globals__":{"typography_typography":"globals\/typography?id=primary"}},"elements":[],"isInner":false,"widgetType":"heading","elType":"widget"},{"id":"6b6bd6af","settings":{"editor":"<p>Whether you write in a food journal or use a digital tracker, pick a calorie-tracking system that fits your lifestyle and goes everywhere you go. You\u2019re less likely to exceed your daily calorie limit if you record what you eat as you go about your day.<\/p>"},"elements":[],"isInner":false,"widgetType":"text-editor","elType":"widget"}],"isInner":false,"elType":"container"}],"isInner":false,"elType":"container"},{"id":"7cbbd3ca","settings":{"flex_direction":"column"},"elements":[{"id":"60d06f16","settings":{"content_width":"full"},"elements":[{"id":"554965af","settings":[],"elements":[],"isInner":false,"widgetType":"spacer","elType":"widget"},{"id":"4d098700","settings":{"title":"3 Things NOT to Do While Counting Calories","align":"center","__globals__":{"typography_typography":"globals\/typography?id=secondary"}},"elements":[],"isInner":false,"widgetType":"heading","elType":"widget"}],"isInner":false,"elType":"container"},{"id":"790e0795","settings":{"boxed_width":{"unit":"%","size":49,"sizes":[]},"boxed_width_laptop":{"unit":"%","size":"","sizes":[]},"boxed_width_tablet":{"unit":"%","size":"","sizes":[]},"boxed_width_mobile":{"unit":"%","size":"","sizes":[]},"content_width":"full"},"elements":[{"id":"76e69dd0","settings":{"title":"1. rely on memory","header_size":"h3","align":"left","__globals__":{"typography_typography":"globals\/typography?id=primary"}},"elements":[],"isInner":false,"widgetType":"heading","elType":"widget"},{"id":"607c848b","settings":{"editor":"<p>Recalling every sip and nibble you take after several hours is hard. If you don\u2019t log what you eat immediately, you\u2019ll likely forget something or record an incorrect amount. Get into the habit of logging foods as you eat them, so all your calories are accounted for accurately.<\/p>"},"elements":[],"isInner":false,"widgetType":"text-editor","elType":"widget"}],"isInner":false,"elType":"container"},{"id":"34692ce8","settings":{"boxed_width":{"unit":"%","size":49,"sizes":[]},"boxed_width_laptop":{"unit":"%","size":"","sizes":[]},"boxed_width_tablet":{"unit":"%","size":"","sizes":[]},"boxed_width_mobile":{"unit":"%","size":"","sizes":[]},"content_width":"full"},"elements":[{"id":"7269943a","settings":{"title":"2. skip meals to \"save\" calories","header_size":"h3","align":"left","__globals__":{"typography_typography":"globals\/typography?id=primary"}},"elements":[],"isInner":false,"widgetType":"heading","elType":"widget"},{"id":"26d9eb52","settings":{"editor":"<p>If you plan on eating a heavy dinner, don\u2019t pass on breakfast or lunch to bank calories. You\u2019re likelier to be \u201changry\u201d when the meal is served and blow your calorie reserve. Instead, ration calories by eating slightly smaller than typical meals earlier in the day and having a snack filled with fiber and protein about an hour before your feast. These tricks will reduce your temptation to overindulge and make the experience of counting calories much more tolerable.<\/p>"},"elements":[],"isInner":false,"widgetType":"text-editor","elType":"widget"}],"isInner":false,"elType":"container"},{"id":"7c22c415","settings":{"boxed_width":{"unit":"%","size":49,"sizes":[]},"boxed_width_laptop":{"unit":"%","size":"","sizes":[]},"boxed_width_tablet":{"unit":"%","size":"","sizes":[]},"boxed_width_mobile":{"unit":"%","size":"","sizes":[]},"content_width":"full"},"elements":[{"id":"7aa34950","settings":{"title":"3.give up if you lose focus","header_size":"h3","align":"left","__globals__":{"typography_typography":"globals\/typography?id=primary"}},"elements":[],"isInner":false,"widgetType":"heading","elType":"widget"},{"id":"4ffc5b40","settings":{"editor":"<p>We\u2019ve all been there. Eating too many hors d\u2019oeuvres at a party or failing to resist a slice of birthday cake at the office are common hiccups that often present themselves. Don\u2019t beat yourself up when situations like these arise. Remember that in the grand scheme of things, those extra calories probably won\u2019t sabotage the progress you made up until your blunder. So, don\u2019t look at a one-time mishap as a diet ender and use it as an excuse to gobble up a high-calorie fare. It\u2019s much easier to get back on track if you\u2019ve only splurged at one sitting or even for one whole day than if you continue the cycle for several days.<\/p>"},"elements":[],"isInner":false,"widgetType":"text-editor","elType":"widget"}],"isInner":false,"elType":"container"}],"isInner":false,"elType":"container"},{"id":"b906c81","settings":{"flex_direction":"column"},"elements":[{"id":"140bf396","settings":[],"elements":[],"isInner":false,"widgetType":"spacer","elType":"widget"}],"isInner":false,"elType":"container"},{"id":"39eca2b3","settings":{"flex_direction":"row","flex_gap":{"unit":"px","size":0},"flex_justify_content":"center","background_background":"classic","background_image":{"url":"https:\/\/emeals.com\/meal-planning\/wp-content\/uploads\/2023\/02\/fruit-and-vegatable-background-image.png","id":1042,"size":"","alt":"","source":"library"},"padding":{"unit":"px","top":"64","right":"34","bottom":"64","left":"34","isLinked":false},"__globals__":{"background_color":"globals\/colors?id=948b3b5"},"flex_align_items":"center"},"elements":[{"id":"3cc0f088","settings":{"flex_direction":"column","content_width":"full","width":{"unit":"%","size":33},"width_laptop":{"unit":"px","size":429.719},"flex_justify_content":"center","flex_align_items":"center","_flex_size":"none","_element_width_laptop":"initial"},"elements":[{"id":"1b6c852f","settings":{"title":"Get Your FREE 7 Day Keto Meal Plan PDF","align":"center","title_color":"#1C244B","typography_typography":"custom","typography_font_family":"Poppins","typography_font_size":{"unit":"px","size":40,"sizes":[]},"typography_font_size_tablet":{"unit":"px","size":45,"sizes":[]},"typography_font_size_mobile":{"unit":"px","size":28,"sizes":[]},"typography_font_weight":"600","typography_text_transform":"none","typography_font_style":"normal","typography_text_decoration":"none","typography_line_height":{"unit":"em","size":1.2,"sizes":[]},"typography_line_height_mobile":{"unit":"em","size":1.1,"sizes":[]},"typography_letter_spacing":{"unit":"px","size":0,"sizes":[]},"typography_word_spacing":{"unit":"em","size":0,"sizes":[]},"__globals__":[],"_element_width_laptop":"initial","_element_custom_width_laptop":{"unit":"px","size":686.875},"_flex_size":"none"},"elements":[],"isInner":false,"widgetType":"heading","elType":"widget"},{"id":"52fddd9","settings":{"editor":"<h3>(nutritional info included)<\/h3>","typography_typography":"custom","typography_font_size":{"unit":"px","size":14,"sizes":[]},"typography_font_size_mobile":{"unit":"px","size":16,"sizes":[]},"typography_font_weight":"600","typography_text_transform":"none","typography_text_decoration":"none","typography_line_height":{"unit":"em","size":1.4,"sizes":[]},"typography_letter_spacing":{"unit":"px","size":0.2,"sizes":[]},"__globals__":{"typography_typography":""}},"elements":[],"isInner":false,"widgetType":"text-editor","elType":"widget"},{"id":"39f50e63","settings":{"text":"Download Keto Plan PDF","link":{"url":"https:\/\/emeals.com\/meal-planning\/wp-content\/uploads\/2023\/04\/Keto.pdfestions-adam","is_external":"on","nofollow":"","custom_attributes":"title|FREE 7 day keto meal plan pdf"},"align":"center","border_border":"none","_margin":{"unit":"px","top":"15","right":"0","bottom":"15","left":"0","isLinked":false},"_element_width":"inherit","_flex_align_self":"center","__globals__":{"typography_typography":"globals\/typography?id=accent"}},"elements":[],"isInner":false,"widgetType":"button","elType":"widget"}],"isInner":false,"elType":"container"},{"id":"1dfcdf0c","settings":{"flex_direction":"column","content_width":"full","width":{"unit":"%","size":33},"width_laptop":{"unit":"px","size":325.141},"_flex_size":"none","_element_width_laptop":"initial"},"elements":[{"id":"20f50040","settings":{"image":{"url":"https:\/\/emeals.com\/meal-planning\/wp-content\/uploads\/2023\/04\/eMeals-7-day-keto-meal-plan-PDF-copy.jpg","id":1597,"size":"","alt":"graphic of 7 day keto meal plan PDF FREE","source":"library"},"align":"center","width":{"unit":"%","size":100,"sizes":[]},"image_box_shadow_box_shadow_type":"yes","image_box_shadow_box_shadow":{"horizontal":-1,"vertical":3,"blur":8,"spread":1,"color":"rgba(0,0,0,0.5)"},"_element_width_laptop":"initial","_element_custom_width_laptop":{"unit":"px","size":608.969},"_flex_size":"none"},"elements":[],"isInner":false,"widgetType":"image","elType":"widget"}],"isInner":false,"elType":"container"},{"id":"1f3d1b7f","settings":{"flex_direction":"column","content_width":"full","width":{"unit":"%","size":33}},"elements":[{"id":"7ecd547","settings":{"image":{"url":"https:\/\/emeals.com\/meal-planning\/wp-content\/uploads\/2023\/05\/Screenshot-2023-05-15-at-7.41.52-AM.webp","id":1871,"size":"","alt":"graphic of 7 day keto meal plan pdf page 1","source":"library"},"align":"center","width":{"unit":"%","size":100,"sizes":[]},"image_box_shadow_box_shadow_type":"yes","image_box_shadow_box_shadow":{"horizontal":-1,"vertical":3,"blur":8,"spread":1,"color":"rgba(0,0,0,0.5)"},"_element_width_laptop":"initial","_element_custom_width_laptop":{"unit":"px","size":608.969},"_flex_size":"none"},"elements":[],"isInner":false,"widgetType":"image","elType":"widget"}],"isInner":false,"elType":"container"}],"isInner":false,"elType":"container"},{"id":"3e32bbb5","settings":{"flex_direction":"column"},"elements":[{"id":"37c1cfb6","settings":{"space":{"unit":"px","size":85,"sizes":[]}},"elements":[],"isInner":false,"widgetType":"spacer","elType":"widget"}],"isInner":false,"elType":"container"},{"id":"7083a3cb","settings":{"flex_direction":"column"},"elements":[{"id":"60f395b2","settings":{"title":"eMeals Customer Reviews","align":"center","title_color":"#222222","_margin":{"unit":"%","top":"","right":"","bottom":"","left":"","isLinked":true},"_margin_tablet":{"unit":"%","top":"","right":"","bottom":"","left":"","isLinked":"1"},"_margin_mobile":{"unit":"%","top":"4","right":"0","bottom":"0","left":"0","isLinked":false},"_padding":{"unit":"%","top":"","right":"","bottom":"","left":"","isLinked":"1"},"_padding_tablet":{"unit":"%","top":"","right":"","bottom":"","left":"","isLinked":"1"},"_padding_mobile":{"unit":"%","top":"","right":"","bottom":"","left":"","isLinked":"1"},"__globals__":{"typography_typography":"globals\/typography?id=secondary"}},"elements":[],"isInner":false,"widgetType":"heading","elType":"widget"}],"isInner":false,"elType":"container"},{"id":"7d02dd73","settings":{"layout":"full_width","flex_gap":{"size":65,"unit":"px"},"min_height":{"unit":"vh","size":"","sizes":[]},"background_background":"classic","padding":{"unit":"%","top":"2","right":"2","bottom":"2","left":"2","isLinked":true},"padding_tablet":{"unit":"%","top":"10","right":"2","bottom":"10","left":"2","isLinked":""},"padding_mobile":{"unit":"%","top":"20","right":"5","bottom":"20","left":"5","isLinked":""},"_title":"Team","flex_direction":"row","min_height_tablet":{"unit":"vh","size":"","sizes":[]},"min_height_mobile":{"unit":"vh","size":"","sizes":[]},"flex_justify_content":"center","__globals__":{"background_color":"globals\/colors?id=b97fcda"}},"elements":[{"id":"644cf5e0","settings":{"boxed_width":{"unit":"px","size":650,"sizes":[]},"flex_direction":"column","flex_gap":{"unit":"px","size":10,"sizes":[]},"padding":{"unit":"px","top":"0","right":"0","bottom":"0","left":"0","isLinked":true}},"elements":[{"id":"7a24ebcc","settings":{"testimonial_content":"\"We love e-meals! The majority of the recipes are huge hits with our family. The ease of creating a list and ordering groceries to be delivered is what makes this a huge time saver. We have saved money on our groceries by being able to meal plan! I was skeptical at first- but now I recommend to everyone I know!\"","testimonial_image":{"url":"https:\/\/emeals.com\/meal-planning\/wp-content\/uploads\/2023\/01\/influencer-image-1.jpeg","id":436,"size":"","alt":"","source":"library"},"testimonial_name":"Kate","testimonial_job":"eMeals Customer","__dynamic__":[],"__globals__":{"content_typography_typography":"globals\/typography?id=text","name_typography_typography":"globals\/typography?id=accent"}},"elements":[],"isInner":false,"widgetType":"testimonial","elType":"widget"}],"isInner":false,"elType":"container"},{"id":"62dd4134","settings":{"boxed_width":{"unit":"px","size":650,"sizes":[]},"flex_direction":"column","flex_gap":{"unit":"px","size":10,"sizes":[]},"padding":{"unit":"px","top":"0","right":"0","bottom":"0","left":"0","isLinked":true}},"elements":[{"id":"c3a4723","settings":{"testimonial_content":"\"As a working mom, eMeals saves me time each weekend. Because it is linked with the Walmart app, I can easily add what I need to my cart. EMeals has been a game changer for me!!\"","testimonial_image":{"url":"https:\/\/emeals.com\/meal-planning\/wp-content\/uploads\/2023\/01\/323073470_687971473041740_3083981506158491857_n.jpg","id":405,"size":"","alt":"","source":"library"},"testimonial_name":"Lindsay","testimonial_job":"eMeals Customer","__dynamic__":[],"__globals__":{"content_typography_typography":"globals\/typography?id=text","name_typography_typography":"globals\/typography?id=accent"}},"elements":[],"isInner":false,"widgetType":"testimonial","elType":"widget"}],"isInner":false,"elType":"container"},{"id":"4761327a","settings":{"boxed_width":{"unit":"px","size":650,"sizes":[]},"flex_direction":"column","flex_gap":{"unit":"px","size":10,"sizes":[]},"padding":{"unit":"px","top":"0","right":"0","bottom":"0","left":"0","isLinked":true}},"elements":[{"id":"594bc5a","settings":{"testimonial_content":"\"In a life of caring for six kids (26 to 8 years old) there is little time for meal planing and shopping. eMeals keeps us on track with easy healthy recipes any kid can follow! We eat healthy and at home because of this amazing service. Worth every penny!\"","testimonial_image":{"url":"https:\/\/emeals.com\/meal-planning\/wp-content\/uploads\/2023\/02\/influencer-quote-2.jpeg","id":596,"size":"","alt":"","source":"library"},"testimonial_name":"Jana","testimonial_job":"eMeals Customer","__dynamic__":[],"__globals__":{"content_typography_typography":"globals\/typography?id=text","name_typography_typography":"globals\/typography?id=accent"}},"elements":[],"isInner":false,"widgetType":"testimonial","elType":"widget"}],"isInner":false,"elType":"container"}],"isInner":false,"elType":"container"},{"id":"9234855","settings":{"content_position":"middle","background_background":"classic","margin":{"unit":"px","top":"","right":0,"bottom":"","left":0,"isLinked":true},"padding":{"unit":"px","top":"30","right":"0","bottom":"30","left":"0","isLinked":false},"padding_tablet":{"unit":"px","top":"30","right":"20","bottom":"30","left":"20","isLinked":false},"padding_mobile":{"unit":"px","top":"25","right":"20","bottom":"25","left":"20","isLinked":false},"html_tag":"footer","flex_direction":"column","flex_gap":{"size":50,"unit":"px"},"flex_gap_mobile":{"unit":"px","size":40,"sizes":[]},"_title":"Footer","flex_justify_content":"center","_flex_align_self":"center","__globals__":{"background_color":"globals\/colors?id=80fb6de"}},"elements":[{"id":"3c209c2e","settings":{"content_position":"middle","structure":"20","border_border":"dotted","border_width":{"unit":"px","top":"0","right":"0","bottom":"1","left":"0","isLinked":false},"border_color":"#9b9b9b","padding":{"unit":"px","top":"0","right":"0","bottom":"30","left":"0","isLinked":false},"flex_direction":"row","flex_align_items":"stretch","flex_gap":{"size":0,"unit":"px"},"content_width":"full"},"elements":[{"id":"52af8f92","settings":{"_column_size":50,"width":{"size":null,"unit":"%"},"width_mobile":{"size":30,"unit":"%"},"content_width":"full","flex_direction":"row","flex_justify_content":"center","flex_align_items":"center","padding":{"unit":"px","top":"0","right":"0","bottom":"0","left":"0","isLinked":true}},"elements":[{"id":"29d934d7","settings":{"align_items":"left","animation_line":"drop-out","animation_text":"none","color_menu_item_hover":"#000000","pointer_color_menu_item_hover":"#00ce1b","menu_typography_typography":"custom","menu_typography_font_size":{"unit":"px","size":15},"pointer_width":{"unit":"px","size":1},"color_dropdown_item":"#000000","background_color_dropdown_item":"#eaeaea","color_dropdown_item_hover":"#00ce1b","background_color_dropdown_item_hover":"#ededed","dropdown_typography_typography":"custom","dropdown_typography_font_size":{"unit":"px","size":15},"toggle_color":"#000000","toggle_color_hover":"#00ce1b","toggle_size":{"unit":"px","size":30},"toggle_border_width":{"unit":"px","size":0},"toggle_border_radius":{"unit":"px","size":0},"pointer":"none","dropdown":"mobile","menu_typography_font_size_tablet":{"unit":"px","size":13},"menu_typography_font_weight":"500","padding_horizontal_menu_item":{"unit":"px","size":0},"menu_space_between":{"unit":"px","size":31},"toggle_align":"left","full_width":"stretch","text_align":"center","dropdown_top_distance_mobile":{"unit":"px","size":40},"toggle_background_color":"rgba(0,0,0,0)","menu":"footer-menu","menu_id":164},"elements":[],"isInner":false,"widgetType":"nav-menu","elType":"widget"}],"isInner":false,"elType":"container"}],"isInner":false,"elType":"container"},{"id":"7c3653f0","settings":{"content_position":"middle","structure":"20","flex_direction":"row","flex_align_items":"center","flex_gap":{"size":0,"unit":"px"},"content_width":"full","flex_justify_content":"space-between","flex_gap_mobile":{"unit":"px","size":20,"sizes":[]},"padding":{"unit":"px","top":"0","right":"0","bottom":"0","left":"0","isLinked":true}},"elements":[{"id":"2e144c4f","settings":{"_column_size":50,"width":{"size":null,"unit":"%"},"content_width":"full","flex_direction":"row","flex_direction_mobile":"column","flex_justify_content":"flex-start","flex_align_items":"center","padding":{"unit":"px","top":"0","right":"0","bottom":"0","left":"0","isLinked":true},"width_laptop":{"unit":"px","size":752},"_flex_size":"none","_element_width_laptop":"initial"},"elements":[{"id":"70fa75d6","settings":{"title":"Copyright 2002-2023, eMeals Inc. The eMeals name and logo is a trademark of eMeals Inc. All Rights Reserved","title_color":"#54595f","typography_typography":"custom","typography_font_size":{"unit":"px","size":13},"typography_font_weight":"300","align":"left","align_mobile":"center","typography_line_height_mobile":{"unit":"px","size":19},"header_size":"p"},"elements":[],"isInner":false,"widgetType":"heading","elType":"widget"}],"isInner":false,"elType":"container"},{"id":"439d9149","settings":{"_column_size":50,"width":{"size":null,"unit":"%"},"content_width":"full","flex_direction":"row-reverse","flex_direction_mobile":"column","flex_justify_content":"flex-start","flex_align_items":"center","padding":{"unit":"px","top":"0","right":"0","bottom":"0","left":"0","isLinked":true}},"elements":[{"id":"7cf963f0","settings":{"__dynamic__":{"image":"[elementor-tag id=\"\" name=\"site-logo\" settings=\"%7B%7D\"]"},"width":{"unit":"%","size":76,"sizes":[]}},"elements":[],"isInner":false,"widgetType":"theme-site-logo","elType":"widget"}],"isInner":false,"elType":"container"}],"isInner":false,"elType":"container"}],"isInner":false,"elType":"container"}],"settings":{"template":"default","background_background":"classic","background_color":"#FFFFFF","content_wrapper_html_tag":"main"},"metadata":[]}