{"content":[{"id":"ce1fea1","settings":[],"elements":[{"id":"2feda1cd","settings":{"template_id":"1830"},"elements":[],"isInner":false,"widgetType":"template","elType":"widget"}],"isInner":false,"elType":"container"},{"id":"53e5dd81","settings":{"flex_direction":"column"},"elements":[{"id":"45bc2a3d","settings":[],"elements":[{"id":"1be017d5","settings":{"title":"3 ways you will save money using a meal planning service","header_size":"h1","align":"center","hide_desktop":"hidden-desktop","hide_laptop":"hidden-laptop","hide_tablet":"hidden-tablet","hide_mobile":"hidden-mobile"},"elements":[],"isInner":false,"widgetType":"heading","elType":"widget"}],"isInner":false,"elType":"container"}],"isInner":false,"elType":"container"},{"id":"23d58926","settings":{"flex_direction":"column"},"elements":[{"id":"62308712","settings":{"image":{"url":"https:\/\/emeals.com\/meal-planning\/wp-content\/uploads\/2023\/03\/3-ways-you-will-save-money-using-a-meal-planning-service-eMeals.webp","id":724,"size":"","alt":"blog graphic showing 3 ways that meal planning services can help you save money on groceries","source":"library"}},"elements":[],"isInner":false,"widgetType":"image","elType":"widget"}],"isInner":false,"elType":"container"},{"id":"2e707d95","settings":{"flex_direction":"column"},"elements":[{"id":"24384c7","settings":[],"elements":[{"id":"206f0eeb","settings":{"editor":"<p>If you're looking for ways to save money on groceries, you should consider using a <a href=\"https:\/\/emeals.com\/grocery-delivery-pickup\/\" target=\"_blank\" rel=\"noopener noreferrer\">meal planning service<\/a> like eMeals. These services can help you plan your weekly meals, saving time and money.<\/p>","__globals__":{"typography_typography":""}},"elements":[],"isInner":false,"widgetType":"text-editor","elType":"widget"}],"isInner":false,"elType":"container"},{"id":"100c456c","settings":[],"elements":[{"id":"18b2b00b","settings":{"title":"Here are three ways that meal planning services can help you save money on groceries:\u00a0\u00a0","align":"center","__globals__":{"typography_typography":"globals\/typography?id=secondary"}},"elements":[],"isInner":false,"widgetType":"heading","elType":"widget"}],"isInner":false,"elType":"container"}],"isInner":false,"elType":"container"},{"id":"451093cf","settings":{"flex_direction":"column","flex_justify_content":"flex-start"},"elements":[{"id":"3f75d2a","settings":{"content_width":"full","width":{"unit":"%","size":95},"_flex_size":"none","_element_width":"initial"},"elements":[{"id":"71f5d14f","settings":{"title":"1. It's easier to stick to your grocery budget","align":"left","__globals__":{"typography_typography":"globals\/typography?id=secondary"}},"elements":[],"isInner":false,"widgetType":"heading","elType":"widget"}],"isInner":false,"elType":"container"}],"isInner":false,"elType":"container"},{"id":"348cd352","settings":{"flex_direction":"row","flex_align_items":"center"},"elements":[{"id":"1e88201c","settings":{"width":{"unit":"%","size":100,"sizes":[]},"boxed_width":{"unit":"%","size":100,"sizes":[]},"boxed_width_laptop":{"unit":"%","size":"","sizes":[]},"boxed_width_tablet":{"unit":"%","size":"","sizes":[]},"boxed_width_mobile":{"unit":"%","size":"","sizes":[]}},"elements":[{"id":"219c46ee","settings":{"editor":"<p>If you are apt to impulse shopping, a meal planning service will help <strong>reduce the amount of money <\/strong>you spend on groceries. In\u202f<a href=\"https:\/\/www.realsimple.com\/food-recipes\/shopping-storing\/food\/grocery-store-layout\" target=\"_blank\" rel=\"noopener noreferrer\"><em>How Your Grocery Store's Layout is Costing You Money<\/em><\/a>, consumer expert Paco Underhill explains, \"Two-thirds of what we buy in the supermarket we had no intention of buying.\" Making impulse food item purchases and navigating the tricky grocery store layouts designed to entice buyers will significantly decrease since most meal planning services shop for you.<\/p><p>Using a meal planning app, like the one from eMeals, also gives you control over your grocery budget for the week. Planning your meals around what you can afford will help you stay on track with your spending and keep up with the money you saved each month. What's even more convenient is that eMeals has a budget-friendly meal plan that makes smart use of ingredients to maximize your budget and keep your grocery bill to $95 a week!<\/p>","__globals__":{"typography_typography":""}},"elements":[],"isInner":false,"widgetType":"text-editor","elType":"widget"}],"isInner":false,"elType":"container"},{"id":"79ff0e61","settings":{"content_width":"full"},"elements":[{"id":"62dc5b44","settings":{"image":{"url":"https:\/\/emeals.com\/meal-planning\/wp-content\/uploads\/2023\/02\/eMeals-East-Skillet-Beef-Tacos-Recipe-scaled-e1679665296426.webp","id":1061,"size":"","alt":"image of beef skillet taco recipe from emeals","source":"library"},"align":"center","width":{"unit":"%","size":100,"sizes":[]}},"elements":[],"isInner":false,"widgetType":"image","elType":"widget"}],"isInner":false,"elType":"container"}],"isInner":false,"elType":"container"},{"id":"4e58260a","settings":{"flex_direction":"column","flex_justify_content":"flex-start"},"elements":[{"id":"103c3ae5","settings":{"content_width":"full","width":{"unit":"%","size":95},"_flex_size":"none","_element_width":"initial"},"elements":[{"id":"5921d660","settings":{"title":"2. You\u2019ll save money on eating out.","align":"left","__globals__":{"typography_typography":"globals\/typography?id=secondary"}},"elements":[],"isInner":false,"widgetType":"heading","elType":"widget"}],"isInner":false,"elType":"container"}],"isInner":false,"elType":"container"},{"id":"611d74d9","settings":{"flex_direction":"row","flex_align_items":"center"},"elements":[{"id":"6de22c53","settings":{"width":{"unit":"%","size":100,"sizes":[]},"boxed_width":{"unit":"%","size":100,"sizes":[]},"boxed_width_laptop":{"unit":"%","size":"","sizes":[]},"boxed_width_tablet":{"unit":"%","size":"","sizes":[]},"boxed_width_mobile":{"unit":"%","size":"","sizes":[]}},"elements":[{"id":"593646e9","settings":{"editor":"<p>Using a meal planning service can save you money overall if you want to stay on a budget. Studies show that <strong>ordering food from a restaurant is more expensive <\/strong>than cooking homemade meals. And restaurant food is not typically healthy. Planning meals in advance can lead to significant savings over time, especially if you eat out several times per week.<\/p><p>An article in Forbes <a href=\"https:\/\/www.forbes.com\/sites\/priceonomics\/2018\/07\/10\/heres-how-much-money-do-you-save-by-cooking-at-home\/?sh=4f66fe1a35e5\" target=\"_blank\" rel=\"noopener noreferrer\"><em>Here\u2019s How Much Money You Can Save By Cooking <\/em><\/a><em>At Home <\/em>explains that \u201c...it is almost five times more expensive to order delivery from a restaurant than it is to cook at home.\u201d The downfall to planning meals is the time it requires. Fortunately, a meal planning service plans your weekly meals and shopping list for you, thus saving you time. Combining the convenience of a meal planning service with online grocery ordering will save you both time and money long term.<\/p>","__globals__":{"typography_typography":""}},"elements":[],"isInner":false,"widgetType":"text-editor","elType":"widget"}],"isInner":false,"elType":"container"},{"id":"422f3ba8","settings":{"content_width":"full"},"elements":[{"id":"438ea9bb","settings":{"image":{"url":"https:\/\/emeals.com\/meal-planning\/wp-content\/uploads\/2023\/02\/eMeals-Easy-Chicken-Noodle-Bowl-Recipe-scaled.webp","id":1064,"size":"","alt":"image of chicken soup from emeals","source":"library"},"align":"center","width":{"unit":"%","size":100,"sizes":[]}},"elements":[],"isInner":false,"widgetType":"image","elType":"widget"}],"isInner":false,"elType":"container"}],"isInner":false,"elType":"container"},{"id":"661c3988","settings":{"flex_direction":"column","flex_justify_content":"flex-start"},"elements":[{"id":"287665e","settings":{"content_width":"full","width":{"unit":"%","size":95},"_flex_size":"none","_element_width":"initial"},"elements":[{"id":"5aaf12b8","settings":{"title":"3. You'll avoid food waste, which can be costly.","align":"left","__globals__":{"typography_typography":"globals\/typography?id=secondary"}},"elements":[],"isInner":false,"widgetType":"heading","elType":"widget"}],"isInner":false,"elType":"container"}],"isInner":false,"elType":"container"},{"id":"3b688872","settings":{"flex_direction":"row","flex_align_items":"center"},"elements":[{"id":"40b5b6f9","settings":{"width":{"unit":"%","size":100,"sizes":[]},"boxed_width":{"unit":"%","size":100,"sizes":[]},"boxed_width_laptop":{"unit":"%","size":"","sizes":[]},"boxed_width_tablet":{"unit":"%","size":"","sizes":[]},"boxed_width_mobile":{"unit":"%","size":"","sizes":[]}},"elements":[{"id":"1f9a41ba","settings":{"editor":"<p>Following a meal plan takes the guesswork of what to make for dinner. You'll be less likely to order takeout or make last-minute trips to the grocery store and more likely to stick to a routine of enjoying healthy meals.<\/p><p>Some services allow you to portion out your meals, so <strong>the food you purchase doesn't go to waste<\/strong>. According to <a href=\"https:\/\/www.feedingamerica.org\/our-work\/our-approach\/reduce-food-waste\" target=\"_blank\" rel=\"noopener noreferrer\">Feeding America<\/a>, \"Each year,\u202f<a href=\"https:\/\/insights-engine.refed.org\/food-waste-monitor?break_by=sector&amp;indicator=tons-waste&amp;view=detail&amp;year=2019\" target=\"_blank\" rel=\"noopener noreferrer\">108 billion pounds<\/a>\u202fof food is wasted in the United States. That equates to\u202f130 billion meals\u202fand more than\u202f$408 billion in food thrown away yearly.\"\u00a0\u00a0<\/p><p>If you're looking for ways to save money on groceries, you should consider using a meal planning app like the one from <a href=\"https:\/\/emeals.com\/meal-plans\/\" target=\"_blank\" rel=\"noopener noreferrer\">eMeals.<\/a> Our app has 15 meal plans to choose from, with one budget-friendly meal plan for those hoping to save money on groceries. These services can help you plan your weekly meals, saving both time and money in the process. In fact, there are 3 ways you\u2019ll save money using a meal planning service<strong>. <\/strong><\/p><p>First, by providing recipes and ideas for affordable meals, these services can help you stay within your budget each week. Second, planning your meals reduces your chances of ordering takeout, which is shown to cost more with time. Finally, by helping you plan out your grocery list ahead of time, you'll avoid buying unnecessary items or duplicate products.<\/p>","__globals__":{"typography_typography":""}},"elements":[],"isInner":false,"widgetType":"text-editor","elType":"widget"}],"isInner":false,"elType":"container"},{"id":"6e8cc0a9","settings":{"content_width":"full"},"elements":[{"id":"4970b764","settings":{"image":{"url":"https:\/\/emeals.com\/meal-planning\/wp-content\/uploads\/2023\/02\/eMeals-Meatball-Baked-Ziti-Recipe-scaled.webp","id":1063,"size":"","alt":"image of meatball baked ziti","source":"library"},"align":"center","width":{"unit":"%","size":100,"sizes":[]}},"elements":[],"isInner":false,"widgetType":"image","elType":"widget"}],"isInner":false,"elType":"container"}],"isInner":false,"elType":"container"},{"id":"3b25d890","settings":{"content_width":{"unit":"px","size":1140,"sizes":[]},"background_background":"classic","border_border":"none","border_width":{"unit":"px","top":"0","right":"0","bottom":"0","left":"0","isLinked":true},"border_radius":{"unit":"px","top":"3","right":"3","bottom":"3","left":"3","isLinked":true},"padding":{"unit":"px","top":"5","right":"5","bottom":"5","left":"5","isLinked":true},"__globals__":{"border_color":"globals\/colors?id=42c0f4b","background_color":""},"border_color":"#99CA3C"},"elements":[{"id":"64906973","settings":{"_column_size":100,"_inline_size":null},"elements":[{"id":"68342b6e","settings":{"title":"Share with others","align":"center","title_color":"#99CA3C","_border_border":"none","__globals__":{"typography_typography":"globals\/typography?id=primary","title_color":"globals\/colors?id=primary"},"__dynamic__":[],"header_size":"h3"},"elements":[],"isInner":false,"widgetType":"heading","elType":"widget"},{"id":"4f18e469","elType":"widget","settings":{"share_buttons":[{"_id":"76eac17","__dynamic__":[]},{"button":"twitter","_id":"b65550b"},{"_id":"a87ef5c","button":"pinterest"},{"_id":"7e72c35","button":"email"}],"skin":"framed","shape":"rounded","alignment":"center","column_gap":{"unit":"px","size":2,"sizes":[]},"row_gap":{"unit":"px","size":5,"sizes":[]},"button_size":{"unit":"px","size":0.85,"sizes":[]},"icon_size":{"unit":"em","size":2.5,"sizes":[]},"button_height":{"unit":"em","size":4.6,"sizes":[]},"border_size":{"unit":"px","size":0,"sizes":[]},"color_source":"custom","primary_color":"#303C4B","secondary_color":"#FFFFFF","typography_typography":"custom","typography_font_size":{"unit":"px","size":11,"sizes":[]},"typography_font_size_mobile":{"unit":"px","size":20,"sizes":[]},"typography_font_weight":"600","typography_text_transform":"none","typography_letter_spacing":{"unit":"px","size":0,"sizes":[]},"typography_word_spacing":{"unit":"em","size":"","sizes":[]},"_transform_scale_popover_hover":"transform","_transform_scale_effect_hover":{"unit":"px","size":1,"sizes":[]},"_transform_transition_hover":{"unit":"px","size":2639,"sizes":[]},"motion_fx_transform_x_anchor_point":"center","motion_fx_transform_y_anchor_point":"center","__globals__":{"primary_color":"globals\/colors?id=secondary","secondary_color":"globals\/colors?id=b97fcda","typography_typography":"","primary_color_hover":"globals\/colors?id=42c0f4b","secondary_color_hover":"globals\/colors?id=b97fcda"},"typography_line_height":{"unit":"em","size":1.2,"sizes":[]},"__dynamic__":{"_element_id":"[elementor-tag id=\"abc8116\" name=\"shortcode\" settings=\"%7B%7D\"]","_css_classes":"[elementor-tag id=\"eb5dfdb\" name=\"shortcode\" settings=\"%7B%7D\"]","_attributes":"[elementor-tag id=\"6f571fb\" name=\"featured-image-data\" settings=\"%7B%22attachment_data%22%3A%22src%22%7D\"]"},"_border_border":"none"},"elements":[],"widgetType":"share-buttons"}],"isInner":false,"elType":"column"}],"isInner":false,"elType":"section"},{"id":"2fa305a0","settings":{"flex_direction":"column","content_width":"full","width":{"unit":"%","size":100},"boxed_width":{"unit":"px","size":824,"sizes":[]},"flex_justify_content":"center","flex_align_items":"center","_flex_align_self":"center","_flex_size":"none","_element_width":"initial","flex_gap":{"unit":"px","size":0,"sizes":[]},"background_background":"classic","__globals__":{"background_color":"globals\/colors?id=b97fcda"}},"elements":[{"id":"1f1dd1a5","settings":{"layout":"above","bg_image":{"url":"","id":"","size":"","alt":"image of emeals meal prep app","source":"library"},"bg_image_size":"medium","graphic_element":"image","graphic_image":{"url":"https:\/\/emeals.com\/meal-planning\/wp-content\/uploads\/2023\/02\/1-how-it-works_onboarding-gif.png","id":1047,"size":"","alt":"","source":"library"},"graphic_image_size":"full","title":"Get The App!","description":"Our meal prep app allows you to shop smarter with eMeals + Grocery partners. Pick your meals with a seamless shopping list, then our partners will shop your grocery order. You can choose pickup or delivery...and this is all in one app.","button":"Click Here To Download App","min-height":{"unit":"px","size":100,"sizes":[]},"min-height_mobile":{"unit":"px","size":100,"sizes":[]},"vertical_position":"top","image_min_width":{"unit":"px","size":0,"sizes":[]},"image_min_height":{"unit":"px","size":0,"sizes":[]},"image_min_height_mobile":{"unit":"px","size":0,"sizes":[]},"graphic_image_spacing":{"unit":"px","size":35,"sizes":[]},"graphic_image_width":{"unit":"%","size":39,"sizes":[]},"title_spacing":{"unit":"px","size":26,"sizes":[]},"content_bg_color":"#FFFFFF","title_color":"#303C4B","description_color":"#303C4B","button_border_width":{"unit":"px","size":2,"sizes":[]},"_element_width":"initial","_element_width_mobile":"inherit","_element_custom_width":{"unit":"%","size":52},"_element_custom_width_mobile":{"unit":"px","size":716,"sizes":[]},"_flex_align_self":"center","_flex_align_self_mobile":"stretch","_flex_order":"end","_flex_order_mobile":"start","_flex_size":"none","_background_background":"classic","_background_color":"#FFFFFF","__globals__":{"_background_color":"globals\/colors?id=b97fcda","content_bg_color":"globals\/colors?id=948b3b5","title_color":"globals\/colors?id=secondary","description_color":"globals\/colors?id=secondary","button_color":"","button_text_color":"globals\/colors?id=secondary","button_background_color":"globals\/colors?id=b97fcda","button_border_color":"globals\/colors?id=secondary","button_hover_text_color":"globals\/colors?id=b97fcda","button_hover_background_color":"globals\/colors?id=secondary","button_hover_border_color":"globals\/colors?id=secondary","button_typography_typography":"globals\/typography?id=accent","title_typography_typography":"globals\/typography?id=secondary"},"link":{"url":"https:\/\/emeals.com\/account\/join_account.php?","is_external":"on","nofollow":"","custom_attributes":"title | get the emeals App"},"graphic_image_border_radius":{"unit":"px","size":2,"sizes":[]},"description_spacing":{"unit":"px","size":23,"sizes":[]}},"elements":[],"isInner":false,"widgetType":"call-to-action","elType":"widget"}],"isInner":false,"elType":"container"},{"id":"6995aa2","settings":{"flex_direction":"column"},"elements":[{"id":"77f5bd7c","settings":{"space":{"unit":"px","size":75,"sizes":[]}},"elements":[],"isInner":false,"widgetType":"spacer","elType":"widget"},{"id":"5fb89e45","settings":{"title":"eMeals Customer Reviews","align":"center","__globals__":{"typography_typography":"globals\/typography?id=secondary"}},"elements":[],"isInner":false,"widgetType":"heading","elType":"widget"}],"isInner":false,"elType":"container"},{"id":"5d894228","settings":{"layout":"full_width","flex_gap":{"size":65,"unit":"px"},"min_height":{"unit":"vh","size":"","sizes":[]},"background_background":"classic","padding":{"unit":"%","top":"2","right":"2","bottom":"2","left":"2","isLinked":true},"padding_tablet":{"unit":"%","top":"10","right":"2","bottom":"10","left":"2","isLinked":""},"padding_mobile":{"unit":"%","top":"20","right":"5","bottom":"20","left":"5","isLinked":""},"_title":"Team","flex_direction":"row","min_height_tablet":{"unit":"vh","size":"","sizes":[]},"min_height_mobile":{"unit":"vh","size":"","sizes":[]},"flex_justify_content":"center","__globals__":{"background_color":"globals\/colors?id=b97fcda"}},"elements":[{"id":"6215520","settings":{"boxed_width":{"unit":"px","size":650,"sizes":[]},"flex_direction":"column","flex_gap":{"unit":"px","size":10,"sizes":[]},"padding":{"unit":"px","top":"0","right":"0","bottom":"0","left":"0","isLinked":true}},"elements":[{"id":"8564363","settings":{"testimonial_content":"\"We love e-meals! The majority of the recipes are huge hits with our family. The ease of creating a list and ordering groceries to be delivered is what makes this a huge time saver. We have saved money on our groceries by being able to meal plan! I was skeptical at first- but now I recommend to everyone I know!\"","testimonial_image":{"url":"https:\/\/emeals.com\/meal-planning\/wp-content\/uploads\/2023\/01\/influencer-image-1.jpeg","id":436,"size":"","alt":"","source":"library"},"testimonial_name":"Kate","testimonial_job":"eMeals Customer","__dynamic__":[],"__globals__":{"content_typography_typography":"globals\/typography?id=text","name_typography_typography":"globals\/typography?id=accent"}},"elements":[],"isInner":false,"widgetType":"testimonial","elType":"widget"}],"isInner":false,"elType":"container"},{"id":"58e213a2","settings":{"boxed_width":{"unit":"px","size":650,"sizes":[]},"flex_direction":"column","flex_gap":{"unit":"px","size":10,"sizes":[]},"padding":{"unit":"px","top":"0","right":"0","bottom":"0","left":"0","isLinked":true}},"elements":[{"id":"6a89b3af","settings":{"testimonial_content":"\"As a working mom, eMeals saves me time each weekend. Because it is linked with the Walmart app, I can easily add what I need to my cart. EMeals has been a game changer for me!!\"","testimonial_image":{"url":"https:\/\/emeals.com\/meal-planning\/wp-content\/uploads\/2023\/01\/323073470_687971473041740_3083981506158491857_n.jpg","id":405,"size":"","alt":"","source":"library"},"testimonial_name":"Lindsay","testimonial_job":"eMeals Customer","__dynamic__":[],"__globals__":{"content_typography_typography":"globals\/typography?id=text","name_typography_typography":"globals\/typography?id=accent"}},"elements":[],"isInner":false,"widgetType":"testimonial","elType":"widget"}],"isInner":false,"elType":"container"},{"id":"3df37ad2","settings":{"boxed_width":{"unit":"px","size":650,"sizes":[]},"flex_direction":"column","flex_gap":{"unit":"px","size":10,"sizes":[]},"padding":{"unit":"px","top":"0","right":"0","bottom":"0","left":"0","isLinked":true}},"elements":[{"id":"b2a4362","settings":{"testimonial_content":"\"In a life of caring for six kids (26 to 8 years old) there is little time for meal planing and shopping. eMeals keeps us on track with easy healthy recipes any kid can follow! We eat healthy and at home because of this amazing service. Worth every penny!\"","testimonial_image":{"url":"https:\/\/emeals.com\/meal-planning\/wp-content\/uploads\/2023\/02\/influencer-quote-2.jpeg","id":596,"size":"","alt":"","source":"library"},"testimonial_name":"Jana","testimonial_job":"eMeals Customer","__dynamic__":[],"__globals__":{"content_typography_typography":"globals\/typography?id=text","name_typography_typography":"globals\/typography?id=accent"}},"elements":[],"isInner":false,"widgetType":"testimonial","elType":"widget"}],"isInner":false,"elType":"container"}],"isInner":false,"elType":"container"},{"id":"45248348","settings":{"content_position":"middle","background_background":"classic","margin":{"unit":"px","top":"","right":0,"bottom":"","left":0,"isLinked":true},"padding":{"unit":"px","top":"30","right":"0","bottom":"30","left":"0","isLinked":false},"padding_tablet":{"unit":"px","top":"30","right":"20","bottom":"30","left":"20","isLinked":false},"padding_mobile":{"unit":"px","top":"25","right":"20","bottom":"25","left":"20","isLinked":false},"html_tag":"footer","flex_direction":"column","flex_gap":{"size":50,"unit":"px"},"flex_gap_mobile":{"unit":"px","size":40,"sizes":[]},"_title":"Footer","flex_justify_content":"center","_flex_align_self":"center","__globals__":{"background_color":"globals\/colors?id=80fb6de"}},"elements":[{"id":"79d049f8","settings":{"content_position":"middle","structure":"20","border_border":"dotted","border_width":{"unit":"px","top":"0","right":"0","bottom":"1","left":"0","isLinked":false},"border_color":"#9b9b9b","padding":{"unit":"px","top":"0","right":"0","bottom":"30","left":"0","isLinked":false},"flex_direction":"row","flex_align_items":"stretch","flex_gap":{"size":0,"unit":"px"},"content_width":"full"},"elements":[{"id":"1a651684","settings":{"_column_size":50,"width":{"size":null,"unit":"%"},"width_mobile":{"size":30,"unit":"%"},"content_width":"full","flex_direction":"row","flex_justify_content":"center","flex_align_items":"center","padding":{"unit":"px","top":"0","right":"0","bottom":"0","left":"0","isLinked":true}},"elements":[{"id":"70726048","settings":{"align_items":"left","animation_line":"drop-out","animation_text":"none","color_menu_item_hover":"#000000","pointer_color_menu_item_hover":"#00ce1b","menu_typography_typography":"custom","menu_typography_font_size":{"unit":"px","size":15},"pointer_width":{"unit":"px","size":1},"color_dropdown_item":"#000000","background_color_dropdown_item":"#eaeaea","color_dropdown_item_hover":"#00ce1b","background_color_dropdown_item_hover":"#ededed","dropdown_typography_typography":"custom","dropdown_typography_font_size":{"unit":"px","size":15},"toggle_color":"#000000","toggle_color_hover":"#00ce1b","toggle_size":{"unit":"px","size":30},"toggle_border_width":{"unit":"px","size":0},"toggle_border_radius":{"unit":"px","size":0},"pointer":"none","dropdown":"mobile","menu_typography_font_size_tablet":{"unit":"px","size":13},"menu_typography_font_weight":"500","padding_horizontal_menu_item":{"unit":"px","size":0},"menu_space_between":{"unit":"px","size":31},"toggle_align":"left","full_width":"stretch","text_align":"center","dropdown_top_distance_mobile":{"unit":"px","size":40},"toggle_background_color":"rgba(0,0,0,0)","menu":"footer-menu","menu_id":164},"elements":[],"isInner":false,"widgetType":"nav-menu","elType":"widget"}],"isInner":false,"elType":"container"}],"isInner":false,"elType":"container"},{"id":"53fc4347","settings":{"content_position":"middle","structure":"20","flex_direction":"row","flex_align_items":"center","flex_gap":{"size":0,"unit":"px"},"content_width":"full","flex_justify_content":"space-between","flex_gap_mobile":{"unit":"px","size":20,"sizes":[]},"padding":{"unit":"px","top":"0","right":"0","bottom":"0","left":"0","isLinked":true}},"elements":[{"id":"3898276a","settings":{"_column_size":50,"width":{"size":null,"unit":"%"},"content_width":"full","flex_direction":"row","flex_direction_mobile":"column","flex_justify_content":"center","flex_align_items":"center","padding":{"unit":"px","top":"0","right":"0","bottom":"0","left":"0","isLinked":true},"width_laptop":{"unit":"px","size":752},"_flex_size":"none","_element_width_laptop":"initial"},"elements":[{"id":"47850357","settings":{"title":"Copyright 2002-2023, eMeals Inc. The eMeals name and logo is a trademark of eMeals Inc. All Rights Reserved","title_color":"#54595f","typography_typography":"custom","typography_font_size":{"unit":"px","size":13},"typography_font_weight":"300","align":"left","align_mobile":"center","typography_line_height_mobile":{"unit":"px","size":19},"header_size":"p"},"elements":[],"isInner":false,"widgetType":"heading","elType":"widget"}],"isInner":false,"elType":"container"},{"id":"25c3227b","settings":{"_column_size":50,"width":{"size":null,"unit":"%"},"content_width":"full","flex_direction":"row-reverse","flex_direction_mobile":"column","flex_justify_content":"flex-start","flex_align_items":"center","padding":{"unit":"px","top":"0","right":"0","bottom":"0","left":"0","isLinked":true}},"elements":[{"id":"7c4860c4","settings":{"__dynamic__":{"image":"[elementor-tag id=\"\" name=\"site-logo\" settings=\"%7B%7D\"]"},"width":{"unit":"%","size":76,"sizes":[]}},"elements":[],"isInner":false,"widgetType":"theme-site-logo","elType":"widget"}],"isInner":false,"elType":"container"}],"isInner":false,"elType":"container"}],"isInner":false,"elType":"container"}],"settings":{"template":"default","padding":{"unit":"px","top":"0","right":"0","bottom":"0","left":"0","isLinked":true},"background_background":"classic","background_color":"#FFFFFF","content_wrapper_html_tag":"main","__globals__":{"background_color":"globals\/colors?id=b97fcda"}},"metadata":[]}