{"content":[{"id":"7b4ca83c","settings":{"content_width":{"unit":"px","size":1140,"sizes":[]},"background_background":"classic","border_border":"none","border_width":{"unit":"px","top":"0","right":"0","bottom":"0","left":"0","isLinked":true},"border_radius":{"unit":"px","top":"3","right":"3","bottom":"3","left":"3","isLinked":true},"padding":{"unit":"px","top":"5","right":"5","bottom":"5","left":"5","isLinked":true},"__globals__":{"border_color":"globals\/colors?id=42c0f4b","background_color":""},"border_color":"#99CA3C"},"elements":[{"id":"7264c287","settings":{"_column_size":100,"_inline_size":null},"elements":[{"id":"49ea00a5","settings":[],"elements":[{"id":"5c8408c5","settings":{"space":{"unit":"px","size":10,"sizes":[]}},"elements":[],"isInner":false,"widgetType":"spacer","elType":"widget"}],"isInner":false,"elType":"container"}],"isInner":false,"elType":"column"}],"isInner":false,"elType":"section"},{"id":"64f5741","settings":{"layout":"full_width","flex_gap":{"size":0,"unit":"px"},"min_height":{"unit":"px","size":100,"sizes":[]},"content_position":"middle","padding":{"unit":"%","top":"0","right":"8","bottom":"0","left":"8","isLinked":""},"background_background":"classic","background_motion_fx_opacity_range":{"unit":"%","size":"","sizes":{"start":"0","end":1}},"margin":{"unit":"%","top":"0","right":0,"bottom":"5","left":0,"isLinked":false},"z_index":"95","sticky":"top","__globals__":[],"padding_tablet":{"unit":"%","top":"0","right":"5","bottom":"0","left":"5","isLinked":""},"padding_mobile":{"unit":"%","top":"","right":"","bottom":"","left":"","isLinked":"1"},"background_motion_fx_range":"page","margin_mobile":{"unit":"%","top":"","right":0,"bottom":"","left":0,"isLinked":true},"_title":"Header","min_height_tablet":{"unit":"px","size":85,"sizes":[]},"structure":"30","margin_tablet":{"unit":"%","top":"","right":"","bottom":"","left":"","isLinked":true},"min_height_mobile":{"unit":"px","size":65,"sizes":[]},"flex_direction":"row","flex_align_items":"stretch","content_width":"full","background_color":"#FFFFFF","flex_direction_mobile":"column"},"elements":[{"id":"1cb8af20","settings":{"_column_size":33,"width":{"size":25,"unit":"%"},"width_tablet":{"size":15,"unit":"%"},"width_mobile":{"size":20,"unit":"%"},"content_width":"full","flex_direction":"column","flex_justify_content":"center","flex_gap":{"unit":"px","size":20,"sizes":[]},"padding":{"unit":"px","top":"0","right":"0","bottom":"0","left":"0","isLinked":false},"width_laptop":{"unit":"px","size":161.523},"_flex_size":"none","_element_width_laptop":"initial","_flex_align_self_mobile":"center","hide_tablet":"hidden-tablet","hide_mobile":"hidden-mobile"},"elements":[{"id":"106ec93a","settings":{"__dynamic__":{"image":"[elementor-tag id=\"\" name=\"site-logo\" settings=\"%7B%7D\"]"},"width":{"unit":"%","size":100,"sizes":[]},"css_filters_brightness":{"unit":"px","size":0,"sizes":[]},"css_filters_saturate":{"unit":"px","size":0,"sizes":[]},"height":{"unit":"px","size":34,"sizes":[]},"object-fit":"contain","width_tablet":{"unit":"px","size":"","sizes":[]},"width_mobile":{"unit":"px","size":"","sizes":[]},"height_tablet":{"unit":"px","size":27,"sizes":[]},"height_mobile":{"unit":"px","size":20,"sizes":[]},"align":"left","image":{"id":1831,"url":"https:\/\/emeals.com\/meal-planning\/wp-content\/uploads\/2023\/05\/placeholder-4.png"},"text_color":"#324A6D","caption_typography_typography":"custom","caption_typography_font_family":"Poppins","caption_typography_font_size":{"unit":"px","size":16,"sizes":[]},"caption_typography_font_size_tablet":{"unit":"px","size":14,"sizes":[]},"caption_typography_font_weight":"300","caption_typography_text_transform":"none","caption_typography_font_style":"normal","caption_typography_text_decoration":"none","caption_typography_line_height":{"unit":"em","size":1.5,"sizes":[]},"caption_typography_letter_spacing":{"unit":"px","size":0,"sizes":[]},"caption_typography_word_spacing":{"unit":"em","size":0,"sizes":[]},"__globals__":[],"link_to":"custom","link":{"url":"https:\/\/emeals.com\/","is_external":"on","nofollow":"","custom_attributes":"title | emeals home page"},"_flex_align_self":"center"},"elements":[],"isInner":false,"widgetType":"theme-site-logo","elType":"widget"}],"isInner":false,"elType":"container"},{"id":"1f99716","settings":{"_column_size":33,"width":{"size":50,"unit":"%"},"width_tablet":{"size":85,"unit":"%"},"width_mobile":{"size":33,"unit":"%"},"margin":{"unit":"%","top":"","right":"","bottom":"","left":"","isLinked":true},"margin_tablet":{"unit":"%","top":"","right":"","bottom":"","left":"","isLinked":true},"margin_mobile":{"unit":"%","top":"","right":"","bottom":"","left":"","isLinked":true},"padding":{"unit":"%","top":"0","right":"0","bottom":"0","left":"0","isLinked":false},"padding_tablet":{"unit":"%","top":"","right":"","bottom":"","left":"","isLinked":true},"padding_mobile":{"unit":"%","top":"","right":"","bottom":"","left":"","isLinked":true},"content_width":"full","flex_direction":"row","flex_justify_content":"center","flex_align_items":"center","flex_gap":{"unit":"px","size":2,"sizes":[]},"width_laptop":{"unit":"px","size":510.648},"_flex_size":"none","_element_width_laptop":"initial","_flex_align_self_mobile":"center"},"elements":[{"id":"15df6e08","settings":{"full_width":"stretch","pointer_width":{"unit":"px","size":1,"sizes":[]},"padding_horizontal_menu_item":{"unit":"px","size":"0","sizes":[]},"padding_vertical_menu_item":{"unit":"px","size":"5","sizes":[]},"menu_space_between":{"unit":"px","size":"30","sizes":[]},"__globals__":{"menu_typography_typography":"","color_menu_item":"globals\/colors?id=primary","color_menu_item_hover":"globals\/colors?id=42c0f4b"},"animation_text":"none","padding_vertical_dropdown_item_mobile":{"unit":"px","size":"14","sizes":[]},"dropdown_top_distance_mobile":{"unit":"px","size":"15","sizes":[]},"toggle_size_mobile":{"unit":"px","size":43,"sizes":[]},"color_menu_item_active":"#324A6D","color_dropdown_item":"#1C244B","background_color_dropdown_item":"#F3F5F8","background_color_dropdown_item_hover":"#F9FAFD","background_color_dropdown_item_active":"#F9FAFD","toggle_color":"#467FF7","toggle_background_color":"#02010100","align_items":"center","dropdown":"mobile","toggle_align":"right","menu_typography_typography":"custom","menu_typography_font_family":"Poppins","menu_typography_font_size":{"unit":"px","size":14,"sizes":[]},"menu_typography_font_weight":"600","menu_typography_text_transform":"capitalize","menu_typography_text_decoration":"none","menu_typography_line_height":{"unit":"em","size":1.1,"sizes":[]},"menu_typography_letter_spacing":{"unit":"px","size":0.3,"sizes":[]},"pointer_color_menu_item_hover":"#324A6D","pointer_color_menu_item_active":"#324A6D","nav_menu_divider_color":"#324A6D","dropdown_typography_typography":"custom","dropdown_typography_font_family":"Poppins","dropdown_typography_font_size":{"unit":"px","size":16,"sizes":[]},"dropdown_typography_font_size_tablet":{"unit":"px","size":14,"sizes":[]},"dropdown_typography_font_weight":"400","dropdown_typography_text_transform":"capitalize","dropdown_typography_font_style":"normal","dropdown_typography_text_decoration":"none","dropdown_typography_letter_spacing":{"unit":"px","size":0,"sizes":[]},"dropdown_typography_word_spacing":{"unit":"em","size":0,"sizes":[]},"dropdown_typography_line_height":{"unit":"em","size":1,"sizes":[]},"menu":"meal-planning-header","pointer":"text","menu_typography_font_size_mobile":{"unit":"px","size":22,"sizes":[]},"_attributes":"Title | meal planning header navigation bar mobile\naria-label | Header Nav Bar Mobile","menu_id":9},"elements":[],"isInner":false,"widgetType":"nav-menu","elType":"widget"}],"isInner":false,"elType":"container"},{"id":"2db842d4","settings":{"_column_size":33,"width":{"size":25,"unit":"%"},"width_tablet":{"size":85,"unit":"%"},"width_mobile":{"size":68,"unit":"%"},"margin":{"unit":"%","top":"","right":"","bottom":"","left":"","isLinked":true},"margin_tablet":{"unit":"%","top":"","right":"","bottom":"","left":"","isLinked":true},"margin_mobile":{"unit":"%","top":"","right":"","bottom":"","left":"","isLinked":true},"padding":{"unit":"%","top":"0","right":"0","bottom":"0","left":"0","isLinked":false},"padding_tablet":{"unit":"%","top":"","right":"","bottom":"","left":"","isLinked":true},"padding_mobile":{"unit":"%","top":"","right":"","bottom":"","left":"","isLinked":true},"content_width":"full","flex_direction":"row","flex_justify_content":"flex-end","flex_align_items":"center","flex_gap":{"unit":"px","size":20,"sizes":[]},"hide_mobile":"hidden-mobile","_flex_align_self_mobile":"center"},"elements":[{"id":"656d53a2","settings":{"text":"Try FREE For 14 Days","align":"right","button_text_color":"#FFFFFF","border_border":"solid","border_width":{"unit":"px","top":"1","right":"1","bottom":"1","left":"1","isLinked":"1"},"border_radius":{"unit":"px","top":"8","right":"8","bottom":"8","left":"8","isLinked":"1"},"text_padding":{"unit":"px","top":"8","right":"14","bottom":"8","left":"14","isLinked":""},"__globals__":{"typography_typography":"","border_color":"globals\/colors?id=42c0f4b","background_color":"globals\/colors?id=42c0f4b","hover_color":"globals\/colors?id=948b3b5","button_background_hover_color":"globals\/colors?id=secondary","button_hover_border_color":"globals\/colors?id=secondary"},"text_padding_tablet":{"unit":"px","top":"14","right":"35","bottom":"14","left":"35","isLinked":false},"text_padding_mobile":{"unit":"px","top":"12","right":"25","bottom":"12","left":"25","isLinked":false},"link":{"url":"https:\/\/emeals.com\/account\/join_account.php?","is_external":"on","nofollow":"","custom_attributes":"title | try emeals free for 14 days"},"__dynamic__":[],"typography_typography":"custom","typography_font_size":{"unit":"px","size":14,"sizes":[]},"typography_font_weight":"600","typography_text_transform":"none","typography_text_decoration":"none","typography_line_height":{"unit":"em","size":1.4,"sizes":[]},"typography_letter_spacing":{"unit":"px","size":0.2,"sizes":[]},"_flex_size":"grow","typography_font_size_mobile":{"unit":"px","size":16,"sizes":[]}},"elements":[],"isInner":false,"widgetType":"button","elType":"widget"}],"isInner":false,"elType":"container"}],"isInner":false,"elType":"container"},{"id":"497d6eb8","settings":{"flex_direction":"column"},"elements":[{"id":"452bb466","settings":{"title":"5 tips for getting the most out of your meal plans","header_size":"h1","align":"center","hide_desktop":"hidden-desktop","hide_laptop":"hidden-laptop","hide_tablet":"hidden-tablet","hide_mobile":"hidden-mobile"},"elements":[],"isInner":false,"widgetType":"heading","elType":"widget"}],"isInner":false,"elType":"container"},{"id":"65c8fdbd","settings":{"flex_direction":"column"},"elements":[{"id":"52014dcb","settings":{"image":{"url":"https:\/\/emeals.com\/meal-planning\/wp-content\/uploads\/2023\/03\/5-tips-for-getting-the-most-our-of-your-meal-plan.webp","id":722,"size":"","alt":"blog post talking about 5 tips for getting the most out of your meal plans","source":"library"}},"elements":[],"isInner":false,"widgetType":"image","elType":"widget"}],"isInner":false,"elType":"container"},{"id":"77302f80","settings":{"flex_direction":"column"},"elements":[{"id":"5eb61803","settings":[],"elements":[{"id":"eea7f30","settings":{"editor":"<p>Save time, money, and stress by planning your meals ahead of time. Here are five tips to help you start and make <a href=\"https:\/\/emeals.com\/meal-plans\/\">meal planning<\/a> easier!\u00a0\u00a0<\/p><p>Most moms want an easier life, so recipe-based meal planning often comes to mind. A meal plan is a terrific way to save money and stay on track with dieting. Sometimes it takes time to know where to begin or the best strategy.\u00a0<\/p>"},"elements":[],"isInner":false,"widgetType":"text-editor","elType":"widget"}],"isInner":false,"elType":"container"},{"id":"3c19fda1","settings":[],"elements":[],"isInner":false,"widgetType":"spacer","elType":"widget"},{"id":"1833051b","settings":[],"elements":[{"id":"75ca24a6","settings":{"title":"Here are 5 tips for getting the most out of your meal plans","align":"center","__globals__":{"typography_typography":"globals\/typography?id=secondary"}},"elements":[],"isInner":false,"widgetType":"heading","elType":"widget"}],"isInner":false,"elType":"container"}],"isInner":false,"elType":"container"},{"id":"30037906","settings":{"flex_direction":"column"},"elements":[{"id":"70d31c87","settings":{"_flex_order":"end"},"elements":[{"id":"6dc52434","settings":{"editor":"<h3>When looking at all things meal planning, consider the following:<\/h3>","__globals__":{"typography_typography":"globals\/typography?id=text"}},"elements":[],"isInner":false,"widgetType":"text-editor","elType":"widget"}],"isInner":false,"elType":"container"},{"id":"44511b92","settings":{"boxed_width":{"unit":"px","size":953,"sizes":[]},"flex_align_items":"flex-start","_flex_order":"end"},"elements":[{"id":"473a27ab","settings":{"icon_list":[{"text":"the time you have to prepare meals","_id":"960b3af"},{"text":"your budget","_id":"23879be"},{"text":"the types of food you and your loved ones enjoy eating","_id":"bcfc021"},{"_id":"554ad81","text":"dietary restrictions"},{"_id":"53ce809","text":"serving size"},{"_id":"f84b0df","text":" available resources to lower stress (like a meal planning service, a meal planner template, or meal planning app)."}]},"elements":[],"isInner":false,"widgetType":"icon-list","elType":"widget"}],"isInner":false,"elType":"container"},{"id":"10710cf7","settings":{"_flex_order":"end"},"elements":[{"id":"3b326a22","settings":{"editor":"<p>Think about how much time you need at the grocery store. Or the amount of cooking time you have after you get home from work or get your kids from school. If you are pressed for time in the evening, consider 30-minute meal plans for quick and easy dinners. Review your budget to select the best food plan. If you want to save money, consider a budget-friendly meal plan that offers fast and affordable dinners.<\/p><p>Be realistic about what you can accomplish. <a href=\"https:\/\/realfoodwholelife.com\/meal-prep-planning\/ditch-the-complicated-meal-plan\/\">Real Food Whole Life<\/a> says, \u201c...instead of planning for individual recipes, think about mapping a few meal types...\u201d.\u00a0<\/p><p>In other words, if you prefer to eat keto, look through <a href=\"https:\/\/emeals.com\/meal-plans\/keto\/\">keto meal plan<\/a>s. Choose a diet meal plan that works for you so you can plan weekly instead of daily. This will help keep your diet plan manageable and realistic.<\/p><p>Serving size is another crucial factor. Do you want leftovers, or do you want to dedicate time to cooking dinner every night?\u00a0<\/p><p>Simplify weekly meals by using a meal planning service. That means the stress around finding recipes and creating shopping lists is taken off your shoulders. Some companies offer free meal prep apps and free meal plan templates.\u00a0<\/p><p>Remember to include healthy options in your meal plans. These include nutrient-dense fruits and vegetables, lean proteins, and healthy fats. This will help you maintain good health and stay well<\/p>","__globals__":{"typography_typography":"globals\/typography?id=text"}},"elements":[],"isInner":false,"widgetType":"text-editor","elType":"widget"}],"isInner":false,"elType":"container"},{"id":"69fb8461","settings":[],"elements":[{"id":"4a7a07dc","settings":[],"elements":[],"isInner":false,"widgetType":"spacer","elType":"widget"},{"id":"7798559e","settings":{"title":"1. Be realistic about all things meal planning.\u00a0","align":"center","__globals__":{"typography_typography":"globals\/typography?id=secondary"}},"elements":[],"isInner":false,"widgetType":"heading","elType":"widget"}],"isInner":false,"elType":"container"}],"isInner":false,"elType":"container"},{"id":"4ca79f69","settings":{"flex_direction":"column"},"elements":[{"id":"19637b4d","settings":{"_flex_order":"end"},"elements":[{"id":"7110a69e","settings":{"editor":"<p>In Meal Prep Guide, <a href=\"https:\/\/www.hsph.harvard.edu\/nutritionsource\/meal-prep\/\">Harvard<\/a> explains that one beneficial meal prep step is to \u201cDiscuss with your family what types of foods and favorite meals they like to eat.\u201d If your family loves Italian food, look for recipes that use classic Italian flavors like garlic, tomatoes, herbs, and cheese.<\/p><p>For example, you could make a classic Italian pasta dish, like spaghetti and meatballs, or a hearty minestrone soup.\u00a0On the other hand, you can take a creative approach by trying a new Italian-inspired recipe, like mushroom risotto or sausage stuffed peppers.\u00a0 Remember to let your family's tastes guide you when selecting recipes, especially when looking into a toddler meal plan.<\/p>","__globals__":{"typography_typography":"globals\/typography?id=text"}},"elements":[],"isInner":false,"widgetType":"text-editor","elType":"widget"}],"isInner":false,"elType":"container"},{"id":"6d86718c","settings":[],"elements":[{"id":"78994bf0","settings":[],"elements":[],"isInner":false,"widgetType":"spacer","elType":"widget"},{"id":"61bdbb1","settings":{"title":"2. Choose recipes that fit your family's taste preferences.\u00a0","align":"center","__globals__":{"typography_typography":"globals\/typography?id=secondary"}},"elements":[],"isInner":false,"widgetType":"heading","elType":"widget"}],"isInner":false,"elType":"container"}],"isInner":false,"elType":"container"},{"id":"3dbc7e75","settings":{"flex_direction":"column"},"elements":[{"id":"36bb06af","settings":{"_flex_order":"end"},"elements":[{"id":"3f80920c","settings":{"editor":"<p>If you use a meal planning service, some prep work and grocery shopping are already done for you. That alone can afford you an hour or two per day.\u00a0 When you use a meal planning company to help you, remember to plan ahead and dedicate time to selecting recipes, making a shopping list, buying groceries, and cooking. This will help you feel less stressed when preparing your weekly meals.\u00a0<\/p>","__globals__":{"typography_typography":"globals\/typography?id=text"}},"elements":[],"isInner":false,"widgetType":"text-editor","elType":"widget"}],"isInner":false,"elType":"container"},{"id":"b610442","settings":{"_flex_order":"end"},"elements":[{"id":"f199c34","settings":{"title":"Here are simple meal planning tips to get you started:","header_size":"h3"},"elements":[],"isInner":false,"widgetType":"heading","elType":"widget"}],"isInner":false,"elType":"container"},{"id":"4d226878","settings":{"boxed_width":{"unit":"px","size":953,"sizes":[]},"_flex_order":"end"},"elements":[{"id":"15126f11","settings":{"icon_list":[{"text":"select recipes for Monday through Sunday","_id":"960b3af"},{"text":"make shopping list","_id":"23879be"},{"text":"go grocery shopping","_id":"bcfc021"},{"_id":"554ad81","text":"meal prep (think chopping, dicing, marinading, and preheating your oven)"},{"_id":"53ce809","text":"cook your meal"},{"_id":"f84b0df","text":" available resources to lower stress (like a meal planning service, a meal planner template, or meal planning app)."}]},"elements":[],"isInner":false,"widgetType":"icon-list","elType":"widget"}],"isInner":false,"elType":"container"},{"id":"3cca2943","settings":[],"elements":[{"id":"7df57457","settings":[],"elements":[],"isInner":false,"widgetType":"spacer","elType":"widget"},{"id":"323b4d74","settings":{"title":"3. Plan for meal prep time and cooking time.\u00a0\u00a0","align":"center","__globals__":{"typography_typography":"globals\/typography?id=secondary"}},"elements":[],"isInner":false,"widgetType":"heading","elType":"widget"}],"isInner":false,"elType":"container"}],"isInner":false,"elType":"container"},{"id":"618baf06","settings":{"flex_direction":"column"},"elements":[{"id":"685f2a2","settings":[],"elements":[{"id":"7243617a","settings":{"editor":"<p>Also, take into account extra time for any unexpected delays that might occur, like work duties or extracurricular activities.<\/p><p>A quick and healthy meal plan may be an excellent option if you're looking for fresh, updated recipes with 8 ingredients or less that are ready in 30 minutes or less.<\/p><p>Another option is to make meals in advance and store them in the fridge or freezer. Look into slow-cooker meal plans when cooking with no hands is a priority. Easy meal planning options that fit you and your family's lifestyle will help you avoid feeling rushed and stressed during dinner.<\/p>"},"elements":[],"isInner":false,"widgetType":"text-editor","elType":"widget"}],"isInner":false,"elType":"container"}],"isInner":false,"elType":"container"},{"id":"647df091","settings":{"flex_direction":"column"},"elements":[{"id":"5b64aa5f","settings":{"_flex_order":"end"},"elements":[{"id":"480fc406","settings":{"editor":"<p>When it comes to <em>simple<\/em> meal planning, it's important to be flexible. If you feel adventurous, mix things up by experimenting with new ingredients, flavors, diet plans, and recipes. You may quickly discover fresh foods you enjoy as you mix different cuisines, tastes, and textures into your meals.\u00a0<\/p><p>If you have little flexibility, plan a big batch recipe to last a few meals. Once you get the hang of all things meal planning, you will have more time to be flexible.\u00a0<\/p><p>And remember to leave room for unexpected cravings or last-minute changes. Flexibility with meal kits allows you to be more creative and keep your nutrition goals in check.\u00a0<\/p>","__globals__":{"typography_typography":"globals\/typography?id=text"}},"elements":[],"isInner":false,"widgetType":"text-editor","elType":"widget"}],"isInner":false,"elType":"container"},{"id":"1432c9a4","settings":[],"elements":[{"id":"4ae0131d","settings":[],"elements":[],"isInner":false,"widgetType":"spacer","elType":"widget"},{"id":"79d65cf3","settings":{"title":"4. Be flexible with meal planning","align":"center","__globals__":{"typography_typography":"globals\/typography?id=secondary"}},"elements":[],"isInner":false,"widgetType":"heading","elType":"widget"}],"isInner":false,"elType":"container"}],"isInner":false,"elType":"container"},{"id":"4723a4fb","settings":{"flex_direction":"column"},"elements":[{"id":"4bdea8cc","settings":{"_flex_order":"end"},"elements":[{"id":"42559e66","settings":{"editor":"<p>Take the time to appreciate and enjoy the meal prep process. Don't just focus on the end goal or outcome; embrace the journey and the steps to get there.\u00a0<\/p><p>Since cooking is a fun way to spend time with your family, use this opportunity to connect with your loved ones over food.<\/p><p>Most importantly, enjoy the process! Who doesn't love to bond over food?\u00a0<\/p><p>Meal prepping can be complicated. Use these 5 meal planning tips to get the most out of weekly meal plans to maintain a realistic diet meal prep schedule. <a href=\"https:\/\/emeals.com\/account\/join_account.php?\" target=\"_blank\" rel=\"noopener\">Ready to get started?<\/a>\u00a0\u00a0<\/p>","__globals__":{"typography_typography":"globals\/typography?id=text"}},"elements":[],"isInner":false,"widgetType":"text-editor","elType":"widget"}],"isInner":false,"elType":"container"},{"id":"5a83ddef","settings":[],"elements":[{"id":"96fc793","settings":[],"elements":[],"isInner":false,"widgetType":"spacer","elType":"widget"},{"id":"4a209209","settings":{"title":"5. Make sure to enjoy the process!","align":"center","__globals__":{"typography_typography":"globals\/typography?id=secondary"}},"elements":[],"isInner":false,"widgetType":"heading","elType":"widget"}],"isInner":false,"elType":"container"}],"isInner":false,"elType":"container"},{"id":"4e669e68","settings":{"content_width":{"unit":"px","size":1140,"sizes":[]},"background_background":"classic","border_border":"none","border_width":{"unit":"px","top":"0","right":"0","bottom":"0","left":"0","isLinked":true},"border_radius":{"unit":"px","top":"3","right":"3","bottom":"3","left":"3","isLinked":true},"padding":{"unit":"px","top":"5","right":"5","bottom":"5","left":"5","isLinked":true},"__globals__":{"border_color":"globals\/colors?id=42c0f4b","background_color":""},"border_color":"#99CA3C"},"elements":[{"id":"622939c4","settings":{"_column_size":100,"_inline_size":null},"elements":[{"id":"6e8beddb","settings":{"title":"Share with others","align":"center","title_color":"#99CA3C","_border_border":"none","__globals__":{"typography_typography":"globals\/typography?id=primary","title_color":"globals\/colors?id=primary"},"__dynamic__":[],"header_size":"h3"},"elements":[],"isInner":false,"widgetType":"heading","elType":"widget"},{"id":"6708f85e","elType":"widget","settings":{"share_buttons":[{"_id":"76eac17","__dynamic__":[]},{"button":"twitter","_id":"b65550b"},{"_id":"a87ef5c","button":"pinterest"},{"_id":"7e72c35","button":"email"}],"skin":"framed","shape":"rounded","alignment":"center","column_gap":{"unit":"px","size":2,"sizes":[]},"row_gap":{"unit":"px","size":5,"sizes":[]},"button_size":{"unit":"px","size":0.85,"sizes":[]},"icon_size":{"unit":"em","size":2.5,"sizes":[]},"button_height":{"unit":"em","size":4.6,"sizes":[]},"border_size":{"unit":"px","size":0,"sizes":[]},"color_source":"custom","primary_color":"#303C4B","secondary_color":"#FFFFFF","typography_typography":"custom","typography_font_size":{"unit":"px","size":11,"sizes":[]},"typography_font_size_mobile":{"unit":"px","size":20,"sizes":[]},"typography_font_weight":"600","typography_text_transform":"none","typography_letter_spacing":{"unit":"px","size":0,"sizes":[]},"typography_word_spacing":{"unit":"em","size":"","sizes":[]},"_transform_scale_popover_hover":"transform","_transform_scale_effect_hover":{"unit":"px","size":1,"sizes":[]},"_transform_transition_hover":{"unit":"px","size":2639,"sizes":[]},"motion_fx_transform_x_anchor_point":"center","motion_fx_transform_y_anchor_point":"center","__globals__":{"primary_color":"globals\/colors?id=secondary","secondary_color":"globals\/colors?id=b97fcda","typography_typography":"","primary_color_hover":"globals\/colors?id=42c0f4b","secondary_color_hover":"globals\/colors?id=b97fcda"},"typography_line_height":{"unit":"em","size":1.2,"sizes":[]},"__dynamic__":{"_element_id":"[elementor-tag id=\"abc8116\" name=\"shortcode\" settings=\"%7B%7D\"]","_css_classes":"[elementor-tag id=\"eb5dfdb\" name=\"shortcode\" settings=\"%7B%7D\"]","_attributes":"[elementor-tag id=\"6f571fb\" name=\"featured-image-data\" settings=\"%7B%22attachment_data%22%3A%22src%22%7D\"]"},"_border_border":"none"},"elements":[],"widgetType":"share-buttons"}],"isInner":false,"elType":"column"}],"isInner":false,"elType":"section"},{"id":"4a14e168","settings":{"flex_direction":"column","padding":{"unit":"px","top":"30","right":"0","bottom":"30","left":"0","isLinked":false}},"elements":[{"id":"41ddb594","settings":[],"elements":[{"id":"3c7c73d8","settings":{"image":{"url":"https:\/\/emeals.com\/meal-planning\/wp-content\/uploads\/2023\/02\/eMeals-Meal-Planning-App-Quote.png","id":583,"size":"","alt":"Showing a best meal planner emeals review","source":"library"},"align":"center","_attributes":"title | the best meal planning app and meal planner"},"elements":[],"isInner":false,"widgetType":"image","elType":"widget"}],"isInner":false,"elType":"container"}],"isInner":false,"elType":"container"},{"id":"5714c8d1","settings":{"content_position":"middle","background_background":"classic","margin":{"unit":"px","top":"","right":0,"bottom":"","left":0,"isLinked":true},"padding":{"unit":"px","top":"30","right":"0","bottom":"30","left":"0","isLinked":false},"padding_tablet":{"unit":"px","top":"30","right":"20","bottom":"30","left":"20","isLinked":false},"padding_mobile":{"unit":"px","top":"25","right":"20","bottom":"25","left":"20","isLinked":false},"html_tag":"footer","flex_direction":"column","flex_gap":{"size":50,"unit":"px"},"flex_gap_mobile":{"unit":"px","size":40,"sizes":[]},"_title":"Footer","flex_justify_content":"center","_flex_align_self":"center","__globals__":{"background_color":"globals\/colors?id=80fb6de"},"flex_align_items_mobile":"center"},"elements":[{"id":"81cbacf","settings":{"content_position":"middle","structure":"20","border_border":"dotted","border_width":{"unit":"px","top":"0","right":"0","bottom":"1","left":"0","isLinked":false},"border_color":"#9b9b9b","padding":{"unit":"px","top":"0","right":"0","bottom":"30","left":"0","isLinked":false},"flex_direction":"row","flex_align_items":"stretch","flex_gap":{"size":0,"unit":"px"},"content_width":"full"},"elements":[{"id":"69690cd","settings":{"_column_size":50,"width":{"size":null,"unit":"%"},"width_mobile":{"unit":"%","size":100},"content_width":"full","flex_direction":"row","flex_justify_content":"center","flex_align_items":"center","padding":{"unit":"px","top":"0","right":"0","bottom":"0","left":"0","isLinked":true},"flex_direction_mobile":"column","flex_justify_content_mobile":"center","_flex_align_self_mobile":"center","_flex_size":"none","_element_width_mobile":"initial"},"elements":[{"id":"1a03dd6b","settings":{"align_items":"center","animation_line":"drop-out","animation_text":"none","color_menu_item_hover":"#000000","pointer_color_menu_item_hover":"#00ce1b","menu_typography_typography":"custom","menu_typography_font_size":{"unit":"px","size":15},"pointer_width":{"unit":"px","size":1},"color_dropdown_item":"#000000","background_color_dropdown_item":"#eaeaea","color_dropdown_item_hover":"#00ce1b","background_color_dropdown_item_hover":"#ededed","dropdown_typography_typography":"custom","dropdown_typography_font_size":{"unit":"px","size":15},"toggle_color":"#000000","toggle_color_hover":"#00ce1b","toggle_size":{"unit":"px","size":30},"toggle_border_width":{"unit":"px","size":0},"toggle_border_radius":{"unit":"px","size":0},"pointer":"none","dropdown":"mobile","menu_typography_font_size_tablet":{"unit":"px","size":13},"menu_typography_font_weight":"500","padding_horizontal_menu_item":{"unit":"px","size":0},"menu_space_between":{"unit":"px","size":31},"full_width":"stretch","text_align":"center","dropdown_top_distance_mobile":{"unit":"px","size":40},"toggle_background_color":"rgba(0,0,0,0)","menu":"footer-menu","_flex_align_self_mobile":"center","_attributes":"Title | meal planning footer navigation bar Mobile\naria-label | Footer Nav Bar Mobile","menu_id":164},"elements":[],"isInner":false,"widgetType":"nav-menu","elType":"widget"}],"isInner":false,"elType":"container"}],"isInner":false,"elType":"container"},{"id":"f1c296","settings":{"content_position":"middle","structure":"20","flex_direction":"row","flex_align_items":"center","flex_gap":{"size":0,"unit":"px"},"content_width":"full","flex_justify_content":"space-between","flex_gap_mobile":{"unit":"px","size":20,"sizes":[]},"padding":{"unit":"px","top":"0","right":"0","bottom":"0","left":"0","isLinked":true}},"elements":[{"id":"7a701e88","settings":{"_column_size":50,"width":{"size":null,"unit":"%"},"content_width":"full","flex_direction":"row","flex_direction_mobile":"column","flex_justify_content":"flex-start","flex_align_items":"center","padding":{"unit":"px","top":"0","right":"0","bottom":"0","left":"0","isLinked":true},"width_laptop":{"unit":"px","size":752},"_flex_size":"none","_element_width_laptop":"initial"},"elements":[{"id":"27372623","settings":{"title":"Copyright 2002-2023, eMeals Inc. The eMeals name and logo is a trademark of eMeals Inc. All Rights Reserved","title_color":"#54595f","typography_typography":"custom","typography_font_size":{"unit":"px","size":13},"typography_font_weight":"300","align":"left","align_mobile":"center","typography_line_height_mobile":{"unit":"px","size":19},"header_size":"p"},"elements":[],"isInner":false,"widgetType":"heading","elType":"widget"}],"isInner":false,"elType":"container"},{"id":"69511373","settings":{"_column_size":50,"width":{"size":null,"unit":"%"},"content_width":"full","flex_direction":"row-reverse","flex_direction_mobile":"column","flex_justify_content":"flex-start","flex_align_items":"center","padding":{"unit":"px","top":"0","right":"0","bottom":"0","left":"0","isLinked":true}},"elements":[{"id":"4d54a761","settings":{"__dynamic__":{"image":"[elementor-tag id=\"\" name=\"site-logo\" settings=\"%7B%7D\"]"},"width":{"unit":"%","size":76,"sizes":[]}},"elements":[],"isInner":false,"widgetType":"theme-site-logo","elType":"widget"}],"isInner":false,"elType":"container"}],"isInner":false,"elType":"container"}],"isInner":false,"elType":"container"}],"settings":{"template":"default","content_wrapper_html_tag":"header"},"metadata":[]}