{"content":[{"id":"276349a1","settings":{"content_width":{"unit":"px","size":1140,"sizes":[]},"background_background":"classic","border_border":"none","border_width":{"unit":"px","top":"0","right":"0","bottom":"0","left":"0","isLinked":true},"border_radius":{"unit":"px","top":"3","right":"3","bottom":"3","left":"3","isLinked":true},"padding":{"unit":"px","top":"5","right":"5","bottom":"5","left":"5","isLinked":true},"__globals__":{"border_color":"globals\/colors?id=42c0f4b","background_color":""},"border_color":"#99CA3C"},"elements":[{"id":"6bfc4f3b","settings":{"_column_size":100,"_inline_size":null},"elements":[{"id":"46f04281","settings":[],"elements":[{"id":"631138d2","settings":{"space":{"unit":"px","size":10,"sizes":[]}},"elements":[],"isInner":false,"widgetType":"spacer","elType":"widget"}],"isInner":false,"elType":"container"}],"isInner":false,"elType":"column"}],"isInner":false,"elType":"section"},{"id":"6277a4c","settings":{"layout":"full_width","flex_gap":{"size":0,"unit":"px"},"min_height":{"unit":"px","size":100,"sizes":[]},"content_position":"middle","padding":{"unit":"%","top":"0","right":"8","bottom":"0","left":"8","isLinked":""},"background_background":"classic","background_motion_fx_opacity_range":{"unit":"%","size":"","sizes":{"start":"0","end":1}},"margin":{"unit":"%","top":"0","right":0,"bottom":"5","left":0,"isLinked":false},"z_index":"95","sticky":"top","__globals__":[],"padding_tablet":{"unit":"%","top":"0","right":"5","bottom":"0","left":"5","isLinked":""},"padding_mobile":{"unit":"%","top":"","right":"","bottom":"","left":"","isLinked":"1"},"background_motion_fx_range":"page","margin_mobile":{"unit":"%","top":"","right":0,"bottom":"","left":0,"isLinked":true},"_title":"Header","min_height_tablet":{"unit":"px","size":85,"sizes":[]},"structure":"30","margin_tablet":{"unit":"%","top":"","right":"","bottom":"","left":"","isLinked":true},"min_height_mobile":{"unit":"px","size":65,"sizes":[]},"flex_direction":"row","flex_align_items":"stretch","content_width":"full","background_color":"#FFFFFF","flex_direction_mobile":"column","flex_justify_content":"center"},"elements":[{"id":"51f1d29c","settings":{"_column_size":33,"width":{"size":25,"unit":"%"},"width_tablet":{"size":15,"unit":"%"},"width_mobile":{"size":20,"unit":"%"},"content_width":"full","flex_direction":"column","flex_justify_content":"center","flex_gap":{"unit":"px","size":20,"sizes":[]},"padding":{"unit":"px","top":"0","right":"0","bottom":"0","left":"0","isLinked":false},"width_laptop":{"unit":"px","size":161.523},"_flex_size":"none","_element_width_laptop":"initial","_flex_align_self_mobile":"center","hide_tablet":"hidden-tablet","hide_mobile":"hidden-mobile"},"elements":[{"id":"2d4b9916","settings":{"__dynamic__":{"image":"[elementor-tag id=\"\" name=\"site-logo\" settings=\"%7B%7D\"]"},"width":{"unit":"%","size":100,"sizes":[]},"css_filters_brightness":{"unit":"px","size":0,"sizes":[]},"css_filters_saturate":{"unit":"px","size":0,"sizes":[]},"height":{"unit":"px","size":34,"sizes":[]},"object-fit":"contain","width_tablet":{"unit":"px","size":"","sizes":[]},"width_mobile":{"unit":"px","size":"","sizes":[]},"height_tablet":{"unit":"px","size":27,"sizes":[]},"height_mobile":{"unit":"px","size":20,"sizes":[]},"align":"left","image":{"id":1831,"url":"https:\/\/emeals.com\/meal-planning\/wp-content\/uploads\/2023\/05\/placeholder-4.png"},"text_color":"#324A6D","caption_typography_typography":"custom","caption_typography_font_family":"Poppins","caption_typography_font_size":{"unit":"px","size":16,"sizes":[]},"caption_typography_font_size_tablet":{"unit":"px","size":14,"sizes":[]},"caption_typography_font_weight":"300","caption_typography_text_transform":"none","caption_typography_font_style":"normal","caption_typography_text_decoration":"none","caption_typography_line_height":{"unit":"em","size":1.5,"sizes":[]},"caption_typography_letter_spacing":{"unit":"px","size":0,"sizes":[]},"caption_typography_word_spacing":{"unit":"em","size":0,"sizes":[]},"__globals__":[],"link_to":"custom","link":{"url":"https:\/\/emeals.com\/","is_external":"on","nofollow":"","custom_attributes":"title | emeals home page"},"_flex_align_self":"center"},"elements":[],"isInner":false,"widgetType":"theme-site-logo","elType":"widget"}],"isInner":false,"elType":"container"},{"id":"6d8ff18d","settings":{"_column_size":33,"width":{"size":50,"unit":"%"},"width_tablet":{"size":85,"unit":"%"},"width_mobile":{"size":33,"unit":"%"},"margin":{"unit":"%","top":"","right":"","bottom":"","left":"","isLinked":true},"margin_tablet":{"unit":"%","top":"","right":"","bottom":"","left":"","isLinked":true},"margin_mobile":{"unit":"%","top":"","right":"","bottom":"","left":"","isLinked":true},"padding":{"unit":"%","top":"0","right":"0","bottom":"0","left":"0","isLinked":false},"padding_tablet":{"unit":"%","top":"","right":"","bottom":"","left":"","isLinked":true},"padding_mobile":{"unit":"%","top":"","right":"","bottom":"","left":"","isLinked":true},"content_width":"full","flex_direction":"row","flex_justify_content":"center","flex_align_items":"center","flex_gap":{"unit":"px","size":2,"sizes":[]},"width_laptop":{"unit":"px","size":510.648},"_flex_size":"none","_element_width_laptop":"initial","_flex_align_self_mobile":"center"},"elements":[{"id":"49eb4a07","settings":{"full_width":"stretch","pointer_width":{"unit":"px","size":1,"sizes":[]},"padding_horizontal_menu_item":{"unit":"px","size":"0","sizes":[]},"padding_vertical_menu_item":{"unit":"px","size":"5","sizes":[]},"menu_space_between":{"unit":"px","size":"30","sizes":[]},"__globals__":{"menu_typography_typography":"","color_menu_item":"globals\/colors?id=primary","color_menu_item_hover":"globals\/colors?id=42c0f4b"},"animation_text":"none","padding_vertical_dropdown_item_mobile":{"unit":"px","size":"14","sizes":[]},"dropdown_top_distance_mobile":{"unit":"px","size":"15","sizes":[]},"toggle_size_mobile":{"unit":"px","size":43,"sizes":[]},"color_menu_item_active":"#324A6D","color_dropdown_item":"#1C244B","background_color_dropdown_item":"#F3F5F8","background_color_dropdown_item_hover":"#F9FAFD","background_color_dropdown_item_active":"#F9FAFD","toggle_color":"#467FF7","toggle_background_color":"#02010100","align_items":"center","dropdown":"mobile","toggle_align":"right","menu_typography_typography":"custom","menu_typography_font_family":"Poppins","menu_typography_font_size":{"unit":"px","size":14,"sizes":[]},"menu_typography_font_weight":"600","menu_typography_text_transform":"capitalize","menu_typography_text_decoration":"none","menu_typography_line_height":{"unit":"em","size":1.1,"sizes":[]},"menu_typography_letter_spacing":{"unit":"px","size":0.3,"sizes":[]},"pointer_color_menu_item_hover":"#324A6D","pointer_color_menu_item_active":"#324A6D","nav_menu_divider_color":"#324A6D","dropdown_typography_typography":"custom","dropdown_typography_font_family":"Poppins","dropdown_typography_font_size":{"unit":"px","size":16,"sizes":[]},"dropdown_typography_font_size_tablet":{"unit":"px","size":14,"sizes":[]},"dropdown_typography_font_weight":"400","dropdown_typography_text_transform":"capitalize","dropdown_typography_font_style":"normal","dropdown_typography_text_decoration":"none","dropdown_typography_letter_spacing":{"unit":"px","size":0,"sizes":[]},"dropdown_typography_word_spacing":{"unit":"em","size":0,"sizes":[]},"dropdown_typography_line_height":{"unit":"em","size":1,"sizes":[]},"menu":"meal-planning-header","pointer":"text","menu_typography_font_size_mobile":{"unit":"px","size":22,"sizes":[]},"menu_id":9},"elements":[],"isInner":false,"widgetType":"nav-menu","elType":"widget"}],"isInner":false,"elType":"container"},{"id":"36c8415e","settings":{"_column_size":33,"width":{"size":25,"unit":"%"},"width_tablet":{"size":85,"unit":"%"},"width_mobile":{"size":68,"unit":"%"},"margin":{"unit":"%","top":"","right":"","bottom":"","left":"","isLinked":true},"margin_tablet":{"unit":"%","top":"","right":"","bottom":"","left":"","isLinked":true},"margin_mobile":{"unit":"%","top":"","right":"","bottom":"","left":"","isLinked":true},"padding":{"unit":"%","top":"0","right":"0","bottom":"0","left":"0","isLinked":false},"padding_tablet":{"unit":"%","top":"","right":"","bottom":"","left":"","isLinked":true},"padding_mobile":{"unit":"%","top":"","right":"","bottom":"","left":"","isLinked":true},"content_width":"full","flex_direction":"row","flex_justify_content":"center","flex_align_items":"center","flex_gap":{"unit":"px","size":20,"sizes":[]},"hide_mobile":"hidden-mobile","_flex_align_self_mobile":"center","_flex_align_self":"center"},"elements":[{"id":"7e69e4bb","settings":{"text":"Try FREE For 14 Days","align":"right","button_text_color":"#FFFFFF","border_border":"solid","border_width":{"unit":"px","top":"1","right":"1","bottom":"1","left":"1","isLinked":"1"},"border_radius":{"unit":"px","top":"8","right":"8","bottom":"8","left":"8","isLinked":"1"},"text_padding":{"unit":"px","top":"8","right":"14","bottom":"8","left":"14","isLinked":""},"__globals__":{"typography_typography":"","border_color":"globals\/colors?id=42c0f4b","background_color":"globals\/colors?id=42c0f4b","hover_color":"globals\/colors?id=948b3b5","button_background_hover_color":"globals\/colors?id=secondary","button_hover_border_color":"globals\/colors?id=secondary"},"text_padding_tablet":{"unit":"px","top":"14","right":"35","bottom":"14","left":"35","isLinked":false},"text_padding_mobile":{"unit":"px","top":"12","right":"25","bottom":"12","left":"25","isLinked":false},"link":{"url":"https:\/\/emeals.com\/account\/join_account.php?","is_external":"on","nofollow":"","custom_attributes":"title | try emeals free for 14 days"},"__dynamic__":[],"typography_typography":"custom","typography_font_size":{"unit":"px","size":14,"sizes":[]},"typography_font_weight":"600","typography_text_transform":"none","typography_text_decoration":"none","typography_line_height":{"unit":"em","size":1.4,"sizes":[]},"typography_letter_spacing":{"unit":"px","size":0.2,"sizes":[]},"_flex_size":"grow","typography_font_size_mobile":{"unit":"px","size":16,"sizes":[]}},"elements":[],"isInner":false,"widgetType":"button","elType":"widget"}],"isInner":false,"elType":"container"}],"isInner":false,"elType":"container"},{"id":"50cb6653","settings":{"flex_direction":"column"},"elements":[{"id":"71ef2679","settings":{"image":{"url":"https:\/\/emeals.com\/meal-planning\/wp-content\/uploads\/2023\/03\/what-are-the-top-6-meal-plans-for-weight-loss-emeals.webp","id":720,"size":"","alt":"blog post discussing the top 6 meal plans for weight loss blog post","source":"library"}},"elements":[],"isInner":false,"widgetType":"image","elType":"widget"}],"isInner":false,"elType":"container"},{"id":"44f9214a","settings":{"flex_direction":"column"},"elements":[{"id":"720f7252","settings":{"title":"what are the top 6 custom meal plans for weight loss?","align":"center","__globals__":{"typography_typography":""},"header_size":"h1","typography_typography":"custom","typography_font_size":{"unit":"px","size":32,"sizes":[]},"typography_font_size_mobile":{"unit":"px","size":30,"sizes":[]},"typography_font_weight":"700","typography_text_transform":"capitalize","typography_font_style":"normal","typography_text_decoration":"none","typography_line_height":{"unit":"em","size":1.2,"sizes":[]},"typography_letter_spacing":{"unit":"px","size":0,"sizes":[]}},"elements":[],"isInner":false,"widgetType":"heading","elType":"widget"}],"isInner":false,"elType":"container"},{"id":"5f769194","settings":{"flex_direction":"column"},"elements":[{"id":"4418cbb9","settings":[],"elements":[{"id":"41b91704","settings":{"editor":"<p>Are you looking for a healthy meal plan for weight loss to help start or maintain your lifestyle goals? Whether your goal is to improve overall health, lower body mass index, or maintain a healthy weight, eMeals meal planning service offers several meal plans for whatever weight loss programs you follow or weight loss diet goals you set.\u00a0<\/p><p>According to\u00a0<a href=\"https:\/\/www.medicalnewstoday.com\/articles\/weight-loss-meal-plan#different-approaches\" target=\"_blank\" rel=\"noopener noreferrer\">Medical News Today<\/a>, \"Dietary requirements vary. There is a range of approaches to weight loss that may benefit different people.\" So depending on your weight loss goals and dietary needs, you can decide on meal plans to lose weight fast, a meal plan for diet, or something more suitable.<\/p><p>Luckily eMeals offers several custom meal plans to fit your weight loss ambitions. You can read below to learn about the top 4 meal plans for weight loss.\u00a0<\/p>"},"elements":[],"isInner":false,"widgetType":"text-editor","elType":"widget"}],"isInner":false,"elType":"container"}],"isInner":false,"elType":"container"},{"id":"19ebd810","settings":{"flex_direction":"column"},"elements":[{"id":"48cc781d","settings":[],"elements":[{"id":"411c0e0b","settings":{"title":"1. Mediterranean Meal Plan","__globals__":{"typography_typography":"globals\/typography?id=secondary"}},"elements":[],"isInner":false,"widgetType":"heading","elType":"widget"}],"isInner":false,"elType":"container"}],"isInner":false,"elType":"container"},{"id":"3bd1b06b","settings":{"flex_direction":"row"},"elements":[{"id":"39bdbced","settings":{"content_width":"full","width":{"unit":"%","size":43,"sizes":[]},"flex_justify_content":"center"},"elements":[{"id":"6487837b","settings":{"image":{"url":"https:\/\/emeals.com\/meal-planning\/wp-content\/uploads\/2023\/02\/emeals-mediterranean-meal-plan-image.webp","id":777,"size":"","alt":"image of mediterranean meal plan recipe from emeals","source":"library"}},"elements":[],"isInner":false,"widgetType":"image","elType":"widget"}],"isInner":false,"elType":"container"},{"id":"64ebbdfe","settings":{"flex_justify_content":"center"},"elements":[{"id":"4a4c60b","settings":{"editor":"<p>The Mediterranean meal plan focuses on recipes that utilize fresh herbs, bold spices, seasonal vegetables, whole grains, and plenty of fish. The Mediterranean diet is ranked as\u00a0<a href=\"https:\/\/health.usnews.com\/best-diet\/mediterranean-diet\" target=\"_blank\" rel=\"noopener noreferrer\">one of U.S. News &amp; World Report's Best Diets of 2023<\/a>.\u00a0\u00a0<\/p><p>Additionally, after expert panelists from U.S. News reviewed the top 2023 diets, the Mediterranean diet is ranked at the top as\u00a0<a href=\"https:\/\/health.usnews.com\/best-diet\/mediterranean-diet\" target=\"_blank\" rel=\"noopener noreferrer\">#1 in Best Diets Overall<\/a>. It's no wonder this diet is at the top of the list. Each eMeals\u00a0<a href=\"https:\/\/emeals.com\/meal-plans\/mediterranean\/\" target=\"_blank\" rel=\"noopener noreferrer\">Mediterranean Meal Plan<\/a>\u00a0recipe follows the Mediterranean diet, focusing on improving overall health and well-being.\u00a0\u00a0<\/p><p>Customers will naturally limit saturated fat, sugar, and sodium intake by taking a more traditional way of making meals by limiting certain ingredients like red meat and using more plant-based foods like fruits, vegetables, lead meats, and whole grains. Overall, this way of eating naturally sheds fat and weight while packing on nutrients for a healthy and balanced way of eating.\u00a0<\/p>"},"elements":[],"isInner":false,"widgetType":"text-editor","elType":"widget"}],"isInner":false,"elType":"container"}],"isInner":false,"elType":"container"},{"id":"68cbd07a","settings":{"flex_direction":"column"},"elements":[{"id":"35f3a949","settings":[],"elements":[{"id":"30e0cc8f","settings":{"title":"2. Quick and Healthy Meal Plan","__globals__":{"typography_typography":"globals\/typography?id=secondary"}},"elements":[],"isInner":false,"widgetType":"heading","elType":"widget"}],"isInner":false,"elType":"container"}],"isInner":false,"elType":"container"},{"id":"26111caf","settings":{"flex_direction":"row"},"elements":[{"id":"9f68f79","settings":{"content_width":"full","width":{"unit":"%","size":43,"sizes":[]},"flex_justify_content":"center"},"elements":[{"id":"4a20ef80","settings":{"image":{"url":"https:\/\/emeals.com\/meal-planning\/wp-content\/uploads\/2023\/02\/emeals-quick-and-healthy-meal-plan-image.webp","id":770,"size":"","alt":"image of quick and healthy meal plan by emeals","source":"library"}},"elements":[],"isInner":false,"widgetType":"image","elType":"widget"}],"isInner":false,"elType":"container"},{"id":"f7b9cda","settings":{"flex_justify_content":"center"},"elements":[{"id":"7378de9b","settings":{"editor":"<p>eMeals\u00a0<a href=\"https:\/\/emeals.com\/meal-plans\/quick-and-healthy\/\" target=\"_blank\" rel=\"noopener noreferrer\">Quick and Healthy Meal Plan<\/a>\u00a0focuses on simple, healthy meals that include nutrition information and short ingredient lists that promote weight loss. This easy-to-follow meal plan fits busy lifestyles and is updated weekly with fresh recipes that use only 8 ingredients or less.\u00a0<\/p><p>All the recipes in this weight loss meal plan take only 30 minutes or less, making it possible to enjoy healthy meals on the fly.\u00a0<\/p>"},"elements":[],"isInner":false,"widgetType":"text-editor","elType":"widget"}],"isInner":false,"elType":"container"}],"isInner":false,"elType":"container"},{"id":"6421af66","settings":{"flex_direction":"column"},"elements":[{"id":"1734196a","settings":[],"elements":[{"id":"42e04502","settings":{"title":"3. Clean Eating Meal Plan","__globals__":{"typography_typography":"globals\/typography?id=secondary"}},"elements":[],"isInner":false,"widgetType":"heading","elType":"widget"}],"isInner":false,"elType":"container"}],"isInner":false,"elType":"container"},{"id":"5170d3ec","settings":{"flex_direction":"row"},"elements":[{"id":"17919a25","settings":{"content_width":"full","width":{"unit":"%","size":43,"sizes":[]},"flex_justify_content":"center"},"elements":[{"id":"5c42537d","settings":{"image":{"url":"https:\/\/emeals.com\/meal-planning\/wp-content\/uploads\/2023\/02\/emeals-clean-eating-meal-plan-image.webp","id":776,"size":"","alt":"image of clean eating meal plan recipe from emeals","source":"library"}},"elements":[],"isInner":false,"widgetType":"image","elType":"widget"}],"isInner":false,"elType":"container"},{"id":"31f4490","settings":{"flex_justify_content":"center"},"elements":[{"id":"705b3252","settings":{"editor":"<p>If you want a more wholesome approach to weight loss meal plans, the eMeals Clean Eating Meal Plan may be perfect for you. As today.com explains in a recent\u00a0<a href=\"https:\/\/www.today.com\/health\/best-way-lose-weight-boils-down-these-5-principles-t204859\" target=\"_blank\" rel=\"noopener noreferrer\">weight loss article<\/a>, \"Whole foods are also more filling and satisfying than the processed foods they replace. Foods made with heavily processed grains, like pizza, whiz through the digestive system, leaving you hungry soon after eating.\"\u00a0\u00a0<\/p><p>Our clean eating meal plan utilizes fresh, seasonal ingredients and aims to avoid processed ingredients. As a result, you and your family will experience a wide range of flavors and foods at the peak of their season, thus fueling your body with top-quality foods packed with nutrients.\u00a0<\/p><p>With eMeals\u00a0<a href=\"https:\/\/emeals.com\/meal-plans\/clean-eating\/\" target=\"_blank\" rel=\"noopener noreferrer\">clean eating meal plan<\/a>, you will have access to nutrition information and receive recipes that use only whole food ingredients. In addition, all of this meal plan's products are BPA-Free.<\/p>"},"elements":[],"isInner":false,"widgetType":"text-editor","elType":"widget"}],"isInner":false,"elType":"container"}],"isInner":false,"elType":"container"},{"id":"4818613","settings":{"flex_direction":"column"},"elements":[{"id":"2a1f10ea","settings":[],"elements":[{"id":"7aba18a7","settings":{"title":"5. Heart Healthy Meal Plan","__globals__":{"typography_typography":"globals\/typography?id=secondary"}},"elements":[],"isInner":false,"widgetType":"heading","elType":"widget"}],"isInner":false,"elType":"container"}],"isInner":false,"elType":"container"},{"id":"155697f6","settings":{"flex_direction":"row"},"elements":[{"id":"1cad201b","settings":{"content_width":"full","width":{"unit":"%","size":43,"sizes":[]},"flex_justify_content":"center"},"elements":[{"id":"31b8a767","settings":{"image":{"url":"https:\/\/emeals.com\/meal-planning\/wp-content\/uploads\/2023\/02\/emeals-heart-healthy-meal-plan-image.webp","id":773,"size":"","alt":"image of heart healthy meal plan recipe by emeals","source":"library"}},"elements":[],"isInner":false,"widgetType":"image","elType":"widget"}],"isInner":false,"elType":"container"},{"id":"ec19a6d","settings":{"flex_justify_content":"center"},"elements":[{"id":"67bd6486","settings":{"editor":"<p>Keeping an eye on sodium, saturated fats, and processed foods are essential to losing or maintaining a healthy weight. Not only does this meal plan help with weight management, but it also promotes a healthy cardiovascular system by lowering high blood pressure, aids in\u00a0<a href=\"https:\/\/www.aafp.org\/pubs\/afp\/issues\/2009\/0401\/p571-s1.html#:~:text=A%20heart%2Dhealthy%20diet%20should,lower%20your%20risk%20of%20cancer.\" target=\"_blank\" rel=\"noopener noreferrer\">lowering your risk for cancer<\/a>, and promotes a lifetime of healthy eating habits.\u00a0<\/p><p>Any individual over the age of 2 can enjoy this meal plan. eMeals\u00a0<a href=\"https:\/\/emeals.com\/meal-plans\/heart-healthy\/\" target=\"_blank\" rel=\"noopener noreferrer\">Heart Healthy Meal Plan\u00a0<\/a>is designed to focus on recipes using lean meats, whole grains, heart healthy oils, healthy fats, and meals with less than 500 calories per serving and 800mg sodium per serving.\u00a0<\/p>"},"elements":[],"isInner":false,"widgetType":"text-editor","elType":"widget"}],"isInner":false,"elType":"container"}],"isInner":false,"elType":"container"},{"id":"7a3bd29d","settings":{"flex_direction":"column"},"elements":[{"id":"c09ba43","settings":[],"elements":[{"id":"59632eab","settings":{"title":"6. Low Calorie Meal Plan","__globals__":{"typography_typography":"globals\/typography?id=secondary"}},"elements":[],"isInner":false,"widgetType":"heading","elType":"widget"}],"isInner":false,"elType":"container"}],"isInner":false,"elType":"container"},{"id":"6863bf0b","settings":{"flex_direction":"row"},"elements":[{"id":"46730178","settings":{"content_width":"full","width":{"unit":"%","size":43,"sizes":[]},"flex_justify_content":"center"},"elements":[{"id":"15b8fee","settings":{"image":{"url":"https:\/\/emeals.com\/meal-planning\/wp-content\/uploads\/2023\/02\/emeals-low-calorie-meal-plan-image.webp","id":774,"size":"","alt":"image of low calorie meal plan recipe from eMeals","source":"library"}},"elements":[],"isInner":false,"widgetType":"image","elType":"widget"}],"isInner":false,"elType":"container"},{"id":"420ead40","settings":{"flex_justify_content":"center"},"elements":[{"id":"47c1ea94","settings":{"editor":"<p>The Low Calorie Meal Meal Plan is perfect for you if your weight loss goal is to reduce the total calorie intake per meal. This meal plan ensures you will eat slim while enjoying your favorite foods and flavors. From popular recipes like pizza and pasta dishes, recipes in this plan limit the use of saturated fats and aim to reduce cholesterol.\u00a0<\/p><p>You will discover that counting calories is key in\u00a0<a href=\"https:\/\/emeals.com\/meal-plans\/low-calorie\/\" target=\"_blank\" rel=\"noopener noreferrer\">all recipes<\/a>\u00a0here since our goals is to have less than 500 calories per serving. In addition, each meal includes details on nutrition information, thus helping customers reach their meal plan weight loss goals.\u00a0<\/p><p>If your goal is to find a meal plan to lose weight fast or to use meal plans for weight loss at a more steady pace, eMeals has meal plans to match your rate. These top 6 meal plans that eMeals offers will help you lose weight or keep a healthy weight. To make meal planning simpler, the eMeals\u00a0<a href=\"https:\/\/emeals.com\/account\/\" target=\"_blank\" rel=\"noopener noreferrer\">meal planning app<\/a>\u00a0will also help organize your meal plans for weight loss with new weekly recipes, pre-made shopping lists, and more.\u00a0<\/p><p>Let's get your <a href=\"https:\/\/emeals.com\/account\/join_account.php?\" target=\"_blank\" rel=\"noopener noreferrer\">14 day free-trial<\/a> started!<\/p>"},"elements":[],"isInner":false,"widgetType":"text-editor","elType":"widget"}],"isInner":false,"elType":"container"}],"isInner":false,"elType":"container"},{"id":"6b815a32","settings":{"content_width":{"unit":"px","size":1140,"sizes":[]},"background_background":"classic","border_border":"none","border_width":{"unit":"px","top":"0","right":"0","bottom":"0","left":"0","isLinked":true},"border_radius":{"unit":"px","top":"3","right":"3","bottom":"3","left":"3","isLinked":true},"padding":{"unit":"px","top":"5","right":"5","bottom":"5","left":"5","isLinked":true},"__globals__":{"border_color":"globals\/colors?id=42c0f4b","background_color":""},"border_color":"#99CA3C"},"elements":[{"id":"5110f9c5","settings":{"_column_size":100,"_inline_size":null},"elements":[{"id":"225a44ba","settings":[],"elements":[],"isInner":false,"widgetType":"spacer","elType":"widget"},{"id":"5d9b33a6","settings":{"title":"Share with others","align":"center","title_color":"#99CA3C","_border_border":"none","__globals__":{"typography_typography":"globals\/typography?id=primary","title_color":"globals\/colors?id=primary"},"__dynamic__":[],"header_size":"h3"},"elements":[],"isInner":false,"widgetType":"heading","elType":"widget"},{"id":"a41ab81","elType":"widget","settings":{"share_buttons":[{"_id":"76eac17","__dynamic__":[]},{"button":"twitter","_id":"b65550b"},{"_id":"a87ef5c","button":"pinterest"},{"_id":"7e72c35","button":"email"}],"skin":"framed","shape":"rounded","alignment":"center","column_gap":{"unit":"px","size":2,"sizes":[]},"row_gap":{"unit":"px","size":5,"sizes":[]},"button_size":{"unit":"px","size":0.85,"sizes":[]},"icon_size":{"unit":"em","size":2.5,"sizes":[]},"button_height":{"unit":"em","size":4.6,"sizes":[]},"border_size":{"unit":"px","size":0,"sizes":[]},"color_source":"custom","primary_color":"#303C4B","secondary_color":"#FFFFFF","typography_typography":"custom","typography_font_size":{"unit":"px","size":11,"sizes":[]},"typography_font_size_mobile":{"unit":"px","size":20,"sizes":[]},"typography_font_weight":"600","typography_text_transform":"none","typography_letter_spacing":{"unit":"px","size":0,"sizes":[]},"typography_word_spacing":{"unit":"em","size":"","sizes":[]},"_transform_scale_popover_hover":"transform","_transform_scale_effect_hover":{"unit":"px","size":1,"sizes":[]},"_transform_transition_hover":{"unit":"px","size":2639,"sizes":[]},"motion_fx_transform_x_anchor_point":"center","motion_fx_transform_y_anchor_point":"center","__globals__":{"primary_color":"globals\/colors?id=secondary","secondary_color":"globals\/colors?id=b97fcda","typography_typography":"","primary_color_hover":"globals\/colors?id=42c0f4b","secondary_color_hover":"globals\/colors?id=b97fcda"},"typography_line_height":{"unit":"em","size":1.2,"sizes":[]},"__dynamic__":{"_element_id":"[elementor-tag id=\"abc8116\" name=\"shortcode\" settings=\"%7B%7D\"]","_css_classes":"[elementor-tag id=\"eb5dfdb\" name=\"shortcode\" settings=\"%7B%7D\"]","_attributes":"[elementor-tag id=\"6f571fb\" name=\"featured-image-data\" settings=\"%7B%22attachment_data%22%3A%22src%22%7D\"]"},"_border_border":"none"},"elements":[],"widgetType":"share-buttons"},{"id":"2853506a","settings":[],"elements":[],"isInner":false,"widgetType":"spacer","elType":"widget"}],"isInner":false,"elType":"column"}],"isInner":false,"elType":"section"},{"id":"665c5e12","settings":{"layout":"full_width","flex_gap":{"size":65,"unit":"px"},"min_height":{"unit":"vh","size":"","sizes":[]},"background_background":"classic","padding":{"unit":"%","top":"2","right":"2","bottom":"2","left":"2","isLinked":true},"padding_tablet":{"unit":"%","top":"10","right":"2","bottom":"10","left":"2","isLinked":""},"padding_mobile":{"unit":"%","top":"20","right":"5","bottom":"20","left":"5","isLinked":""},"_title":"Team","flex_direction":"row","min_height_tablet":{"unit":"vh","size":"","sizes":[]},"min_height_mobile":{"unit":"vh","size":"","sizes":[]},"flex_justify_content":"center","__globals__":{"background_color":"globals\/colors?id=b97fcda"}},"elements":[{"id":"3a23ae7d","settings":{"boxed_width":{"unit":"px","size":650,"sizes":[]},"flex_direction":"column","flex_gap":{"unit":"px","size":10,"sizes":[]},"padding":{"unit":"px","top":"0","right":"0","bottom":"0","left":"0","isLinked":true}},"elements":[{"id":"7b22817","settings":{"testimonial_content":"\"We love e-meals! The majority of the recipes are huge hits with our family. The ease of creating a list and ordering groceries to be delivered is what makes this a huge time saver. We have saved money on our groceries by being able to meal plan! I was skeptical at first- but now I recommend to everyone I know!\"","testimonial_image":{"url":"https:\/\/emeals.com\/meal-planning\/wp-content\/uploads\/2023\/01\/influencer-image-1.jpeg","id":436,"size":"","alt":"","source":"library"},"testimonial_name":"Kate","testimonial_job":"eMeals Customer","__dynamic__":[],"__globals__":{"content_typography_typography":"globals\/typography?id=text","name_typography_typography":"globals\/typography?id=accent"}},"elements":[],"isInner":false,"widgetType":"testimonial","elType":"widget"}],"isInner":false,"elType":"container"},{"id":"608195ac","settings":{"boxed_width":{"unit":"px","size":650,"sizes":[]},"flex_direction":"column","flex_gap":{"unit":"px","size":10,"sizes":[]},"padding":{"unit":"px","top":"0","right":"0","bottom":"0","left":"0","isLinked":true}},"elements":[{"id":"34911ec","settings":{"testimonial_content":"\"As a working mom, eMeals saves me time each weekend. Because it is linked with the Walmart app, I can easily add what I need to my cart. EMeals has been a game changer for me!!\"","testimonial_image":{"url":"https:\/\/emeals.com\/meal-planning\/wp-content\/uploads\/2023\/01\/323073470_687971473041740_3083981506158491857_n.jpg","id":405,"size":"","alt":"","source":"library"},"testimonial_name":"Lindsay","testimonial_job":"eMeals Customer","__dynamic__":[],"__globals__":{"content_typography_typography":"globals\/typography?id=text","name_typography_typography":"globals\/typography?id=accent"}},"elements":[],"isInner":false,"widgetType":"testimonial","elType":"widget"}],"isInner":false,"elType":"container"},{"id":"373e25c3","settings":{"boxed_width":{"unit":"px","size":650,"sizes":[]},"flex_direction":"column","flex_gap":{"unit":"px","size":10,"sizes":[]},"padding":{"unit":"px","top":"0","right":"0","bottom":"0","left":"0","isLinked":true}},"elements":[{"id":"730ac03","settings":{"testimonial_content":"\"In a life of caring for six kids (26 to 8 years old) there is little time for meal planing and shopping. eMeals keeps us on track with easy healthy recipes any kid can follow! We eat healthy and at home because of this amazing service. Worth every penny!\"","testimonial_image":{"url":"https:\/\/emeals.com\/meal-planning\/wp-content\/uploads\/2023\/02\/influencer-quote-2.jpeg","id":596,"size":"","alt":"","source":"library"},"testimonial_name":"Jana","testimonial_job":"eMeals Customer","__dynamic__":[],"__globals__":{"content_typography_typography":"globals\/typography?id=text","name_typography_typography":"globals\/typography?id=accent"}},"elements":[],"isInner":false,"widgetType":"testimonial","elType":"widget"}],"isInner":false,"elType":"container"}],"isInner":false,"elType":"container"},{"id":"59c8c7cc","settings":{"flex_direction":"column","content_width":"full","width":{"unit":"%","size":100},"boxed_width":{"unit":"px","size":824,"sizes":[]},"flex_justify_content":"center","flex_align_items":"center","_flex_align_self":"center","_flex_size":"none","_element_width":"initial","flex_gap":{"unit":"px","size":0,"sizes":[]},"background_background":"classic","__globals__":{"background_color":"globals\/colors?id=b97fcda"}},"elements":[{"id":"571b6334","settings":{"layout":"above","bg_image":{"url":"","id":"","size":"","alt":"image of emeals meal prep app","source":"library"},"bg_image_size":"medium","graphic_element":"image","graphic_image":{"url":"https:\/\/emeals.com\/meal-planning\/wp-content\/uploads\/2023\/05\/emeals_app.webp","id":1872,"size":"","alt":"Graphic of eMeals Best Meal Planning App","source":"library"},"graphic_image_size":"full","title":"Get The App!","description":"Our meal prep app allows you to shop smarter with eMeals + Grocery partners. Pick your meals with a seamless shopping list, then our partners will shop your grocery order. You can choose pickup or delivery...and this is all in one app.","button":"Download the App","min-height":{"unit":"px","size":100,"sizes":[]},"min-height_mobile":{"unit":"px","size":100,"sizes":[]},"vertical_position":"top","image_min_width":{"unit":"px","size":0,"sizes":[]},"image_min_height":{"unit":"px","size":0,"sizes":[]},"image_min_height_mobile":{"unit":"px","size":0,"sizes":[]},"graphic_image_spacing":{"unit":"px","size":35,"sizes":[]},"graphic_image_width":{"unit":"%","size":54,"sizes":[]},"title_spacing":{"unit":"px","size":26,"sizes":[]},"content_bg_color":"#FFFFFF","title_color":"#303C4B","description_color":"#303C4B","button_border_width":{"unit":"px","size":2,"sizes":[]},"_element_width":"initial","_element_width_mobile":"inherit","_element_custom_width":{"unit":"%","size":52},"_element_custom_width_mobile":{"unit":"px","size":716,"sizes":[]},"_flex_align_self":"center","_flex_align_self_mobile":"stretch","_flex_order":"end","_flex_order_mobile":"start","_flex_size":"none","_background_background":"classic","_background_color":"#FFFFFF","__globals__":{"_background_color":"globals\/colors?id=b97fcda","content_bg_color":"globals\/colors?id=948b3b5","title_color":"globals\/colors?id=secondary","description_color":"globals\/colors?id=secondary","button_color":"","button_text_color":"globals\/colors?id=secondary","button_background_color":"globals\/colors?id=b97fcda","button_border_color":"globals\/colors?id=secondary","button_hover_text_color":"globals\/colors?id=b97fcda","button_hover_background_color":"globals\/colors?id=secondary","button_hover_border_color":"globals\/colors?id=secondary","button_typography_typography":"globals\/typography?id=accent","title_typography_typography":"globals\/typography?id=secondary"},"link":{"url":"https:\/\/emeals.com\/account\/join_account.php?","is_external":"on","nofollow":"","custom_attributes":"title | download the emeals meal planning app"},"graphic_image_border_radius":{"unit":"px","size":2,"sizes":[]},"description_spacing":{"unit":"px","size":23,"sizes":[]}},"elements":[],"isInner":false,"widgetType":"call-to-action","elType":"widget"}],"isInner":false,"elType":"container"},{"id":"30704baa","settings":{"content_position":"middle","background_background":"classic","margin":{"unit":"px","top":"","right":0,"bottom":"","left":0,"isLinked":true},"padding":{"unit":"px","top":"30","right":"0","bottom":"30","left":"0","isLinked":false},"padding_tablet":{"unit":"px","top":"30","right":"20","bottom":"30","left":"20","isLinked":false},"padding_mobile":{"unit":"px","top":"25","right":"20","bottom":"25","left":"20","isLinked":false},"html_tag":"footer","flex_direction":"column","flex_gap":{"size":50,"unit":"px"},"flex_gap_mobile":{"unit":"px","size":40,"sizes":[]},"_title":"Footer","flex_justify_content":"center","_flex_align_self":"center","__globals__":{"background_color":"globals\/colors?id=80fb6de"}},"elements":[{"id":"31b106db","settings":{"content_position":"middle","structure":"20","border_border":"dotted","border_width":{"unit":"px","top":"0","right":"0","bottom":"1","left":"0","isLinked":false},"border_color":"#9b9b9b","padding":{"unit":"px","top":"0","right":"0","bottom":"30","left":"0","isLinked":false},"flex_direction":"row","flex_align_items":"stretch","flex_gap":{"size":0,"unit":"px"},"content_width":"full"},"elements":[{"id":"29eac665","settings":{"_column_size":50,"width":{"size":null,"unit":"%"},"width_mobile":{"size":30,"unit":"%"},"content_width":"full","flex_direction":"row","flex_justify_content":"center","flex_align_items":"center","padding":{"unit":"px","top":"0","right":"0","bottom":"0","left":"0","isLinked":true}},"elements":[{"id":"48218d23","settings":{"align_items":"left","animation_line":"drop-out","animation_text":"none","color_menu_item_hover":"#000000","pointer_color_menu_item_hover":"#00ce1b","menu_typography_typography":"custom","menu_typography_font_size":{"unit":"px","size":15},"pointer_width":{"unit":"px","size":1},"color_dropdown_item":"#000000","background_color_dropdown_item":"#eaeaea","color_dropdown_item_hover":"#00ce1b","background_color_dropdown_item_hover":"#ededed","dropdown_typography_typography":"custom","dropdown_typography_font_size":{"unit":"px","size":15},"toggle_color":"#000000","toggle_color_hover":"#00ce1b","toggle_size":{"unit":"px","size":30},"toggle_border_width":{"unit":"px","size":0},"toggle_border_radius":{"unit":"px","size":0},"pointer":"none","dropdown":"mobile","menu_typography_font_size_tablet":{"unit":"px","size":13},"menu_typography_font_weight":"500","padding_horizontal_menu_item":{"unit":"px","size":0},"menu_space_between":{"unit":"px","size":31},"toggle_align":"left","full_width":"stretch","text_align":"center","dropdown_top_distance_mobile":{"unit":"px","size":40},"toggle_background_color":"rgba(0,0,0,0)","menu":"footer-menu","menu_id":164},"elements":[],"isInner":false,"widgetType":"nav-menu","elType":"widget"}],"isInner":false,"elType":"container"}],"isInner":false,"elType":"container"},{"id":"5769424f","settings":{"content_position":"middle","structure":"20","flex_direction":"row","flex_align_items":"center","flex_gap":{"size":0,"unit":"px"},"content_width":"full","flex_justify_content":"space-between","flex_gap_mobile":{"unit":"px","size":20,"sizes":[]},"padding":{"unit":"px","top":"0","right":"0","bottom":"0","left":"0","isLinked":true}},"elements":[{"id":"23e36db6","settings":{"_column_size":50,"width":{"size":null,"unit":"%"},"content_width":"full","flex_direction":"row","flex_direction_mobile":"column","flex_justify_content":"flex-start","flex_align_items":"center","padding":{"unit":"px","top":"0","right":"0","bottom":"0","left":"0","isLinked":true},"width_laptop":{"unit":"px","size":752},"_flex_size":"none","_element_width_laptop":"initial"},"elements":[{"id":"32d88267","settings":{"title":"Copyright 2002-2023, eMeals Inc. The eMeals name and logo is a trademark of eMeals Inc. All Rights Reserved","title_color":"#54595f","typography_typography":"custom","typography_font_size":{"unit":"px","size":13},"typography_font_weight":"300","align":"left","align_mobile":"center","typography_line_height_mobile":{"unit":"px","size":19},"header_size":"p"},"elements":[],"isInner":false,"widgetType":"heading","elType":"widget"}],"isInner":false,"elType":"container"},{"id":"1c679323","settings":{"_column_size":50,"width":{"size":null,"unit":"%"},"content_width":"full","flex_direction":"row-reverse","flex_direction_mobile":"column","flex_justify_content":"flex-start","flex_align_items":"center","padding":{"unit":"px","top":"0","right":"0","bottom":"0","left":"0","isLinked":true}},"elements":[{"id":"6bb6a94","settings":{"__dynamic__":{"image":"[elementor-tag id=\"\" name=\"site-logo\" settings=\"%7B%7D\"]"},"width":{"unit":"%","size":76,"sizes":[]}},"elements":[],"isInner":false,"widgetType":"theme-site-logo","elType":"widget"}],"isInner":false,"elType":"container"}],"isInner":false,"elType":"container"}],"isInner":false,"elType":"container"}],"settings":{"template":"default","padding":{"unit":"px","top":"0","right":"0","bottom":"0","left":"0","isLinked":true},"background_background":"classic","background_color":"#FFFFFF","content_wrapper_html_tag":"main","__globals__":{"background_color":"globals\/colors?id=b97fcda"}},"metadata":[]}