{"content":[{"id":"21824ebf","settings":{"layout":"full_width","flex_gap":{"size":0,"unit":"px"},"min_height":{"unit":"px","size":100,"sizes":[]},"content_position":"middle","padding":{"unit":"%","top":"0","right":"8","bottom":"0","left":"8","isLinked":""},"background_background":"classic","background_motion_fx_opacity_range":{"unit":"%","size":"","sizes":{"start":"0","end":1}},"margin":{"unit":"%","top":"0","right":0,"bottom":"5","left":0,"isLinked":false},"z_index":"95","sticky":"top","__globals__":[],"padding_tablet":{"unit":"%","top":"0","right":"5","bottom":"0","left":"5","isLinked":""},"padding_mobile":{"unit":"%","top":"","right":"","bottom":"","left":"","isLinked":"1"},"background_motion_fx_range":"page","margin_mobile":{"unit":"%","top":"","right":0,"bottom":"","left":0,"isLinked":true},"_title":"Header","min_height_tablet":{"unit":"px","size":85,"sizes":[]},"structure":"30","margin_tablet":{"unit":"%","top":"","right":"","bottom":"","left":"","isLinked":true},"min_height_mobile":{"unit":"px","size":65,"sizes":[]},"flex_direction":"row","flex_align_items":"stretch","content_width":"full","background_color":"#FFFFFF","flex_direction_mobile":"column"},"elements":[{"id":"7ae2b47e","settings":{"_column_size":33,"width":{"size":25,"unit":"%"},"width_tablet":{"size":15,"unit":"%"},"width_mobile":{"size":20,"unit":"%"},"content_width":"full","flex_direction":"column","flex_justify_content":"center","flex_gap":{"unit":"px","size":20,"sizes":[]},"padding":{"unit":"px","top":"0","right":"0","bottom":"0","left":"0","isLinked":false},"width_laptop":{"unit":"px","size":161.523},"_flex_size":"none","_element_width_laptop":"initial","_flex_align_self_mobile":"center","hide_tablet":"hidden-tablet","hide_mobile":"hidden-mobile"},"elements":[{"id":"2cfd83c1","settings":{"__dynamic__":{"image":"[elementor-tag id=\"\" name=\"site-logo\" settings=\"%7B%7D\"]"},"width":{"unit":"%","size":100,"sizes":[]},"css_filters_brightness":{"unit":"px","size":0,"sizes":[]},"css_filters_saturate":{"unit":"px","size":0,"sizes":[]},"height":{"unit":"px","size":34,"sizes":[]},"object-fit":"contain","width_tablet":{"unit":"px","size":"","sizes":[]},"width_mobile":{"unit":"px","size":"","sizes":[]},"height_tablet":{"unit":"px","size":27,"sizes":[]},"height_mobile":{"unit":"px","size":20,"sizes":[]},"align":"left","image":{"id":1831,"url":"https:\/\/emeals.com\/meal-planning\/wp-content\/uploads\/2023\/05\/placeholder-4.png"},"text_color":"#324A6D","caption_typography_typography":"custom","caption_typography_font_family":"Poppins","caption_typography_font_size":{"unit":"px","size":16,"sizes":[]},"caption_typography_font_size_tablet":{"unit":"px","size":14,"sizes":[]},"caption_typography_font_weight":"300","caption_typography_text_transform":"none","caption_typography_font_style":"normal","caption_typography_text_decoration":"none","caption_typography_line_height":{"unit":"em","size":1.5,"sizes":[]},"caption_typography_letter_spacing":{"unit":"px","size":0,"sizes":[]},"caption_typography_word_spacing":{"unit":"em","size":0,"sizes":[]},"__globals__":[],"link_to":"custom","link":{"url":"https:\/\/emeals.com\/","is_external":"on","nofollow":"","custom_attributes":"title | emeals logo"},"_flex_align_self":"center"},"elements":[],"isInner":false,"widgetType":"theme-site-logo","elType":"widget"}],"isInner":false,"elType":"container"},{"id":"26564e17","settings":{"_column_size":33,"width":{"size":50,"unit":"%"},"width_tablet":{"size":85,"unit":"%"},"width_mobile":{"size":33,"unit":"%"},"margin":{"unit":"%","top":"","right":"","bottom":"","left":"","isLinked":true},"margin_tablet":{"unit":"%","top":"","right":"","bottom":"","left":"","isLinked":true},"margin_mobile":{"unit":"%","top":"","right":"","bottom":"","left":"","isLinked":true},"padding":{"unit":"%","top":"0","right":"0","bottom":"0","left":"0","isLinked":false},"padding_tablet":{"unit":"%","top":"","right":"","bottom":"","left":"","isLinked":true},"padding_mobile":{"unit":"%","top":"","right":"","bottom":"","left":"","isLinked":true},"content_width":"full","flex_direction":"row","flex_justify_content":"center","flex_align_items":"center","flex_gap":{"unit":"px","size":2,"sizes":[]},"width_laptop":{"unit":"px","size":510.648},"_flex_size":"none","_element_width_laptop":"initial","_flex_align_self_mobile":"center"},"elements":[{"id":"250cbb","settings":{"full_width":"stretch","pointer_width":{"unit":"px","size":1,"sizes":[]},"padding_horizontal_menu_item":{"unit":"px","size":"0","sizes":[]},"padding_vertical_menu_item":{"unit":"px","size":"5","sizes":[]},"menu_space_between":{"unit":"px","size":"30","sizes":[]},"__globals__":{"menu_typography_typography":"","color_menu_item":"globals\/colors?id=primary","color_menu_item_hover":"globals\/colors?id=42c0f4b"},"animation_text":"none","padding_vertical_dropdown_item_mobile":{"unit":"px","size":"14","sizes":[]},"dropdown_top_distance_mobile":{"unit":"px","size":"15","sizes":[]},"toggle_size_mobile":{"unit":"px","size":43,"sizes":[]},"color_menu_item_active":"#324A6D","color_dropdown_item":"#1C244B","background_color_dropdown_item":"#F3F5F8","background_color_dropdown_item_hover":"#F9FAFD","background_color_dropdown_item_active":"#F9FAFD","toggle_color":"#467FF7","toggle_background_color":"#02010100","align_items":"center","dropdown":"mobile","toggle_align":"right","menu_typography_typography":"custom","menu_typography_font_family":"Poppins","menu_typography_font_size":{"unit":"px","size":14,"sizes":[]},"menu_typography_font_weight":"600","menu_typography_text_transform":"capitalize","menu_typography_text_decoration":"none","menu_typography_line_height":{"unit":"em","size":1.1,"sizes":[]},"menu_typography_letter_spacing":{"unit":"px","size":0.3,"sizes":[]},"pointer_color_menu_item_hover":"#324A6D","pointer_color_menu_item_active":"#324A6D","nav_menu_divider_color":"#324A6D","dropdown_typography_typography":"custom","dropdown_typography_font_family":"Poppins","dropdown_typography_font_size":{"unit":"px","size":16,"sizes":[]},"dropdown_typography_font_size_tablet":{"unit":"px","size":14,"sizes":[]},"dropdown_typography_font_weight":"400","dropdown_typography_text_transform":"capitalize","dropdown_typography_font_style":"normal","dropdown_typography_text_decoration":"none","dropdown_typography_letter_spacing":{"unit":"px","size":0,"sizes":[]},"dropdown_typography_word_spacing":{"unit":"em","size":0,"sizes":[]},"dropdown_typography_line_height":{"unit":"em","size":1,"sizes":[]},"menu":"meal-planning-header","pointer":"text","menu_typography_font_size_mobile":{"unit":"px","size":22,"sizes":[]},"_attributes":"title | meal planning header navigation bar","menu_id":9},"elements":[],"isInner":false,"widgetType":"nav-menu","elType":"widget"}],"isInner":false,"elType":"container"},{"id":"9c5b8cc","settings":{"_column_size":33,"width":{"size":25,"unit":"%"},"width_tablet":{"size":85,"unit":"%"},"width_mobile":{"size":68,"unit":"%"},"margin":{"unit":"%","top":"","right":"","bottom":"","left":"","isLinked":true},"margin_tablet":{"unit":"%","top":"","right":"","bottom":"","left":"","isLinked":true},"margin_mobile":{"unit":"%","top":"","right":"","bottom":"","left":"","isLinked":true},"padding":{"unit":"%","top":"0","right":"0","bottom":"0","left":"0","isLinked":false},"padding_tablet":{"unit":"%","top":"","right":"","bottom":"","left":"","isLinked":true},"padding_mobile":{"unit":"%","top":"","right":"","bottom":"","left":"","isLinked":true},"content_width":"full","flex_direction":"row","flex_justify_content":"flex-end","flex_align_items":"center","flex_gap":{"unit":"px","size":20,"sizes":[]},"hide_mobile":"hidden-mobile","_flex_align_self_mobile":"center"},"elements":[{"id":"3c2a28dd","settings":{"text":"Try FREE For 14 Days","align":"right","button_text_color":"#FFFFFF","border_border":"solid","border_width":{"unit":"px","top":"1","right":"1","bottom":"1","left":"1","isLinked":"1"},"border_radius":{"unit":"px","top":"8","right":"8","bottom":"8","left":"8","isLinked":"1"},"text_padding":{"unit":"px","top":"8","right":"14","bottom":"8","left":"14","isLinked":""},"__globals__":{"typography_typography":"","border_color":"globals\/colors?id=42c0f4b","background_color":"globals\/colors?id=42c0f4b","hover_color":"globals\/colors?id=948b3b5","button_background_hover_color":"globals\/colors?id=secondary","button_hover_border_color":"globals\/colors?id=secondary"},"text_padding_tablet":{"unit":"px","top":"14","right":"35","bottom":"14","left":"35","isLinked":false},"text_padding_mobile":{"unit":"px","top":"12","right":"25","bottom":"12","left":"25","isLinked":false},"link":{"url":"https:\/\/emeals.com\/account\/join_account.php?","is_external":"on","nofollow":"","custom_attributes":"title | try emeals free for 14 days"},"__dynamic__":[],"typography_typography":"custom","typography_font_size":{"unit":"px","size":14,"sizes":[]},"typography_font_weight":"600","typography_text_transform":"none","typography_text_decoration":"none","typography_line_height":{"unit":"em","size":1.4,"sizes":[]},"typography_letter_spacing":{"unit":"px","size":0.2,"sizes":[]},"_flex_size":"grow","typography_font_size_mobile":{"unit":"px","size":16,"sizes":[]}},"elements":[],"isInner":false,"widgetType":"button","elType":"widget"}],"isInner":false,"elType":"container"}],"isInner":false,"elType":"container"},{"id":"44c77cc0","settings":{"flex_direction":"column"},"elements":[{"id":"125302c4","settings":[],"elements":[{"id":"467682d2","settings":{"image":{"url":"https:\/\/emeals.com\/meal-planning\/wp-content\/uploads\/2023\/05\/a-beginners-guide-to-using-a-meal-planner-for-families.webp","id":1926,"size":"","alt":"A Beginner's Guide: Weekly Meal Planning for a Family image","source":"library"},"align":"center","width":{"unit":"%","size":90,"sizes":[]}},"elements":[],"isInner":false,"widgetType":"image","elType":"widget"}],"isInner":false,"elType":"container"}],"isInner":false,"elType":"container"},{"id":"29203218","settings":{"flex_direction":"column"},"elements":[{"id":"1ae46932","settings":[],"elements":[{"id":"214fd4a7","settings":{"title":"A Beginner's Guide: Weekly Meal Planning for a Family ","header_size":"h1","align":"center","__globals__":{"typography_typography":"globals\/typography?id=secondary"}},"elements":[],"isInner":false,"widgetType":"heading","elType":"widget"}],"isInner":false,"elType":"container"}],"isInner":false,"elType":"container"},{"id":"9fefa2d","settings":{"flex_direction":"column"},"elements":[{"id":"6cea4d49","settings":[],"elements":[{"id":"25e32b90","settings":{"editor":"<p><span data-contrast=\"none\">If you are looking for a beginner's guide to weekly meal planning for your family, you've come to the right place. Using a weekly meal planner to organize family mealtime has many benefits. From lowering stress to saving time and money, family meal prep does not have to be complicated.<\/span><span data-ccp-props=\"{&quot;134233117&quot;:true,&quot;134233118&quot;:true}\">\u00a0<\/span><\/p><p><span data-contrast=\"none\">Read on\u00a0for easy meal planning ideas to save time and money while nourishing your family with delicious weekly meals. You will also discover free meal planning templates, menu planning advice, shopping list ideas, and family meal planner tricks.<\/span><span data-ccp-props=\"{&quot;134233117&quot;:true,&quot;134233118&quot;:true}\">\u00a0<\/span><\/p><p><span data-contrast=\"none\">Here are some tips to help you get started:<\/span><span data-ccp-props=\"{&quot;134233117&quot;:true,&quot;134233118&quot;:true}\">\u00a0<\/span><\/p>"},"elements":[],"isInner":false,"widgetType":"text-editor","elType":"widget"}],"isInner":false,"elType":"container"}],"isInner":false,"elType":"container"},{"id":"5369f550","settings":{"flex_direction":"column"},"elements":[{"id":"5741b454","settings":[],"elements":[{"id":"19cc9fb1","settings":{"title":"1. Decide breakfast, lunch, and dinner food preferences ","align":"left","__globals__":{"typography_typography":"globals\/typography?id=primary"}},"elements":[],"isInner":false,"widgetType":"heading","elType":"widget"},{"id":"39027669","settings":{"editor":"<p><span data-contrast=\"none\">When evaluating what to make for your family each week, narrow down diet and food preferences. A successful family meal plan always starts with agreeing on the types of foods you all enjoy.<\/span><span data-ccp-props=\"{&quot;134233117&quot;:true,&quot;134233118&quot;:true}\">\u00a0<\/span><\/p>"},"elements":[],"isInner":false,"widgetType":"text-editor","elType":"widget"}],"isInner":false,"elType":"container"}],"isInner":false,"elType":"container"},{"id":"9934f64","settings":{"flex_direction":"column"},"elements":[{"id":"629c1e94","settings":[],"elements":[{"id":"4279ff51","settings":{"title":"\u00a0Ask you and your loved ones the following questions:\u00a0","header_size":"h3","align":"left","typography_typography":"custom","typography_font_family":"Poppins","typography_font_size":{"unit":"px","size":19,"sizes":[]},"typography_font_size_mobile":{"unit":"px","size":22,"sizes":[]},"typography_font_weight":"700","typography_text_transform":"capitalize","typography_text_decoration":"none","typography_line_height":{"unit":"em","size":1.6,"sizes":[]},"typography_letter_spacing":{"unit":"px","size":0,"sizes":[]},"__globals__":{"typography_typography":""}},"elements":[],"isInner":false,"widgetType":"heading","elType":"widget"}],"isInner":false,"elType":"container"}],"isInner":false,"elType":"container"},{"id":"6a1c622b","settings":{"flex_direction":"row","flex_justify_content":"center"},"elements":[{"id":"34615f7","settings":{"boxed_width":{"unit":"%","size":90,"sizes":[]},"boxed_width_laptop":{"unit":"%","size":"","sizes":[]},"boxed_width_tablet":{"unit":"%","size":"","sizes":[]},"boxed_width_mobile":{"unit":"%","size":"","sizes":[]},"flex_justify_content":"center","flex_align_items":"flex-start","flex_gap":{"unit":"px","size":0,"sizes":[]},"_flex_align_self":"center"},"elements":[{"id":"5249583c","settings":{"title":"How many meals will you plan for?\u00a0\u00a0","header_size":"h3","align":"left","_padding":{"unit":"px","top":"0","right":"0","bottom":"10","left":"0","isLinked":false},"_flex_align_self":"flex-start","__globals__":{"typography_typography":"globals\/typography?id=accent"}},"elements":[],"isInner":false,"widgetType":"heading","elType":"widget"},{"id":"2597969e","settings":{"editor":"<p><span style=\"text-align: var(--text-align); background-color: var( --e-global-color-b97fcda ); color: var( --e-global-color-text ); font-family: var( --e-global-typography-text-font-family ), Sans-serif; font-size: var( --e-global-typography-text-font-size ); font-style: var( --e-global-typography-text-font-style ); font-weight: var( --e-global-typography-text-font-weight ); letter-spacing: var( --e-global-typography-text-letter-spacing ); text-transform: var( --e-global-typography-text-text-transform );\" data-contrast=\"none\">It\u2019s important to know how many people you\u2019ll be cooking for each week to determine serving sizes and ingredients when shopping. <\/span><span style=\"text-align: var(--text-align); background-color: var( --e-global-color-b97fcda ); color: var( --e-global-color-text ); font-family: var( --e-global-typography-text-font-family ), Sans-serif; font-size: var( --e-global-typography-text-font-size ); font-style: var( --e-global-typography-text-font-style ); font-weight: var( --e-global-typography-text-font-weight ); letter-spacing: var( --e-global-typography-text-letter-spacing ); text-transform: var( --e-global-typography-text-text-transform );\" data-contrast=\"none\">Also, take into account the food source. If maintaining good health is vital to your family, ensure enough healthy ingredients to serve. <\/span><span style=\"text-align: var(--text-align); background-color: var( --e-global-color-b97fcda ); color: var( --e-global-color-text ); font-family: var( --e-global-typography-text-font-family ), Sans-serif; font-size: var( --e-global-typography-text-font-size ); font-style: var( --e-global-typography-text-font-style ); font-weight: var( --e-global-typography-text-font-weight ); letter-spacing: var( --e-global-typography-text-letter-spacing ); text-transform: var( --e-global-typography-text-text-transform );\">As NIH explains, \"Making smart food choices is an important part of healthy aging. Understanding the different food groups \u2014 and how much of each should make up your diet \u2014 can help you form a healthy eating pattern over time.\" Look at this\u202f<\/span><a style=\"text-align: var(--text-align); font-family: var( --e-global-typography-text-font-family ), Sans-serif; font-size: var( --e-global-typography-text-font-size ); font-style: var( --e-global-typography-text-font-style ); letter-spacing: var( --e-global-typography-text-letter-spacing ); text-transform: var( --e-global-typography-text-text-transform );\" href=\"https:\/\/www.dietaryguidelines.gov\/sites\/default\/files\/2020-12\/Dietary_Guidelines_for_Americans_2020-2025.pdf\"><span data-contrast=\"none\">dietary guide resource<\/span><\/a><span style=\"text-align: var(--text-align); background-color: var( --e-global-color-b97fcda ); color: var( --e-global-color-text ); font-family: var( --e-global-typography-text-font-family ), Sans-serif; font-size: var( --e-global-typography-text-font-size ); font-style: var( --e-global-typography-text-font-style ); font-weight: var( --e-global-typography-text-font-weight ); letter-spacing: var( --e-global-typography-text-letter-spacing ); text-transform: var( --e-global-typography-text-text-transform );\" data-contrast=\"none\">\u202fto learn more about healthy diet patterns.<\/span><span style=\"text-align: var(--text-align); background-color: var( --e-global-color-b97fcda ); color: var( --e-global-color-text ); font-family: var( --e-global-typography-text-font-family ), Sans-serif; font-size: var( --e-global-typography-text-font-size ); font-style: var( --e-global-typography-text-font-style ); font-weight: var( --e-global-typography-text-font-weight ); letter-spacing: var( --e-global-typography-text-letter-spacing ); text-transform: var( --e-global-typography-text-text-transform );\" data-ccp-props=\"{&quot;134233117&quot;:true,&quot;134233118&quot;:true,&quot;335559738&quot;:0,&quot;335559739&quot;:0}\">\u00a0<\/span><\/p>","__globals__":{"typography_typography":"globals\/typography?id=text"}},"elements":[],"isInner":false,"widgetType":"text-editor","elType":"widget"},{"id":"363414b7","settings":{"title":"Are there dietary preferences you want to follow? \n\n","header_size":"h3","align":"left","_padding":{"unit":"px","top":"0","right":"0","bottom":"10","left":"0","isLinked":false},"_flex_align_self":"flex-start","__globals__":{"typography_typography":"globals\/typography?id=accent"}},"elements":[],"isInner":false,"widgetType":"heading","elType":"widget"},{"id":"47b6e7e5","settings":{"editor":"<p style=\"letter-spacing: 0.2px;\"><span data-contrast=\"none\">Are you hoping to prepare more nutrient-dense foods like leafy green veggies, whole grains, and lean proteins? Or do you need to focus more on a specific diet plan, like a clean eating or keto diet?<\/span><span data-ccp-props=\"{&quot;134233117&quot;:true,&quot;134233118&quot;:true}\">\u00a0<\/span><\/p><p style=\"letter-spacing: 0.2px;\"><span data-contrast=\"none\">Many options are available, from low-carb diet plans to health-focused eating plans (think Keto or Mediterranean Diet Meal Plans). Discuss these needs with family members to ensure everyone's dietary needs match.<\/span><\/p>","__globals__":{"typography_typography":"globals\/typography?id=text"}},"elements":[],"isInner":false,"widgetType":"text-editor","elType":"widget"}],"isInner":false,"elType":"container"},{"id":"33e6fd4a","settings":{"boxed_width":{"unit":"%","size":90,"sizes":[]},"boxed_width_laptop":{"unit":"%","size":"","sizes":[]},"boxed_width_tablet":{"unit":"%","size":"","sizes":[]},"boxed_width_mobile":{"unit":"%","size":"","sizes":[]},"flex_justify_content":"center","flex_align_items":"flex-start","flex_gap":{"unit":"px","size":0,"sizes":[]},"_flex_align_self":"center"},"elements":[{"id":"75328a76","settings":{"image":{"url":"https:\/\/emeals.com\/meal-planning\/wp-content\/uploads\/2023\/02\/meghan-and-emeals.png","id":686,"size":"","alt":"emeals customer loves our meal planning service","source":"library"}},"elements":[],"isInner":false,"widgetType":"image","elType":"widget"}],"isInner":false,"elType":"container"}],"isInner":false,"elType":"container"},{"id":"1800f82b","settings":{"flex_direction":"column","flex_justify_content":"center"},"elements":[{"id":"34d76051","settings":{"boxed_width":{"unit":"%","size":95,"sizes":[]},"boxed_width_laptop":{"unit":"%","size":"","sizes":[]},"boxed_width_tablet":{"unit":"%","size":"","sizes":[]},"boxed_width_mobile":{"unit":"%","size":"","sizes":[]},"flex_justify_content":"center","flex_align_items":"flex-start","flex_gap":{"unit":"px","size":0,"sizes":[]},"_flex_align_self":"center"},"elements":[{"id":"11b82a68","settings":{"title":"Are there any Food Allergies to keep in mind?\n","header_size":"h3","align":"left","_padding":{"unit":"px","top":"0","right":"0","bottom":"10","left":"0","isLinked":false},"_flex_align_self":"flex-start","__globals__":{"typography_typography":"globals\/typography?id=accent"}},"elements":[],"isInner":false,"widgetType":"heading","elType":"widget"},{"id":"2c4f9231","settings":{"editor":"<p style=\"letter-spacing: 0.2px;\"><span data-contrast=\"none\">Is someone in your family gluten-free or dairy free? Or does someone have a shellfish allergy to keep in mind? With food allergies, it's important to note what you \"can\" and \"cannot\" serve for weekly family meal plans to be successful.<\/span><span data-ccp-props=\"{&quot;134233117&quot;:true,&quot;134233118&quot;:true}\">\u00a0<\/span><\/p>","__globals__":{"typography_typography":"globals\/typography?id=text"}},"elements":[],"isInner":false,"widgetType":"text-editor","elType":"widget"}],"isInner":false,"elType":"container"},{"id":"100f5e47","settings":{"boxed_width":{"unit":"%","size":95,"sizes":[]},"boxed_width_laptop":{"unit":"%","size":"","sizes":[]},"boxed_width_tablet":{"unit":"%","size":"","sizes":[]},"boxed_width_mobile":{"unit":"%","size":"","sizes":[]},"flex_justify_content":"center","flex_align_items":"flex-start","flex_gap":{"unit":"px","size":0,"sizes":[]},"_flex_align_self":"center"},"elements":[{"id":"62d9e7e0","settings":{"title":"Is your priority as a family to save time, reduce stress, or gather everyone at the dinner table each night?\u00a0","header_size":"h3","align":"left","_padding":{"unit":"px","top":"0","right":"0","bottom":"10","left":"0","isLinked":false},"_flex_align_self":"flex-start","__globals__":{"typography_typography":"globals\/typography?id=accent"}},"elements":[],"isInner":false,"widgetType":"heading","elType":"widget"},{"id":"22841874","settings":{"editor":"<p><span data-contrast=\"none\">If time management is what you need to focus on, consider a\u202f<\/span><a href=\"https:\/\/emeals.com\/meal-plans\/30-minute\/\"><span data-contrast=\"none\">30-minute food plan<\/span><\/a><span data-contrast=\"none\">,\u202f<\/span><a href=\"https:\/\/emeals.com\/meal-plans\/quick-and-healthy\/\"><span data-contrast=\"none\">quick and healthy<\/span><\/a><span data-contrast=\"none\">\u202fdiet plan, or\u202f<\/span><a href=\"https:\/\/emeals.com\/meal-plans\/slowcooker\/\"><span data-contrast=\"none\">slow cooker<\/span><\/a><span data-contrast=\"none\">\u202frecipe plan for quick and easy meal options.<\/span><span data-ccp-props=\"{&quot;134233117&quot;:true,&quot;134233118&quot;:true,&quot;335559738&quot;:0,&quot;335559739&quot;:0}\">\u00a0<\/span><\/p><p><span data-contrast=\"none\">With picky eaters at the table, consider a\u202f<\/span><a href=\"https:\/\/emeals.com\/meal-plans\/kid-friendly\/\"><span data-contrast=\"none\">kid-friendly\u202f<\/span><\/a><span data-contrast=\"none\">meal plan that offers familiar favorites and simple ingredients. Customizing your family's printable meal planner will encourage even the pickiest eaters to enjoy meal prep.<\/span><span data-ccp-props=\"{&quot;134233117&quot;:true,&quot;134233118&quot;:true,&quot;335559738&quot;:0,&quot;335559739&quot;:0}\">\u00a0<\/span><\/p><p><span data-contrast=\"none\">With money being a concern, make time to create a food budget and determine how often you will grocery shop. Look into a\u202f<\/span><a href=\"https:\/\/emeals.com\/meal-plans\/budget-friendly\/\"><span data-contrast=\"none\">budget-friendly\u202f<\/span><\/a><span data-contrast=\"none\">meal plan that offers fast, affordable meal options.<\/span><span data-ccp-props=\"{&quot;134233117&quot;:true,&quot;134233118&quot;:true,&quot;335559738&quot;:0,&quot;335559739&quot;:0}\">\u00a0<\/span><\/p>","__globals__":{"typography_typography":"globals\/typography?id=text"}},"elements":[],"isInner":false,"widgetType":"text-editor","elType":"widget"}],"isInner":false,"elType":"container"}],"isInner":false,"elType":"container"},{"id":"10d67669","settings":{"flex_direction":"column"},"elements":[{"id":"20122fa3","settings":[],"elements":[{"id":"1f19ae83","settings":{"title":"2. Determine your food budget for the week ","align":"left","__globals__":{"typography_typography":"globals\/typography?id=primary"}},"elements":[],"isInner":false,"widgetType":"heading","elType":"widget"},{"id":"544c2c62","settings":{"editor":"<p>Exploring the weekly budget you have set for food is important. Sticking to the fixed dollar amount for weekly food spend will create less stress and more prolonged success.<\/p><p>Write your budget down on a notepad or sticky note to help the entire family.<\/p>"},"elements":[],"isInner":false,"widgetType":"text-editor","elType":"widget"}],"isInner":false,"elType":"container"}],"isInner":false,"elType":"container"},{"id":"3d9a06d4","settings":{"flex_direction":"column"},"elements":[{"id":"27b138fc","settings":[],"elements":[{"id":"30a9d93c","settings":{"title":"3.\u202fConsider time constraints  ","align":"left","__globals__":{"typography_typography":"globals\/typography?id=primary"}},"elements":[],"isInner":false,"widgetType":"heading","elType":"widget"},{"id":"7ea2b637","settings":{"editor":"<p>Exploring the weekly budget you have set for food is important. Sticking to the fixed dollar amount for weekly food spend will create less stress and more prolonged success.<\/p><p>Write your budget down on a notepad or sticky note to help the entire family.<\/p>"},"elements":[],"isInner":false,"widgetType":"text-editor","elType":"widget"}],"isInner":false,"elType":"container"}],"isInner":false,"elType":"container"},{"id":"551c9add","settings":{"flex_direction":"column","flex_justify_content":"center"},"elements":[{"id":"57675ac3","settings":{"boxed_width":{"unit":"%","size":90,"sizes":[]},"boxed_width_laptop":{"unit":"%","size":"","sizes":[]},"boxed_width_tablet":{"unit":"%","size":"","sizes":[]},"boxed_width_mobile":{"unit":"%","size":"","sizes":[]},"flex_justify_content":"center","flex_align_items":"flex-start","flex_gap":{"unit":"px","size":0,"sizes":[]},"_flex_align_self":"center"},"elements":[{"id":"37f525a","settings":{"title":"How much time do you have to meal prep and cook during the week? ","header_size":"h3","align":"left","typography_typography":"custom","typography_font_size":{"unit":"px","size":20,"sizes":[]},"typography_font_size_mobile":{"unit":"px","size":16,"sizes":[]},"typography_font_weight":"600","typography_text_transform":"none","typography_text_decoration":"none","typography_line_height":{"unit":"em","size":1.4,"sizes":[]},"typography_letter_spacing":{"unit":"px","size":0.2,"sizes":[]},"_padding":{"unit":"px","top":"0","right":"0","bottom":"10","left":"0","isLinked":false},"_flex_align_self":"flex-start","__globals__":{"typography_typography":""}},"elements":[],"isInner":false,"widgetType":"heading","elType":"widget"},{"id":"4ee402b5","settings":{"editor":"<p><span data-contrast=\"none\">Your weekly schedule may be full between school, work, and sports activities. In this case, weekly meal prep may benefit you and your loved ones more.<\/span><span data-ccp-props=\"{&quot;134233117&quot;:true,&quot;134233118&quot;:true}\">\u00a0<\/span><\/p><p><span data-contrast=\"none\">Do your kids crave after-school snacks? Or do you always find yourself pre-packing lunches?<\/span><span data-contrast=\"none\"> Or your job is time-consuming, and quick and easy options are a priority. How often do you need to go to the grocery store?<\/span><span data-ccp-props=\"{&quot;134233117&quot;:true,&quot;134233118&quot;:true}\">\u00a0<\/span><\/p><p><span data-contrast=\"none\">Knowing how much time you have each week to grocery shop and food prep is critical for successful family meal prepping.<\/span><span data-ccp-props=\"{&quot;134233117&quot;:true,&quot;134233118&quot;:true}\">\u00a0<\/span><\/p>","__globals__":{"typography_typography":"globals\/typography?id=text"}},"elements":[],"isInner":false,"widgetType":"text-editor","elType":"widget"}],"isInner":false,"elType":"container"}],"isInner":false,"elType":"container"},{"id":"4d28b7ad","settings":{"flex_direction":"column"},"elements":[{"id":"10f89280","settings":[],"elements":[{"id":"37a18e65","settings":{"title":"4. Use a meal planning service and its resources for extra help ","align":"left","__globals__":{"typography_typography":"globals\/typography?id=primary"}},"elements":[],"isInner":false,"widgetType":"heading","elType":"widget"},{"id":"77d3e938","settings":{"editor":"<p><span data-contrast=\"none\">Ever think of meal ideas in your head only to forget them the next day? We get it! Since weekly meal plans are challenging to maintain (especially for an entire family), consider using a meal planning service for extra help.<\/span><span data-ccp-props=\"{&quot;134233117&quot;:true,&quot;134233118&quot;:true}\">\u00a0<\/span><\/p><p><span data-contrast=\"none\">For example, using a printable meal planner for notes, lists, and daily meals may be wise. Check out this\u202f<\/span><a href=\"https:\/\/emeals.canto.com\/s\/NLM7E?viewIndex=0&amp;column=document&amp;id=ic3il55t015ot8m7gc45u0lu3h&amp;utm_campaign=2023-01-14-newsletter-active&amp;utm_source=emeals-active&amp;utm_medium=email\"><span data-contrast=\"none\">weekly meal planner template<\/span><\/a><span data-contrast=\"none\">,<\/span><span data-contrast=\"none\"> It\u2019s FREE and can be downloaded at any time!<\/span><span data-ccp-props=\"{&quot;134233117&quot;:true,&quot;134233118&quot;:true,&quot;335559738&quot;:0,&quot;335559739&quot;:0}\">\u00a0<\/span><\/p><p><span data-contrast=\"none\">Some services also have\u202f<\/span><a href=\"https:\/\/emeals.com\/account\/join_account.php?\"><span data-contrast=\"none\">meal prep apps<\/span><\/a><span data-contrast=\"none\">\u202fthat list endless meal planning ideas and recipes weekly. Using free meal-prepping resources will help you and your family stay on track.<\/span><span data-ccp-props=\"{&quot;134233117&quot;:true,&quot;134233118&quot;:true,&quot;335559738&quot;:0,&quot;335559739&quot;:0}\">\u00a0<\/span><span style=\"text-align: var(--text-align); background-color: var( --e-global-color-b97fcda ); color: var( --e-global-color-text ); font-family: var( --e-global-typography-text-font-family ), Sans-serif; font-size: var( --e-global-typography-text-font-size ); font-style: var( --e-global-typography-text-font-style ); font-weight: var( --e-global-typography-text-font-weight ); letter-spacing: var( --e-global-typography-text-letter-spacing ); text-transform: var( --e-global-typography-text-text-transform );\">\u00a0<\/span><\/p>"},"elements":[],"isInner":false,"widgetType":"text-editor","elType":"widget"}],"isInner":false,"elType":"container"}],"isInner":false,"elType":"container"},{"id":"3b9ffb2f","settings":{"flex_direction":"row","flex_justify_content":"center"},"elements":[{"id":"1e03ced","settings":{"content_width":"full","width":{"unit":"%","size":90},"boxed_width":{"unit":"%","size":62,"sizes":[]},"boxed_width_laptop":{"unit":"%","size":"","sizes":[]},"boxed_width_tablet":{"unit":"%","size":"","sizes":[]},"boxed_width_mobile":{"unit":"%","size":"","sizes":[]},"background_background":"classic","_flex_size":"none","__globals__":{"background_color":"globals\/colors?id=b97fcda"},"_element_width":"initial"},"elements":[{"id":"4e4d1483","settings":{"title":"Resources often offered by meal prep companies include the following:","header_size":"h3","align":"left","typography_typography":"custom","typography_font_family":"Poppins","typography_font_size":{"unit":"px","size":20,"sizes":[]},"typography_font_size_mobile":{"unit":"px","size":22,"sizes":[]},"typography_font_weight":"600","typography_text_transform":"none","typography_text_decoration":"none","typography_line_height":{"unit":"em","size":1.6,"sizes":[]},"typography_letter_spacing":{"unit":"px","size":0,"sizes":[]},"_element_width":"initial","_element_custom_width":{"unit":"%","size":122.319},"_flex_size":"none","__globals__":{"typography_typography":""}},"elements":[],"isInner":false,"widgetType":"heading","elType":"widget"},{"id":"6e682675","settings":{"editor":"<ul><li aria-level=\"3\"><h4>Meal planning ideas\u00a0<\/h4><\/li><li aria-level=\"3\"><h4>Recipe plans for each week\u00a0<\/h4><\/li><li aria-level=\"3\"><h4>Recipe calendars\u00a0<\/h4><\/li><li aria-level=\"3\"><h4>Weekly meal planners\u00a0<\/h4><\/li><li aria-level=\"3\"><h4>Automated grocery lists\u00a0<\/h4><\/li><li aria-level=\"3\"><h4>Custom diet plans\u00a0<\/h4><\/li><li aria-level=\"3\"><h4>FREE 7-day meal plan PDFs (check out our 7-day keto diet PDF and 7-day Mediterranean diet PDF)\u00a0<\/h4><\/li><\/ul>","_element_width":"initial","_element_custom_width":{"unit":"%","size":119.216},"_flex_size":"none"},"elements":[],"isInner":false,"widgetType":"text-editor","elType":"widget"},{"id":"16dcc1ab","settings":{"image":{"url":"https:\/\/emeals.com\/meal-planning\/wp-content\/uploads\/2023\/04\/eMeals-7-day-keto-meal-plan-PDF-copy.jpg","id":1597,"size":"","alt":"showing a picture of emeals 7 day keto meal plan PDF FREE","source":"library"},"_element_width":"initial","_element_custom_width":{"unit":"%","size":127.378},"_flex_size":"none"},"elements":[],"isInner":false,"widgetType":"image","elType":"widget"},{"id":"2b72bbc2","settings":{"editor":"<p>Simple recipes using keto-approved ingredients along with approachable cooking techniques for a healthy approach to high-fat, low-carb meals with the best meal planner | eMeals<\/p>"},"elements":[],"isInner":false,"widgetType":"text-editor","elType":"widget"},{"id":"29ba07bb","settings":{"text":"Click To Download Your Keto Plan PDF","align":"center","typography_typography":"custom","typography_font_size":{"unit":"px","size":16,"sizes":[]},"typography_font_size_mobile":{"unit":"px","size":16,"sizes":[]},"typography_font_weight":"700","typography_text_decoration":"none","typography_line_height":{"unit":"em","size":1.4,"sizes":[]},"typography_letter_spacing":{"unit":"px","size":0.2,"sizes":[]},"__globals__":{"typography_typography":""},"link":{"url":"https:\/\/emeals.com\/meal-planning\/wp-content\/uploads\/2023\/04\/Keto.pdf","is_external":"on","nofollow":"","custom_attributes":"title | eMeals Keto Meal Plan PDF FREE"}},"elements":[],"isInner":false,"widgetType":"button","elType":"widget"}],"isInner":false,"elType":"container"}],"isInner":false,"elType":"container"},{"id":"1009cdfc","settings":{"flex_direction":"column"},"elements":[{"id":"72f1fa1a","settings":[],"elements":[{"id":"1c0e65c3","settings":{"title":"5.\u202fReorganize the pantry, fridge, and more ","align":"left","__globals__":{"typography_typography":"globals\/typography?id=primary"}},"elements":[],"isInner":false,"widgetType":"heading","elType":"widget"},{"id":"7e46eb6","settings":{"editor":"<p><span data-contrast=\"none\">Once you and your family establish food and diet preferences, stock your kitchen spaces with foods, meals, and snacks that align with your family's goals.<\/span><span data-ccp-props=\"{&quot;134233117&quot;:true,&quot;134233118&quot;:true}\">\u00a0<\/span><\/p><p><span data-contrast=\"none\">Check the freezer for frozen meals to enjoy. Clear out food items that will soon be expired. Fill your pantry with simple grab-and-go snacks and quick dinner options.<\/span><\/p>"},"elements":[],"isInner":false,"widgetType":"text-editor","elType":"widget"}],"isInner":false,"elType":"container"},{"id":"dc3475a","settings":{"title":"For example, if your family decides on a clean eating meal plan, consider stocking your kitchen with the following:","header_size":"h3","align":"left","typography_typography":"custom","typography_font_family":"Poppins","typography_font_size":{"unit":"px","size":20,"sizes":[]},"typography_font_size_mobile":{"unit":"px","size":22,"sizes":[]},"typography_font_weight":"600","typography_text_transform":"none","typography_text_decoration":"none","typography_line_height":{"unit":"em","size":1.6,"sizes":[]},"typography_letter_spacing":{"unit":"px","size":0,"sizes":[]},"__globals__":{"typography_typography":""}},"elements":[],"isInner":false,"widgetType":"heading","elType":"widget"}],"isInner":false,"elType":"container"},{"id":"24fe0055","settings":{"flex_direction":"column"},"elements":[{"id":"4da1d19c","settings":{"boxed_width":{"unit":"%","size":88,"sizes":[]},"boxed_width_laptop":{"unit":"%","size":"","sizes":[]},"boxed_width_tablet":{"unit":"%","size":"","sizes":[]},"boxed_width_mobile":{"unit":"%","size":"","sizes":[]}},"elements":[{"id":"412ccb9c","settings":{"editor":"<ul><li data-leveltext=\"\uf0b7\" data-font=\"Symbol\" data-listid=\"16\" data-list-defn-props=\"{&quot;335552541&quot;:1,&quot;335559684&quot;:-2,&quot;335559685&quot;:720,&quot;335559991&quot;:360,&quot;469769226&quot;:&quot;Symbol&quot;,&quot;469769242&quot;:[8226],&quot;469777803&quot;:&quot;left&quot;,&quot;469777804&quot;:&quot;\uf0b7&quot;,&quot;469777815&quot;:&quot;multilevel&quot;}\" aria-setsize=\"-1\" data-aria-posinset=\"1\" data-aria-level=\"1\"><h4><span data-contrast=\"none\">Cheese Sticks<\/span><span data-ccp-props=\"{}\">\u00a0<\/span><\/h4><\/li><li data-leveltext=\"\uf0b7\" data-font=\"Symbol\" data-listid=\"16\" data-list-defn-props=\"{&quot;335552541&quot;:1,&quot;335559684&quot;:-2,&quot;335559685&quot;:720,&quot;335559991&quot;:360,&quot;469769226&quot;:&quot;Symbol&quot;,&quot;469769242&quot;:[8226],&quot;469777803&quot;:&quot;left&quot;,&quot;469777804&quot;:&quot;\uf0b7&quot;,&quot;469777815&quot;:&quot;multilevel&quot;}\" aria-setsize=\"-1\" data-aria-posinset=\"2\" data-aria-level=\"1\"><h4><span data-contrast=\"none\">Whole-grain Crackers<\/span><span data-ccp-props=\"{&quot;134233117&quot;:true,&quot;134233118&quot;:true}\">\u00a0<\/span><\/h4><\/li><li data-leveltext=\"\uf0b7\" data-font=\"Symbol\" data-listid=\"16\" data-list-defn-props=\"{&quot;335552541&quot;:1,&quot;335559684&quot;:-2,&quot;335559685&quot;:720,&quot;335559991&quot;:360,&quot;469769226&quot;:&quot;Symbol&quot;,&quot;469769242&quot;:[8226],&quot;469777803&quot;:&quot;left&quot;,&quot;469777804&quot;:&quot;\uf0b7&quot;,&quot;469777815&quot;:&quot;multilevel&quot;}\" aria-setsize=\"-1\" data-aria-posinset=\"3\" data-aria-level=\"1\"><h4><span data-contrast=\"none\">Dried Fruit<\/span><span data-ccp-props=\"{&quot;134233117&quot;:true,&quot;134233118&quot;:true}\">\u00a0<\/span><\/h4><\/li><\/ul><ul><li data-leveltext=\"\uf0b7\" data-font=\"Symbol\" data-listid=\"16\" data-list-defn-props=\"{&quot;335552541&quot;:1,&quot;335559684&quot;:-2,&quot;335559685&quot;:720,&quot;335559991&quot;:360,&quot;469769226&quot;:&quot;Symbol&quot;,&quot;469769242&quot;:[8226],&quot;469777803&quot;:&quot;left&quot;,&quot;469777804&quot;:&quot;\uf0b7&quot;,&quot;469777815&quot;:&quot;multilevel&quot;}\" aria-setsize=\"-1\" data-aria-posinset=\"1\" data-aria-level=\"1\"><h4><span data-contrast=\"none\">Yogurt Pouches<\/span><span data-ccp-props=\"{&quot;134233117&quot;:true,&quot;134233118&quot;:true}\">\u00a0<\/span><\/h4><\/li><li data-leveltext=\"\uf0b7\" data-font=\"Symbol\" data-listid=\"16\" data-list-defn-props=\"{&quot;335552541&quot;:1,&quot;335559684&quot;:-2,&quot;335559685&quot;:720,&quot;335559991&quot;:360,&quot;469769226&quot;:&quot;Symbol&quot;,&quot;469769242&quot;:[8226],&quot;469777803&quot;:&quot;left&quot;,&quot;469777804&quot;:&quot;\uf0b7&quot;,&quot;469777815&quot;:&quot;multilevel&quot;}\" aria-setsize=\"-1\" data-aria-posinset=\"2\" data-aria-level=\"1\"><h4><span data-contrast=\"none\">Nuts (almonds, walnuts, cashews, &amp; pistachios)<\/span><span data-ccp-props=\"{&quot;134233117&quot;:true,&quot;134233118&quot;:true}\">\u00a0<\/span><\/h4><\/li><li data-leveltext=\"\uf0b7\" data-font=\"Symbol\" data-listid=\"16\" data-list-defn-props=\"{&quot;335552541&quot;:1,&quot;335559684&quot;:-2,&quot;335559685&quot;:720,&quot;335559991&quot;:360,&quot;469769226&quot;:&quot;Symbol&quot;,&quot;469769242&quot;:[8226],&quot;469777803&quot;:&quot;left&quot;,&quot;469777804&quot;:&quot;\uf0b7&quot;,&quot;469777815&quot;:&quot;multilevel&quot;}\" aria-setsize=\"-1\" data-aria-posinset=\"3\" data-aria-level=\"1\"><h4><span data-contrast=\"none\">Veggie Sticks<\/span><span data-ccp-props=\"{&quot;134233117&quot;:true,&quot;134233118&quot;:true}\">\u00a0<\/span><\/h4><\/li><li data-leveltext=\"\uf0b7\" data-font=\"Symbol\" data-listid=\"16\" data-list-defn-props=\"{&quot;335552541&quot;:1,&quot;335559684&quot;:-2,&quot;335559685&quot;:720,&quot;335559991&quot;:360,&quot;469769226&quot;:&quot;Symbol&quot;,&quot;469769242&quot;:[8226],&quot;469777803&quot;:&quot;left&quot;,&quot;469777804&quot;:&quot;\uf0b7&quot;,&quot;469777815&quot;:&quot;multilevel&quot;}\" aria-setsize=\"-1\" data-aria-posinset=\"4\" data-aria-level=\"1\"><h4><span data-contrast=\"none\">Hummus Packs<\/span><span data-ccp-props=\"{&quot;134233117&quot;:true,&quot;134233118&quot;:true}\">\u00a0<\/span><\/h4><\/li><li data-leveltext=\"\uf0b7\" data-font=\"Symbol\" data-listid=\"16\" data-list-defn-props=\"{&quot;335552541&quot;:1,&quot;335559684&quot;:-2,&quot;335559685&quot;:720,&quot;335559991&quot;:360,&quot;469769226&quot;:&quot;Symbol&quot;,&quot;469769242&quot;:[8226],&quot;469777803&quot;:&quot;left&quot;,&quot;469777804&quot;:&quot;\uf0b7&quot;,&quot;469777815&quot;:&quot;multilevel&quot;}\" aria-setsize=\"-1\" data-aria-posinset=\"5\" data-aria-level=\"1\"><h4><span data-contrast=\"none\">Quick Rice<\/span><span data-ccp-props=\"{&quot;134233117&quot;:true,&quot;134233118&quot;:true}\">\u00a0<\/span><\/h4><\/li><\/ul><ul><li data-leveltext=\"\uf0b7\" data-font=\"Symbol\" data-listid=\"16\" data-list-defn-props=\"{&quot;335552541&quot;:1,&quot;335559684&quot;:-2,&quot;335559685&quot;:720,&quot;335559991&quot;:360,&quot;469769226&quot;:&quot;Symbol&quot;,&quot;469769242&quot;:[8226],&quot;469777803&quot;:&quot;left&quot;,&quot;469777804&quot;:&quot;\uf0b7&quot;,&quot;469777815&quot;:&quot;multilevel&quot;}\" aria-setsize=\"-1\" data-aria-posinset=\"1\" data-aria-level=\"1\"><h4><span data-contrast=\"none\">Whole Grain Pasta<\/span><span data-ccp-props=\"{&quot;134233117&quot;:true,&quot;134233118&quot;:true}\">\u00a0<\/span><\/h4><\/li><li data-leveltext=\"\uf0b7\" data-font=\"Symbol\" data-listid=\"16\" data-list-defn-props=\"{&quot;335552541&quot;:1,&quot;335559684&quot;:-2,&quot;335559685&quot;:720,&quot;335559991&quot;:360,&quot;469769226&quot;:&quot;Symbol&quot;,&quot;469769242&quot;:[8226],&quot;469777803&quot;:&quot;left&quot;,&quot;469777804&quot;:&quot;\uf0b7&quot;,&quot;469777815&quot;:&quot;multilevel&quot;}\" aria-setsize=\"-1\" data-aria-posinset=\"2\" data-aria-level=\"1\"><h4><span data-contrast=\"none\">Ground Beef<\/span><span data-ccp-props=\"{&quot;134233117&quot;:true,&quot;134233118&quot;:true}\">\u00a0<\/span><\/h4><\/li><li data-leveltext=\"\uf0b7\" data-font=\"Symbol\" data-listid=\"16\" data-list-defn-props=\"{&quot;335552541&quot;:1,&quot;335559684&quot;:-2,&quot;335559685&quot;:720,&quot;335559991&quot;:360,&quot;469769226&quot;:&quot;Symbol&quot;,&quot;469769242&quot;:[8226],&quot;469777803&quot;:&quot;left&quot;,&quot;469777804&quot;:&quot;\uf0b7&quot;,&quot;469777815&quot;:&quot;multilevel&quot;}\" aria-setsize=\"-1\" data-aria-posinset=\"3\" data-aria-level=\"1\"><h4><span data-contrast=\"none\">Chicken\u202f<\/span><span data-ccp-props=\"{&quot;134233117&quot;:true,&quot;134233118&quot;:true}\">\u00a0<\/span><\/h4><\/li><li data-leveltext=\"\uf0b7\" data-font=\"Symbol\" data-listid=\"16\" data-list-defn-props=\"{&quot;335552541&quot;:1,&quot;335559684&quot;:-2,&quot;335559685&quot;:720,&quot;335559991&quot;:360,&quot;469769226&quot;:&quot;Symbol&quot;,&quot;469769242&quot;:[8226],&quot;469777803&quot;:&quot;left&quot;,&quot;469777804&quot;:&quot;\uf0b7&quot;,&quot;469777815&quot;:&quot;multilevel&quot;}\" aria-setsize=\"-1\" data-aria-posinset=\"4\" data-aria-level=\"1\"><h4><span data-contrast=\"none\">Pork<\/span><span data-ccp-props=\"{&quot;134233117&quot;:true,&quot;134233118&quot;:true}\">\u00a0<\/span><\/h4><\/li><li data-leveltext=\"\uf0b7\" data-font=\"Symbol\" data-listid=\"16\" data-list-defn-props=\"{&quot;335552541&quot;:1,&quot;335559684&quot;:-2,&quot;335559685&quot;:720,&quot;335559991&quot;:360,&quot;469769226&quot;:&quot;Symbol&quot;,&quot;469769242&quot;:[8226],&quot;469777803&quot;:&quot;left&quot;,&quot;469777804&quot;:&quot;\uf0b7&quot;,&quot;469777815&quot;:&quot;multilevel&quot;}\" aria-setsize=\"-1\" data-aria-posinset=\"5\" data-aria-level=\"1\"><h4><span data-contrast=\"none\">Fish<\/span><span data-ccp-props=\"{&quot;134233117&quot;:true,&quot;134233118&quot;:true}\">\u00a0<\/span><\/h4><\/li><li data-leveltext=\"\uf0b7\" data-font=\"Symbol\" data-listid=\"16\" data-list-defn-props=\"{&quot;335552541&quot;:1,&quot;335559684&quot;:-2,&quot;335559685&quot;:720,&quot;335559991&quot;:360,&quot;469769226&quot;:&quot;Symbol&quot;,&quot;469769242&quot;:[8226],&quot;469777803&quot;:&quot;left&quot;,&quot;469777804&quot;:&quot;\uf0b7&quot;,&quot;469777815&quot;:&quot;multilevel&quot;}\" aria-setsize=\"-1\" data-aria-posinset=\"1\" data-aria-level=\"1\"><h4><span data-contrast=\"none\">Vegetables<\/span><span data-ccp-props=\"{&quot;134233117&quot;:true,&quot;134233118&quot;:true}\">\u00a0<\/span><\/h4><\/li><\/ul>"},"elements":[],"isInner":false,"widgetType":"text-editor","elType":"widget"}],"isInner":false,"elType":"container"}],"isInner":false,"elType":"container"},{"id":"11fc9577","settings":{"flex_direction":"column"},"elements":[{"id":"4b698795","settings":[],"elements":[{"id":"463a8d38","settings":{"editor":"<p><span class=\"TextRun SCXW158239004 BCX0\" lang=\"EN-US\" xml:lang=\"EN-US\" data-contrast=\"none\"><span class=\"NormalTextRun CommentStart SCXW158239004 BCX0\" data-ccp-parastyle=\"Normal (Web)\">Prepare lunches for school the night before, so your kids will have a healthy lunch ready to go the next morning. <\/span><span class=\"NormalTextRun SCXW158239004 BCX0\" data-ccp-parastyle=\"Normal (Web)\">Any way to stay on top of snacks and meals will add to your and your family's meal planning success.<\/span><\/span><span class=\"EOP SCXW158239004 BCX0\" data-ccp-props=\"{&quot;134233117&quot;:true,&quot;134233118&quot;:true}\">\u00a0<\/span><\/p>"},"elements":[],"isInner":false,"widgetType":"text-editor","elType":"widget"}],"isInner":false,"elType":"container"}],"isInner":false,"elType":"container"},{"id":"4a80bed0","settings":{"flex_direction":"column"},"elements":[{"id":"2141db90","settings":[],"elements":[{"id":"6a90f71b","settings":{"title":"7.\u202fGet familiar with nutrition "},"elements":[],"isInner":false,"widgetType":"heading","elType":"widget"},{"id":"6f110571","settings":{"editor":"<p><span data-contrast=\"none\">One crucial step to meal prep is learning about nutrition and how it can benefit your health. Ensuring each family member receives the correct amount of nutrients can become time-consuming. We get it!<\/span><span data-ccp-props=\"{&quot;134233117&quot;:true,&quot;134233118&quot;:true}\">\u00a0<\/span><\/p><p><span data-contrast=\"none\">Understand the basics of each food group. Learn about the nutritional benefits they provide. This will lead to more successful eating habits in the long run.<\/span><span data-ccp-props=\"{&quot;134233117&quot;:true,&quot;134233118&quot;:true}\">\u00a0<\/span><\/p>"},"elements":[],"isInner":false,"widgetType":"text-editor","elType":"widget"}],"isInner":false,"elType":"container"}],"isInner":false,"elType":"container"},{"id":"48bffbd5","settings":{"flex_direction":"column"},"elements":[{"id":"23b63f7f","settings":[],"elements":[{"id":"23e788e5","settings":{"title":"6.\u202f\u202fUse a family meal planner "},"elements":[],"isInner":false,"widgetType":"heading","elType":"widget"},{"id":"79d790c0","settings":{"editor":"<p><span data-contrast=\"none\">Gather\u202f<\/span><a href=\"https:\/\/emeals.com\/meal-plans\/\"><span data-contrast=\"none\">inspiration online<\/span><\/a><span data-contrast=\"none\">\u202fto store in one spot to eliminate last-minute meal decision-making. Any meal prep resource that can help you stay organized is a must.<\/span><span data-ccp-props=\"{&quot;134233117&quot;:true,&quot;134233118&quot;:true,&quot;335559738&quot;:0,&quot;335559739&quot;:0}\">\u00a0<\/span><\/p><p><span data-contrast=\"none\">Try using a\u202f<\/span><a href=\"https:\/\/emeals.canto.com\/pdfviewer\/viewer\/viewer.html?share=share%2Calbum%2CNLM7E&amp;column=document&amp;id=ic3il55t015ot8m7gc45u0lu3h&amp;suffix=pdf&amp;print=1\"><span data-contrast=\"none\">free meal planning template<\/span><\/a><span data-contrast=\"none\">\u202fto get your weeks written down. Place your template in the kitchen where the entire family can see it. Encourage your children and other family members to write down food and snack ideas during the week for you to consider the following week.<\/span><span data-ccp-props=\"{&quot;134233117&quot;:true,&quot;134233118&quot;:true,&quot;335559738&quot;:0,&quot;335559739&quot;:0}\">\u00a0<\/span><\/p><p><span data-contrast=\"none\">A weekly visual family meal planner will lower the chaos and confusion around what to eat at mealtime.<\/span><span data-ccp-props=\"{&quot;134233117&quot;:true,&quot;134233118&quot;:true}\">\u00a0<\/span><\/p>"},"elements":[],"isInner":false,"widgetType":"text-editor","elType":"widget"}],"isInner":false,"elType":"container"}],"isInner":false,"elType":"container"},{"id":"4d268d72","settings":{"flex_direction":"column"},"elements":[{"id":"4b261c98","settings":{"boxed_width":{"unit":"%","size":90,"sizes":[]},"boxed_width_laptop":{"unit":"%","size":"","sizes":[]},"boxed_width_tablet":{"unit":"%","size":"","sizes":[]},"boxed_width_mobile":{"unit":"%","size":"","sizes":[]}},"elements":[{"id":"23a9d5b3","settings":{"title":"Here are some nutritional questions to consider.\u00a0","header_size":"h3","align":"left","typography_typography":"custom","typography_font_family":"Poppins","typography_font_size":{"unit":"px","size":20,"sizes":[]},"typography_font_size_mobile":{"unit":"px","size":22,"sizes":[]},"typography_font_weight":"600","typography_text_transform":"none","typography_text_decoration":"none","typography_line_height":{"unit":"em","size":1.6,"sizes":[]},"typography_letter_spacing":{"unit":"px","size":0,"sizes":[]},"__globals__":{"typography_typography":""}},"elements":[],"isInner":false,"widgetType":"heading","elType":"widget"},{"id":"64a338db","settings":{"editor":"<ul><li><h4>Are there specific food groups you would like to focus on?\u00a0<\/h4><\/li><li><h4>Is each family member currently getting enough nutrients?\u00a0<\/h4><\/li><li><h4>Do you want to introduce new food groups?\u00a0<\/h4><\/li><li><h4>How many fruits and veggies does your family get each week?\u00a0<\/h4><\/li><\/ul>"},"elements":[],"isInner":false,"widgetType":"text-editor","elType":"widget"},{"id":"6a5395da","settings":{"editor":"<p><span data-contrast=\"none\">Gaining knowledge of food and nutrition is a great way to start planning weekly breakfast, lunch, and dinner.<\/span><span data-ccp-props=\"{&quot;134233117&quot;:true,&quot;134233118&quot;:true}\">\u00a0<\/span><\/p><p><span data-contrast=\"none\">We know planning weekly meals for your family is hard. This complete guide to weekly meal planning for a family will prepare you with tips and resources to make this process quick and easy.<\/span><span data-ccp-props=\"{&quot;134233117&quot;:true,&quot;134233118&quot;:true}\">\u00a0<\/span><\/p><p><span data-contrast=\"none\">From deciding on family food preferences to organizing kitchen spaces and determining the amount of time and money you have, meal prep can be fun as you follow this beginner's guide to meal planning an entire week for your family.<\/span><span data-ccp-props=\"{&quot;134233117&quot;:true,&quot;134233118&quot;:false,&quot;335559739&quot;:0}\">\u00a0<\/span><\/p>"},"elements":[],"isInner":false,"widgetType":"text-editor","elType":"widget"}],"isInner":false,"elType":"container"}],"isInner":false,"elType":"container"},{"id":"6815a89a","settings":{"flex_direction":"column"},"elements":[{"id":"13557e53","settings":[],"elements":[{"id":"104ae6c5","settings":{"editor":"<p><span data-contrast=\"none\">One crucial step to meal prep is learning about nutrition and how it can benefit your health. Ensuring each family member receives the correct amount of nutrients can become time-consuming. We get it!<\/span><span data-ccp-props=\"{&quot;134233117&quot;:true,&quot;134233118&quot;:true}\">\u00a0<\/span><\/p><p><span data-contrast=\"none\">Understand the basics of each food group. Learn about the nutritional benefits they provide. This will lead to more successful eating habits in the long run.<\/span><span data-ccp-props=\"{&quot;134233117&quot;:true,&quot;134233118&quot;:true}\">\u00a0<\/span><\/p>"},"elements":[],"isInner":false,"widgetType":"text-editor","elType":"widget"}],"isInner":false,"elType":"container"}],"isInner":false,"elType":"container"},{"id":"6de55002","settings":{"content_width":{"unit":"px","size":1140,"sizes":[]},"background_background":"classic","border_border":"none","border_width":{"unit":"px","top":"0","right":"0","bottom":"0","left":"0","isLinked":true},"border_radius":{"unit":"px","top":"3","right":"3","bottom":"3","left":"3","isLinked":true},"padding":{"unit":"px","top":"5","right":"5","bottom":"5","left":"5","isLinked":true},"__globals__":{"border_color":"globals\/colors?id=42c0f4b","background_color":""},"border_color":"#99CA3C"},"elements":[{"id":"4b8b2c16","settings":{"_column_size":100,"_inline_size":null},"elements":[{"id":"4696cf3d","settings":[],"elements":[],"isInner":false,"widgetType":"spacer","elType":"widget"},{"id":"37881f01","settings":{"title":"Share with others","align":"center","title_color":"#99CA3C","_border_border":"none","__globals__":{"typography_typography":"globals\/typography?id=primary","title_color":"globals\/colors?id=primary"},"__dynamic__":[],"header_size":"h3"},"elements":[],"isInner":false,"widgetType":"heading","elType":"widget"},{"id":"e3258cb","elType":"widget","settings":{"share_buttons":[{"_id":"76eac17","__dynamic__":[]},{"button":"twitter","_id":"b65550b"},{"_id":"a87ef5c","button":"pinterest"},{"_id":"7e72c35","button":"email"}],"skin":"framed","shape":"rounded","alignment":"center","column_gap":{"unit":"px","size":2,"sizes":[]},"row_gap":{"unit":"px","size":5,"sizes":[]},"button_size":{"unit":"px","size":0.85,"sizes":[]},"icon_size":{"unit":"em","size":2.5,"sizes":[]},"button_height":{"unit":"em","size":4.6,"sizes":[]},"border_size":{"unit":"px","size":0,"sizes":[]},"color_source":"custom","primary_color":"#303C4B","secondary_color":"#FFFFFF","typography_typography":"custom","typography_font_size":{"unit":"px","size":11,"sizes":[]},"typography_font_size_mobile":{"unit":"px","size":20,"sizes":[]},"typography_font_weight":"600","typography_text_transform":"none","typography_letter_spacing":{"unit":"px","size":0,"sizes":[]},"typography_word_spacing":{"unit":"em","size":"","sizes":[]},"_transform_scale_popover_hover":"transform","_transform_scale_effect_hover":{"unit":"px","size":1,"sizes":[]},"_transform_transition_hover":{"unit":"px","size":2639,"sizes":[]},"motion_fx_transform_x_anchor_point":"center","motion_fx_transform_y_anchor_point":"center","__globals__":{"primary_color":"globals\/colors?id=secondary","secondary_color":"globals\/colors?id=b97fcda","typography_typography":"","primary_color_hover":"globals\/colors?id=42c0f4b","secondary_color_hover":"globals\/colors?id=b97fcda"},"typography_line_height":{"unit":"em","size":1.2,"sizes":[]},"__dynamic__":{"_element_id":"[elementor-tag id=\"abc8116\" name=\"shortcode\" settings=\"%7B%7D\"]","_css_classes":"[elementor-tag id=\"eb5dfdb\" name=\"shortcode\" settings=\"%7B%7D\"]","_attributes":"[elementor-tag id=\"6f571fb\" name=\"featured-image-data\" settings=\"%7B%22attachment_data%22%3A%22src%22%7D\"]"},"_border_border":"none"},"elements":[],"widgetType":"share-buttons"},{"id":"864b205","settings":[],"elements":[],"isInner":false,"widgetType":"spacer","elType":"widget"}],"isInner":false,"elType":"column"}],"isInner":false,"elType":"section"},{"id":"2552de8a","settings":{"flex_direction":"column"},"elements":[{"id":"dc8c9db","settings":{"boxed_width":{"unit":"%","size":71,"sizes":[]},"boxed_width_laptop":{"unit":"%","size":"","sizes":[]},"boxed_width_tablet":{"unit":"%","size":"","sizes":[]},"boxed_width_mobile":{"unit":"%","size":"","sizes":[]}},"elements":[{"id":"50418983","settings":[],"elements":[],"isInner":false,"widgetType":"spacer","elType":"widget"},{"id":"7e94ad95","settings":{"image":{"url":"https:\/\/emeals.com\/meal-planning\/wp-content\/uploads\/2023\/05\/Meal-planning-made-easy-with-eMeals.webp","id":1869,"size":"","alt":"showing a picture of emeals of meal planning made easy from eMeals","source":"library"},"width":{"unit":"%","size":100,"sizes":[]}},"elements":[],"isInner":false,"widgetType":"image","elType":"widget"},{"id":"4cef1a4f","settings":{"text":"View All Things Meal Planning  ","link":{"url":"https:\/\/www.emeals.com","is_external":"on","nofollow":"","custom_attributes":"title | eMeals home page"},"align":"center"},"elements":[],"isInner":false,"widgetType":"button","elType":"widget"}],"isInner":false,"elType":"container"},{"id":"100ea3db","settings":[],"elements":[],"isInner":false,"widgetType":"spacer","elType":"widget"}],"isInner":false,"elType":"container"},{"id":"2c71e851","settings":{"flex_direction":"row","min_height":{"unit":"px","size":490,"sizes":[]},"flex_justify_content":"center","flex_align_items":"flex-start","background_background":"classic","background_image":{"url":"","id":"","size":"large","alt":"showing a picture of emeals of eMeals Best Meal Planning App","source":"library"},"background_position":"center center","background_repeat":"no-repeat","background_size":"contain","boxed_width":{"unit":"%","size":68,"sizes":[]},"boxed_width_laptop":{"unit":"%","size":"","sizes":[]},"boxed_width_tablet":{"unit":"%","size":"","sizes":[]},"boxed_width_mobile":{"unit":"%","size":"","sizes":[]}},"elements":[{"id":"20c56147","settings":{"content_width":"full","width":{"unit":"%","size":82},"flex_justify_content":"center","flex_align_items":"center","background_background":"classic","_flex_align_self":"center","__globals__":{"background_color":""},"flex_direction":"row","background_image":{"url":"","id":"","size":"","alt":"showing a picture of emeals of eMeals taco recipe | the best meal planner app","source":"library"},"background_size":"initial","_flex_size":"none","_element_width":"initial"},"elements":[{"id":"4eede87f","settings":{"content_width":"full","width":{"unit":"%","size":33,"sizes":[]},"flex_justify_content":"center","flex_align_items":"center","background_background":"classic","_flex_align_self":"center","__globals__":{"background_color":"globals\/colors?id=b97fcda"}},"elements":[{"id":"6a7d907c","settings":{"image":{"url":"https:\/\/emeals.com\/meal-planning\/wp-content\/uploads\/2023\/01\/influencer-image-1.jpeg","id":436,"size":"","alt":"eMeals customer and her daughter holding a walmart bag for eMeals","source":"library"},"_box_shadow_box_shadow_type":"yes","_box_shadow_box_shadow":{"horizontal":-5,"vertical":5,"blur":20,"spread":2,"color":"rgba(76.5, 76.5, 76.5, 0.5)"}},"elements":[],"isInner":false,"widgetType":"image","elType":"widget"}],"isInner":false,"elType":"container"},{"id":"716d15a7","settings":{"content_width":"full","width":{"unit":"%","size":33,"sizes":[]},"flex_justify_content":"center","flex_align_items":"center","background_background":"classic","_flex_align_self":"center","__globals__":{"background_color":"globals\/colors?id=b97fcda"}},"elements":[{"id":"57377f6","settings":{"image":{"url":"https:\/\/emeals.com\/meal-planning\/wp-content\/uploads\/2023\/01\/323073470_687971473041740_3083981506158491857_n.jpg","id":405,"size":"","alt":"eMeals customer holding several walmart bags for eMeals","source":"library"},"_padding":{"unit":"px","top":"0","right":"0","bottom":"0","left":"0","isLinked":true},"_element_width":"initial","_element_custom_width":{"unit":"%","size":100},"_flex_align_self":"center","_flex_size":"none","_box_shadow_box_shadow_type":"yes","_box_shadow_box_shadow":{"horizontal":2,"vertical":2,"blur":21,"spread":1,"color":"rgba(0,0,0,0.5)"}},"elements":[],"isInner":false,"widgetType":"image","elType":"widget"}],"isInner":false,"elType":"container"},{"id":"15d456da","settings":{"content_width":"full","width":{"unit":"%","size":33,"sizes":[]},"flex_justify_content":"center","flex_align_items":"center","background_background":"classic","_flex_align_self":"center","__globals__":{"background_color":"globals\/colors?id=b97fcda"}},"elements":[{"id":"6e6f8f3f","settings":{"image":{"url":"https:\/\/emeals.com\/meal-planning\/wp-content\/uploads\/2023\/02\/IMG_20221207_082735-1.jpg","id":595,"size":"","alt":"eMeals customer and her baby holding a walmart bag for eMeals","source":"library"},"_box_shadow_box_shadow_type":"yes","_box_shadow_box_shadow":{"horizontal":5,"vertical":5,"blur":20,"spread":2,"color":"rgba(91.8, 91.8, 91.8, 0.5)"}},"elements":[],"isInner":false,"widgetType":"image","elType":"widget"}],"isInner":false,"elType":"container"}],"isInner":false,"elType":"container"}],"isInner":false,"elType":"container"},{"id":"6d2ea68b","settings":{"flex_direction":"column","background_background":"classic","__globals__":{"background_color":"globals\/colors?id=b97fcda"}},"elements":[{"id":"1a4bea26","settings":{"flex_align_items":"center"},"elements":[{"id":"33f7b04a","settings":[],"elements":[],"isInner":false,"widgetType":"spacer","elType":"widget"},{"id":"54ab039d","settings":{"title":"Frequently Asked Questions","align":"center","__globals__":{"typography_typography":"globals\/typography?id=secondary"}},"elements":[],"isInner":false,"widgetType":"heading","elType":"widget"},{"id":"576d7363","settings":{"tabs":[{"tab_title":"Who benefits from meal planning?","tab_content":"<p>Everyone needs weekly menu planning, especially busy moms and families, to simplify life and save time. Meal planning also benefits busy families who want to save money and time. eMeals eliminates the stress of deciding what to make for dinner.<\/p><p>We offer access to thousands of recipes and custom grocery lists. These recipes are easy to follow. This will help you plan simple, healthy menus that can be made quickly with a few ingredients.<\/p><p>Our grocery shopping partners and delivery\/pickup options make it easy to get all your ingredients. They can be delivered right to your door. It has never been simpler.<\/p><p>eMeals helps you plan easy and nutritious dishes. You don't need to use many ingredients or spend long hours in the kitchen. Because meal planning doesn't need to be stressful or time-consuming! Our meal planner app will take care of the meal planning so you can focus on the things that matter most.<\/p>","_id":"8ff1400"},{"tab_title":"What does your meal plan app offer?","tab_content":"<p>Our meal prep app offers busy moms and families a complete end-to-end solution for stress-free weekly meals. It features 15 weekly meal plans that make grocery store shopping, cooking, and eating simple and enjoyable every day of the week.<\/p><p>This diet plan app is easy to use. It includes grocery pickup or delivery options. These options make weekly meal planner tasks quick and stress-free.<\/p><p>Plus, we offer free meal prep resources to help you save time in the kitchen. Our diet plans are specifically curated by our in-house expert chefs of registered dietitians. With eMeals, you can experience true meal planning success with minimal effort!<\/p>","_id":"aade254"},{"_id":"89d2cc5","tab_title":"How can our meal planner help you and your family?","tab_content":"<p>We want meals to be more fun for you and your loved ones. Which is why eMeals takes on the hard work that comes with weekly menu organization.<\/p><h3>Common questions our meal planning service helps answer include:<\/h3><ul><li><h4>What should I make for dinner?<\/h4><\/li><li><h4>What ingredients do I need to buy?<\/h4><\/li><li><h4>How do I plan meals and grocery shop efficiently?<\/h4><\/li><li><h4>Where can I find recipe ideas for my diet plan?<\/h4><\/li><\/ul><p>With eMeals, you can worry less about having healthy meals for your family. Our meal plans provide you with easy-to-follow recipes and shopping lists, making meal planning stress free.<\/p><p>We also offer free resources such as our weekly meal plan template and custom 7-day diet plan PDFs. These offer tips for streamlining and simplifying your meal prep process.<\/p>"},{"_id":"17bf4e7","tab_title":"How do I choose meals my family will enjoy?","tab_content":"<p>At eMeals, we understand how difficult it can be to please everyone in the family at breakfast, lunch, and dinner - that's why we've created a selection of 15 meal plans for you to choose from. Each plan includes weekly meals, grocery lists, recipes, and more \u2013 all specifically designed with busy families in mind.<\/p><p>They are also updated weekly with new and exciting meal inspiration. Whether you're looking for healthy options to lose weight or classic favorites to please picky eaters, eMeals makes meal planning easy and fun!<\/p>"},{"_id":"10139b2","tab_title":"Can I plan meals to meet my diet goals?","tab_content":"<p>Absolutely! Our meal plans are designed to help you reach your diet goals. Whether you want to eat healthier, save money, gluten-free, or even go fully plant-based, we have meal plans that fit your needs.<\/p><p>We also provide nutritional information on all our meals and recipes so you can keep track of your progress. Plus, our flexible search features allow you to customize each of our ingredients for an even more tailored result.<\/p>"},{"_id":"f584be4","tab_title":"Is your meal planning service affordable?","tab_content":"<p>It is! Our meal planning service is designed to be affordable for busy moms and families. With our 7-day free trial, you can try out our meal planning app before committing to a full subscription. Plus, you'll never have to worry about hidden or extra fees with eMeals\u2014our pricing breaks down everything you get in one simple, easy-to-understand payment plan.<\/p><p>Pay as low as $4.99 a month for a 12-month subscription. You can also select a 3-month subscription for $35.99. Our customers tell us that they save an average of $2,000 yearly on food costs! But if you\u2019re unsure whether eMeals is a good fit, you can <strong>try it FREE<\/strong> for 14 days to see for yourself!<\/p>"},{"_id":"c668328","tab_title":"Where can I find and download your meal planning app?","tab_content":"<p>Our meal planning app is available on any mobile device (iOS and Android) or desktop. Simply search for \"eMeals\" in your <a href=\"https:\/\/apps.apple.com\/us\/app\/emeals-meal-planning-grocery\/id575756462\" target=\"_blank\" rel=\"noopener noreferrer\">App Store<\/a> or <a href=\"https:\/\/play.google.com\/store\/apps\/details?id=com.emeals&amp;hl=en\" target=\"_blank\" rel=\"noopener noreferrer\">Google Play<\/a>, download the free app, and start planning your meals today. Don't forget to explore all of the amazing meal prep resources we offer too!<\/p>"}],"title_html_tag":"h2","faq_schema":"yes","icon_space":{"unit":"px","size":0,"sizes":[]},"_attributes":"title | eMeals frequently asked questions for meal planning made easy","__globals__":{"title_typography_typography":"globals\/typography?id=primary","content_typography_typography":"globals\/typography?id=text","icon_color":"globals\/colors?id=secondary","icon_active_color":"globals\/colors?id=42c0f4b","title_color":"globals\/colors?id=secondary"}},"elements":[],"isInner":false,"widgetType":"accordion","elType":"widget"},{"id":"42d911c0","settings":[],"elements":[],"isInner":false,"widgetType":"spacer","elType":"widget"}],"isInner":false,"elType":"container"}],"isInner":false,"elType":"container"},{"id":"4c4db916","settings":{"content_position":"middle","background_background":"classic","margin":{"unit":"px","top":"","right":0,"bottom":"","left":0,"isLinked":true},"padding":{"unit":"px","top":"30","right":"0","bottom":"30","left":"0","isLinked":false},"padding_tablet":{"unit":"px","top":"30","right":"20","bottom":"30","left":"20","isLinked":false},"padding_mobile":{"unit":"px","top":"25","right":"20","bottom":"25","left":"20","isLinked":false},"html_tag":"footer","flex_direction":"column","flex_gap":{"size":50,"unit":"px"},"flex_gap_mobile":{"unit":"px","size":40,"sizes":[]},"_title":"Footer","flex_justify_content":"center","_flex_align_self":"center","__globals__":{"background_color":"globals\/colors?id=80fb6de"}},"elements":[{"id":"2ab7522b","settings":{"content_position":"middle","structure":"20","border_border":"dotted","border_width":{"unit":"px","top":"0","right":"0","bottom":"1","left":"0","isLinked":false},"border_color":"#9b9b9b","padding":{"unit":"px","top":"0","right":"0","bottom":"30","left":"0","isLinked":false},"flex_direction":"row","flex_align_items":"stretch","flex_gap":{"size":0,"unit":"px"},"content_width":"full"},"elements":[{"id":"965b956","settings":{"_column_size":50,"width":{"size":null,"unit":"%"},"width_mobile":{"size":30,"unit":"%"},"content_width":"full","flex_direction":"row","flex_justify_content":"center","flex_align_items":"center","padding":{"unit":"px","top":"0","right":"0","bottom":"0","left":"0","isLinked":true}},"elements":[{"id":"7f79a2d5","settings":{"align_items":"left","animation_line":"drop-out","animation_text":"none","color_menu_item_hover":"#000000","pointer_color_menu_item_hover":"#00ce1b","menu_typography_typography":"custom","menu_typography_font_size":{"unit":"px","size":15},"pointer_width":{"unit":"px","size":1},"color_dropdown_item":"#000000","background_color_dropdown_item":"#eaeaea","color_dropdown_item_hover":"#00ce1b","background_color_dropdown_item_hover":"#ededed","dropdown_typography_typography":"custom","dropdown_typography_font_size":{"unit":"px","size":15},"toggle_color":"#000000","toggle_color_hover":"#00ce1b","toggle_size":{"unit":"px","size":30},"toggle_border_width":{"unit":"px","size":0},"toggle_border_radius":{"unit":"px","size":0},"pointer":"none","dropdown":"mobile","menu_typography_font_size_tablet":{"unit":"px","size":13},"menu_typography_font_weight":"500","padding_horizontal_menu_item":{"unit":"px","size":0},"menu_space_between":{"unit":"px","size":31},"toggle_align":"left","full_width":"stretch","text_align":"center","dropdown_top_distance_mobile":{"unit":"px","size":40},"toggle_background_color":"rgba(0,0,0,0)","menu":"footer-menu","_attributes":"Title | meal planning footer navigation bar","menu_id":164},"elements":[],"isInner":false,"widgetType":"nav-menu","elType":"widget"}],"isInner":false,"elType":"container"}],"isInner":false,"elType":"container"},{"id":"1da67f70","settings":{"content_position":"middle","structure":"20","flex_direction":"row","flex_align_items":"center","flex_gap":{"size":0,"unit":"px"},"content_width":"full","flex_justify_content":"space-between","flex_gap_mobile":{"unit":"px","size":20,"sizes":[]},"padding":{"unit":"px","top":"0","right":"0","bottom":"0","left":"0","isLinked":true}},"elements":[{"id":"98f542d","settings":{"_column_size":50,"width":{"size":null,"unit":"%"},"content_width":"full","flex_direction":"row","flex_direction_mobile":"column","flex_justify_content":"flex-start","flex_align_items":"center","padding":{"unit":"px","top":"0","right":"0","bottom":"0","left":"0","isLinked":true},"width_laptop":{"unit":"px","size":752},"_flex_size":"none","_element_width_laptop":"initial"},"elements":[{"id":"56d73682","settings":{"title":"Copyright 2002-2023, eMeals Inc. The eMeals name and logo is a trademark of eMeals Inc. All Rights Reserved","title_color":"#54595f","typography_typography":"custom","typography_font_size":{"unit":"px","size":13},"typography_font_weight":"300","align":"left","align_mobile":"center","typography_line_height_mobile":{"unit":"px","size":19},"header_size":"p","_attributes":"Title | meal planning footer copyright"},"elements":[],"isInner":false,"widgetType":"heading","elType":"widget"}],"isInner":false,"elType":"container"},{"id":"6ef37b46","settings":{"_column_size":50,"width":{"size":null,"unit":"%"},"content_width":"full","flex_direction":"row-reverse","flex_direction_mobile":"column","flex_justify_content":"flex-start","flex_align_items":"center","padding":{"unit":"px","top":"0","right":"0","bottom":"0","left":"0","isLinked":true}},"elements":[{"id":"204ef47a","settings":{"__dynamic__":{"image":"[elementor-tag id=\"\" name=\"site-logo\" settings=\"%7B%7D\"]"},"width":{"unit":"%","size":76,"sizes":[]}},"elements":[],"isInner":false,"widgetType":"theme-site-logo","elType":"widget"}],"isInner":false,"elType":"container"}],"isInner":false,"elType":"container"}],"isInner":false,"elType":"container"}],"settings":{"template":"default","padding":{"unit":"px","top":"0","right":"0","bottom":"0","left":"0","isLinked":true},"background_background":"classic","content_wrapper_html_tag":"header","__globals__":{"background_color":"globals\/colors?id=b97fcda"}},"metadata":[]}